Region,Date,Year,Week,Total Tests,Total RSV,Test Positivity Rate,PM2.5,PM10,SO2,O3,NO2,Max.Temp,Min.Temp,Temp.Range,Avg.Temp,Prcp,RH,WS,AP
Antofagasta,2015/1/4,2015,1,3,0,0,10.771775,36.31210321,18.74658077,32.73539815,10.01866946,25.35,10.05,15.3,17.8,0,43.94791667,9.984375,884.5744792
Antofagasta,2015/1/11,2015,2,1,0,0,11.10814375,45.33091571,19.69288719,41.90310828,11.38501774,25.55,11.1,14.45,18.5,0,42.078125,10.515625,884.5888021
Antofagasta,2015/1/18,2015,3,2,0,0,12.23156708,48.56737911,21.28044025,45.38282,11.70362416,24.35,10.5,13.85,17.36875,0,42.22135417,10.22135417,885.6125
Antofagasta,2015/1/25,2015,4,3,0,0,11.18182833,35.98285375,13.66936203,37.06166132,11.6197153,24.3,10.3,14,17.41875,0,47.64583333,10.25208333,885.9791667
Antofagasta,2015/2/1,2015,5,4,0,0,11.18163944,41.95307857,18.75765502,31.84066305,13.66569309,25.4,11.5,13.9,18.63125,0,53.89322917,10.0859375,884.3809896
Antofagasta,2015/2/8,2015,6,2,0,0,11.73958971,45.06608732,16.7739271,31.34070135,12.57274546,25.75,13.15,12.6,18.8125,0,59.97135417,9.809895833,884.5575521
Antofagasta,2015/2/15,2015,7,2,0,0,12.88884704,48.56855768,20.44691697,30.24875718,16.56620856,25.5,12.65,12.85,18.725,0,63.45052083,9.190104167,885.5317708
Antofagasta,2015/2/22,2015,8,1,0,0,15.42753175,52.18607036,18.47720195,33.12897963,17.67639814,25.5,10.75,14.75,17.9375,0,55.98697917,9.723958333,885.2544271
Antofagasta,2015/3/1,2015,9,2,0,0,13.27239267,38.35013857,10.7064439,26.679569,15.14745164,25,10.3,14.7,17.61875,0,57.24479167,10.08333333,885.2315104
Antofagasta,2015/3/8,2015,10,1,0,0,13.08711025,46.41106911,12.01392665,25.0012161,16.59929245,24.5,10.2,14.3,17.09375,0,58.51460598,10.04427083,884.4630208
Antofagasta,2015/3/15,2015,11,1,0,0,15.60873542,64.12770661,17.38648973,31.56119278,20.39878161,25.45,11.7,13.75,18.35,0,60.8203125,9.651041667,882.7692708
Antofagasta,2015/3/22,2015,12,1,0,0,13.09220563,57.58063321,13.49254273,30.24908058,20.10179331,24.25,12.95,11.3,18.2375,0,67.01302083,8.630208333,885.3411458
Antofagasta,2015/3/29,2015,13,1,0,0,12.13721888,45.72961054,18.59994649,21.96191638,20.70577845,23.55,10.75,12.8,17.10625,20.65,73.8046875,8.484375,886.3677083
Antofagasta,2015/4/5,2015,14,3,0,0,13.09549773,53.04926679,20.12894427,31.124065,21.43201634,24.15,10.7,13.45,16.79375,0,52.3984375,9.174479167,885.7320313
Antofagasta,2015/4/12,2015,15,4,0,0,14.82769427,61.77758071,13.59351884,29.81798225,22.49339265,24.4,9.3,15.1,16.74375,0,48.015625,9.143229167,884.0382813
Antofagasta,2015/4/19,2015,16,2,0,0,15.61485281,59.92981214,9.98040137,26.40804898,22.60673445,23.9,10.2,13.7,16.6,0,50.52864583,8.958333333,885.9216146
Antofagasta,2015/4/26,2015,17,4,0,0,17.77704813,70.28851661,12.67837331,23.7320671,26.64300398,23.95,8.6,15.35,16.0875,0,46.98697917,9.671875,885.4916667
Antofagasta,2015/5/3,2015,18,2,1,0.5,20.87352388,76.95182964,12.70134604,22.75138723,25.68138833,24.65,9.2,15.45,15.99375,0,51.4453125,8.841145833,884.9161458
Antofagasta,2015/5/10,2015,19,5,0,0,20.072499,69.35544589,11.78971901,15.5599304,28.73441079,24.8,7.85,16.95,14.94375,0,47.85824275,9.673120471,885.4369452
Antofagasta,2015/5/17,2015,20,3,0,0,22.09141233,77.37978732,13.33548953,17.3749345,31.24758105,22.45,6.35,16.1,14.0875,0,43.3671875,9.302083333,885.4377604
Antofagasta,2015/5/24,2015,21,6,1,0.166666667,21.16588577,63.08616643,9.686790496,18.13596208,27.596191,22.3,6.7,15.6,14.225,0,44.88541667,9.661458333,887.4398438
Antofagasta,2015/5/31,2015,22,6,1,0.166666667,25.13127869,77.12057375,10.56087105,15.65143545,33.47441168,22.05,6.45,15.6,13.575,0,47.5381567,9.829483696,886.8509058
Antofagasta,2015/6/7,2015,23,6,1,0.166666667,25.1332989,84.84365875,13.1195714,11.30256785,34.84757895,25.1,5.45,19.65,13.475,0,38.44010417,10.0078125,886.4122396
Antofagasta,2015/6/14,2015,24,6,0,0,20.68497073,62.81574571,9.093244973,15.23676683,29.1163778,21.75,6.15,15.6,12.99375,0,42.51302083,10.2734375,887.0002604
Antofagasta,2015/6/21,2015,25,9,1,0.111111111,31.44909188,83.09437304,14.15501865,16.66972773,38.63170993,23,5.05,17.95,13.4109375,0,41.68340774,10.48102679,885.305878
Antofagasta,2015/6/28,2015,26,2,1,0.5,27.55606875,84.70820232,12.30128146,20.77886038,38.57552143,22.8,7.45,15.35,13.7375,0,41.77468297,10.71637228,885.9222713
Antofagasta,2015/7/5,2015,27,7,0,0,29.16439583,84.07244464,15.33605636,31.32529575,37.8450439,20.45,6.35,14.1,12.6875,0,42.75520833,9.606770833,885.5364583
Antofagasta,2015/7/12,2015,28,5,1,0.2,22.51612833,66.22373161,11.58374156,10.1364977,34.28975157,20.6,3.95,16.65,11.2875,0,42.44701087,10.15104167,886.7
Antofagasta,2015/7/19,2015,29,6,0,0,18.66843469,57.9779275,9.559963994,17.31894955,27.05492244,19.75,2.1,17.65,10.63125,0.1,41.46263587,10.44791667,887.7148438
Antofagasta,2015/7/26,2015,30,2,0,0,26.21176196,64.99648357,12.791462,16.05039223,34.17449031,22.05,4.15,17.9,11.9,0,42.953125,10.23697917,887.1606771
Antofagasta,2015/8/2,2015,31,6,2,0.333333333,19.96829802,57.22392625,10.27388804,14.70537653,27.36950648,22.85,4.5,18.35,12.7875,0,39.63020833,11.26875,885.8140625
Antofagasta,2015/8/9,2015,32,18,1,0.055555556,14.9070505,42.00078429,8.117799158,16.49225499,23.26521926,22.35,4.5,17.85,12.54375,7,45.61458333,10.3046875,884.8960938
Antofagasta,2015/8/16,2015,33,6,0,0,11.39846008,44.994885,8.082630651,18.84809194,22.35155746,19.4,3.45,15.95,10.89375,5.3,50.62239583,11.38020833,886.73125
Antofagasta,2015/8/23,2015,34,7,1,0.142857143,14.60209481,46.55667125,10.74989905,20.78113777,24.92509253,21.4,3.45,17.95,12.60625,0,46.29947917,10.4140625,886.1776042
Antofagasta,2015/8/30,2015,35,16,1,0.0625,16.38494896,51.56139089,10.61515729,13.066242,27.34562108,24.95,6.55,18.4,14.2125,0,42.53883605,11.12850996,885.782303
Antofagasta,2015/9/6,2015,36,6,0,0,15.27118623,46.9282275,12.80553943,16.94135457,26.08150391,23.1,7.65,15.45,14.6625,0,44.59375,10.21614583,886.1742188
Antofagasta,2015/9/13,2015,37,11,0,0,13.25836771,36.67237411,12.53108788,19.34777985,22.12495849,22.4,6.15,16.25,13.65,0,44.30932971,10.77060688,886.3171988
Antofagasta,2015/9/20,2015,38,5,0,0,13.74157779,39.57680786,13.33276211,19.13211125,22.18347313,23.75,7.25,16.5,14.98359375,0,40.13043478,10.89787138,885.7332541
Antofagasta,2015/9/27,2015,39,5,0,0,10.9145671,36.53976929,11.53497018,21.37262278,18.92963775,23.75,6.25,17.5,14.75,0,41.5703125,11.9765625,885.7651042
Antofagasta,2015/10/4,2015,40,9,0,0,12.61066865,34.38688339,9.05883602,20.24393473,18.21593265,23.4,6.25,17.15,14.8375,0,41.109375,10.671875,885.1333333
Antofagasta,2015/10/11,2015,41,10,1,0.1,11.33475852,33.76838821,12.06301776,23.43280083,17.21394752,23.4,6.35,17.05,14.65,0.1,44.80989583,11.52864583,886.4796875
Antofagasta,2015/10/18,2015,42,4,0,0,11.56821967,35.13537911,10.77329787,22.52561973,18.17614738,22.25,5.55,16.7,14.3625,0,41.47395833,11.359375,886.1898438
Antofagasta,2015/10/25,2015,43,9,1,0.111111111,10.24727904,34.03196429,9.519331724,17.4921572,17.95804165,22.85,9.5,13.35,16.3375,0,48.6171875,10.76822917,886.3872396
Antofagasta,2015/11/1,2015,44,9,1,0.111111111,9.097574333,34.07350875,13.46827825,28.15795658,14.38543523,23.15,7.8,15.35,16.05625,0,44.2421875,11.45572917,886.7820313
Antofagasta,2015/11/8,2015,45,5,0,0,9.90793975,35.44635446,11.24492693,31.6067885,15.05134275,22.75,5.9,16.85,14.91875,0,42.91632699,11.4453125,886.4921535
Antofagasta,2015/11/15,2015,46,5,0,0,9.354132542,30.50097339,14.60715173,30.36915875,15.01141272,24.1,7.85,16.25,16.66875,0,40.56770833,11.56487772,885.2716033
Antofagasta,2015/11/22,2015,47,4,0,0,8.564878542,31.65788625,11.98894119,31.00490925,16.79209538,23.8,8.35,15.45,16.43125,0,39.90885417,11.41666667,884.5682292
Antofagasta,2015/11/29,2015,48,9,0,0,9.485967708,32.69169143,12.7045178,29.45744025,17.76585536,23.95,8.55,15.4,16.85,0,43.66666667,11.11197917,884.3658854
Antofagasta,2015/12/6,2015,49,5,0,0,9.677589479,38.52893857,15.56816699,31.568446,13.52107586,24.35,9.2,15.15,17.3125,0,39.62760417,11.015625,884.7630208
Antofagasta,2015/12/13,2015,50,2,0,0,9.225218229,36.14346982,19.54662626,38.74198475,11.90616819,25.25,10.95,14.3,18.125,0,41.7890625,11.02864583,884.9471354
Antofagasta,2015/12/20,2015,51,2,0,0,9.337965625,36.82922107,16.11458977,36.693699,12.15645729,25,10.75,14.25,18.05390625,0,43.18874547,11.13032156,884.3850543
Antofagasta,2015/12/27,2015,52,1,0,0,9.614906042,39.74442411,15.69325299,38.77123775,12.05098918,25.25,10.6,14.65,18.45,0,41.06646286,11.18716033,883.7960145
Antofagasta,2016/1/10,2016,1,3,0,0,9.92406553,35.7050461,13.83604905,34.22945782,12.91906868,25.8,11.05,14.75,18.47272727,0,45.11036501,11.06387741,885.0566632
Antofagasta,2016/1/17,2016,2,4,0,0,8.264695313,33.84723089,11.85644386,25.30530545,11.99739355,25.5,11.3,14.2,18.425,0,44.58854167,11.1328125,885.7486979
Antofagasta,2016/1/24,2016,3,1,0,0,9.406721104,37.27431732,12.78519488,33.04688711,14.01154318,25.85,12.25,13.6,18.93125,0,47.7734375,10.89583333,885.1148438
Antofagasta,2016/1/31,2016,4,5,0,0,8.314105,31.80988875,12.98968588,31.57247135,14.95201001,26.5,12.15,14.35,18.99375,0,52.66666667,10.5078125,885.4552083
Antofagasta,2016/2/7,2016,5,4,0,0,8.70074025,36.97472786,14.52964762,35.5264945,13.10042644,26.05,11.7,14.35,19.03125,0,49.79166667,10.41927083,884.9458333
Antofagasta,2016/2/14,2016,6,1,0,0,8.881582729,37.5445925,14.57993386,37.1724535,13.28164705,26.35,12.8,13.55,19.5,0,47.76302083,10.65885417,884.6104167
Antofagasta,2016/2/21,2016,7,1,0,0,9.933591875,42.58028607,13.52119284,38.04892875,14.3171944,26.2,13,13.2,19.1375,0,52.6015625,10.60234375,882.6380208
Antofagasta,2016/2/28,2016,8,3,0,0,10.67783063,45.46986089,16.79469346,37.4039785,16.81213876,26.25,13.4,12.85,19.4625,0,62.69270833,9.307291667,883.9177083
Antofagasta,2016/3/6,2016,9,3,0,0,11.14332042,48.24916036,14.41369821,38.004694,18.75483782,26.35,11.45,14.9,18.85,0,55.0078125,9.846354167,885.2666667
Antofagasta,2016/3/13,2016,10,3,0,0,10.80329688,43.38587054,11.95602121,34.7353944,18.23040547,25.3,11,14.3,17.8625,0,55.78125,9.6484375,886.1442708
Antofagasta,2016/3/20,2016,11,4,0,0,11.22642688,46.74611304,11.5361455,36.64978275,19.79786087,25.1,12.1,13,18.23125,0,54.94791667,10.40885417,885.2033854
Antofagasta,2016/3/27,2016,12,5,0,0,13.80339425,56.46733661,14.62121891,42.0803915,20.3328909,24.7,9.3,15.4,17.2875,0,53.15625,10.02604167,884.9317708
Antofagasta,2016/4/3,2016,13,1,0,0,12.52188717,45.09794054,10.03447048,29.80986785,20.78220362,24.05,10.7,13.35,17.15,0,58.01041667,9.786458333,886.159375
Antofagasta,2016/4/10,2016,14,5,0,0,11.47474523,44.72489536,10.82967912,25.21615056,21.72585082,23.6,8.55,15.05,16.775,0,61.34114583,9.989583333,885.2992188
Antofagasta,2016/4/17,2016,15,5,0,0,12.62004452,38.02314179,10.08712502,24.85282083,21.18778589,24,8.55,15.45,15.65,0,51.53385417,9.625,885.1625
Antofagasta,2016/4/24,2016,16,3,0,0,10.15899965,35.73462518,8.981935745,28.00575915,20.24579838,22.6,7.6,15,15.06875,0.3,53.13541667,10.18489583,885.6666667
Antofagasta,2016/5/1,2016,17,6,1,0.166666667,17.77398471,61.48354411,8.316400644,28.56311308,30.42456134,23.85,6.3,17.55,14.325,0,50.640625,10.05989583,885.3059896
Antofagasta,2016/5/8,2016,18,8,1,0.125,18.65559646,52.82661393,8.564764854,27.3667891,25.69759509,22.95,8.05,14.9,14.625,0,52.94791667,9.408854167,886.0549479
Antofagasta,2016/5/15,2016,19,12,4,0.333333333,16.03977656,47.45133232,7.154203951,23.04801853,25.40709984,23.35,7.15,16.2,14.35625,0,53.45618207,9.45629529,886.0903646
Antofagasta,2016/5/22,2016,20,13,7,0.538461538,15.76925146,50.66019339,5.485982509,24.3448905,22.70566464,21.8,5.5,16.3,13.20625,0,45.7035779,10.63858696,886.1541667
Antofagasta,2016/5/29,2016,21,11,3,0.272727273,20.60531938,63.49005089,8.106327734,24.52011695,28.65930609,21.95,6.15,15.8,13.56875,0,43.421875,9.783854167,886.8861979
Antofagasta,2016/6/5,2016,22,17,6,0.352941176,14.67619167,42.23197018,6.336719883,25.61019668,22.62943005,21.6,3.8,17.8,11.30625,0,52.3828125,9.973958333,886.2489583
Antofagasta,2016/6/12,2016,23,10,3,0.3,23.54248979,60.94596786,8.93335587,25.67977055,29.2959332,23.55,4.8,18.75,11.75,0,47.41666667,10.73177083,887.5265625
Antofagasta,2016/6/19,2016,24,15,3,0.2,27.6769825,62.37595875,9.772226978,24.63250335,30.94696553,23.55,2.95,20.6,12.29375,0,46.171875,9.916666667,887.4403646
Antofagasta,2016/6/26,2016,25,11,3,0.272727273,28.41900083,65.62534946,10.50725512,24.8287459,30.6855151,19.85,2.05,17.8,10.4,2.2,47.90104167,10.02864583,886.5265625
Antofagasta,2016/7/3,2016,26,14,3,0.214285714,24.78867833,64.19092464,10.75542005,23.2327228,30.33025033,19.85,2.05,17.8,12.23125,0.1,51.96614583,9.372395833,886.1830729
Antofagasta,2016/7/10,2016,27,18,3,0.166666667,22.73522896,58.38651393,10.89373894,25.5350515,29.33760915,20.25,3.75,16.5,11.975,2.7,57.75260417,8.802083333,887.0830729
Antofagasta,2016/7/17,2016,28,14,1,0.071428571,18.29568746,48.14901196,8.920155081,29.5399293,27.63880167,19.4,3.85,15.55,10.9875,0,48.72916667,9.994791667,887.1625
Antofagasta,2016/7/24,2016,29,16,4,0.25,21.64853985,53.49372625,9.36886144,25.61888683,27.56508476,21.1,3.05,18.05,11.89375,0,41.4140625,10.40364583,887.2598958
Antofagasta,2016/7/31,2016,30,18,5,0.277777778,17.46714792,54.24076982,10.46300611,27.48749325,26.86019721,22.4,4.15,18.25,12.16875,0,43.4945567,11.046875,885.8755208
Antofagasta,2016/8/7,2016,31,11,1,0.090909091,18.81835908,53.89594839,12.33599621,24.77796965,28.63762535,21.35,5.7,15.65,12.8625,0,42.25520833,9.927864583,886.6773438
Antofagasta,2016/8/14,2016,32,14,1,0.071428571,20.59032946,50.43855482,19.16691024,21.84945648,30.41709458,20.95,5.55,15.4,12.39375,0,43.07291667,9.986979167,886.9109375
Antofagasta,2016/8/21,2016,33,13,0,0,18.30296188,44.20994661,19.3368463,27.29898658,23.61053108,22.85,5.6,17.25,13.2,0,40.25124547,11.24365942,886.1695652
Antofagasta,2016/8/28,2016,34,5,0,0,15.36897063,42.46814482,20.20243748,31.31548718,23.79350231,22.85,5.6,17.25,13.31875,0,41.69010417,11.41666667,886.1575521
Antofagasta,2016/9/4,2016,35,9,1,0.111111111,14.55778973,50.33825,18.87507278,32.88079585,22.76509296,22.5,2.3,20.2,11.3125,0,44.05598958,11.89583333,887.4966146
Antofagasta,2016/9/11,2016,36,7,0,0,17.38682977,57.37682446,26.02880715,33.5608105,27.83068364,22.25,4.6,17.65,12.75625,0,42.81770833,11.06510417,887.4299479
Antofagasta,2016/9/18,2016,37,11,0,0,17.02747165,43.09658393,15.51233733,32.33993875,22.43738347,22.5,5.9,16.6,13.70625,0,43.37239583,11.29947917,887.1148438
Antofagasta,2016/9/25,2016,38,11,0,0,15.96244394,46.62444446,21.6218427,36.28404675,22.98725643,22.5,8.65,13.85,15.01875,0,42.80729167,10.85677083,885.7575521
Antofagasta,2016/10/2,2016,39,9,0,0,12.06759758,41.95125339,16.94153963,36.6764265,19.48585526,21.8,8,13.8,14.75,0,44.13020833,11.60677083,886.3880208
Antofagasta,2016/10/9,2016,40,8,0,0,10.46568625,40.69710911,14.72502553,34.9051255,19.499636,23.9,8.35,15.55,15.09375,0,44.3515625,11.35416667,885.4609375
Antofagasta,2016/10/16,2016,41,11,0,0,10.30783694,34.426225,11.67802218,28.2500925,16.4784988,22.6,7.3,15.3,14.6875,0,43.79947917,11.27864583,885.8559896
Antofagasta,2016/10/23,2016,42,6,0,0,9.623769583,27.58150839,11.74897113,36.13768375,14.80797839,22.1,5.85,16.25,14.51875,0,44.52604167,12.6796875,885.9572917
Antofagasta,2016/10/30,2016,43,7,0,0,10.05849683,32.52330054,16.35335053,37.41834775,15.16753767,23.1,8,15.1,15.55625,0,43.21875,11.38802083,885.8950521
Antofagasta,2016/11/6,2016,44,1,0,0,10.33908771,33.57108393,14.38394402,34.487278,13.71163524,24.15,8.1,16.05,16.04375,0,42.8671875,11.63541667,885.765625
Antofagasta,2016/11/13,2016,45,1,0,0,10.02570958,38.41081214,23.39310074,37.9410185,15.21008372,23.65,10,13.65,16.80625,0,43.5234375,10.71354167,885.6117188
Antofagasta,2016/11/20,2016,46,2,0,0,11.2755375,37.77597304,19.25566274,36.54643808,14.28023031,22.05,7.95,14.1,15.5125,0,48.6015625,11.31770833,885.31875
Antofagasta,2016/11/27,2016,47,2,0,0,9.031241458,31.54785786,19.63445865,34.9657385,12.14351443,23.25,7.65,15.6,16.1375,0,43.625,11.4453125,885.3838542
Antofagasta,2016/12/4,2016,48,9,1,0.111111111,11.15810563,38.22591393,18.25139619,44.069865,13.45631738,23.6,9.85,13.75,17.15,0,45.00260417,10.9375,885.3833333
Antofagasta,2016/12/11,2016,49,2,0,0,10.07688667,32.41538375,13.13107066,38.19224273,12.88476518,23.75,9.2,14.55,16.58125,0,51.20969203,11.32238451,885.5559216
Antofagasta,2016/12/18,2016,50,2,0,0,11.47885417,39.60179018,18.61014755,40.86143198,14.58546547,24.6,9.2,15.4,17.55625,0,48.92708333,11.33359375,885.0898438
Antofagasta,2016/12/25,2016,51,6,0,0,12.4676875,37.40292107,16.05712457,38.79379,13.16547268,24.3,10.25,14.05,17.66875,0,53.31770833,10.81770833,884.4309896
Antofagasta,2016/12/31,2016,52,4,0,0,9.401073595,33.57203673,14.49826284,36.19583801,12.28489371,24.05,10.5,13.55,17.61428571,0,52.83333333,10.88988095,884.4422619
Antofagasta,2017/1/8,2017,1,4,0,0,11.5841155,37.46582825,19.36210821,38.94071705,12.80574251,25.4,11.05,14.35,18.45555556,0,53.22685185,10.69907407,884.3502315
Antofagasta,2017/1/15,2017,2,8,0,0,8.934911833,34.51640821,22.34617437,37.1341502,12.59954039,25.3,12.7,12.6,18.9875,0,61.58854167,10.08671875,884.1755208
Antofagasta,2017/1/22,2017,3,6,0,0,12.34977421,46.290015,29.07397714,50.0013248,17.29453184,27.3,13.6,13.7,20.275,0,62.82291667,9.583333333,884.5223958
Antofagasta,2017/1/29,2017,4,6,0,0,14.6450015,57.806635,26.07969427,52.61258625,16.39864099,27.55,15.1,12.45,20.55625,0.1,62.82552083,9.911458333,884.8122396
Antofagasta,2017/2/5,2017,5,3,0,0,15.46024981,50.01000946,20.6955413,47.9218481,15.29226886,26.25,12.95,13.3,20.0375,0,57.78125,10.62083333,883.9039063
Antofagasta,2017/2/12,2017,6,3,0,0,9.893773292,43.09786696,27.94934945,37.20571225,13.91643281,25.35,11.55,13.8,18.29375,0,55.21875,10.22760417,884.0028646
Antofagasta,2017/2/19,2017,7,2,0,0,8.399609833,39.81208071,17.77790749,32.98096533,13.78177933,24.65,11.55,13.1,17.925,0,62.26675725,9.545742754,885.4778646
Antofagasta,2017/2/26,2017,8,4,0,0,10.64225125,40.99155661,20.78778355,31.93219873,13.62132862,25.65,12.85,12.8,19.45625,0,58.81770833,9.502604167,884.6760417
Antofagasta,2017/3/5,2017,9,8,0,0,11.59989767,34.33465339,16.25859725,28.49557025,13.56947105,25.1,13.4,11.7,19.40625,0,62.5,9.635416667,883.9658854
Antofagasta,2017/3/12,2017,10,1,0,0,20.45630704,46.51021589,21.15080797,33.20001615,17.84819125,24.65,11.65,13,17.96875,0,57.13541667,9.7734375,883.8708333
Antofagasta,2017/3/19,2017,11,4,0,0,12.87765867,50.00749304,15.77172576,38.2262573,18.03481356,24.6,11.6,13,17.71875,0,59.14583333,9.322916667,885.2104167
Antofagasta,2017/3/26,2017,12,10,0,0,11.89690375,45.01730625,11.406081,33.89535433,19.66215249,24,10.2,13.8,16.9625,0,62.66927083,9.453125,885.7460938
Antofagasta,2017/4/2,2017,13,8,1,0.125,10.57602783,43.57232357,13.44002147,26.56804623,19.05616305,23.15,10.5,12.65,16.35625,0,62.64322917,9.661458333,885.6992188
Antofagasta,2017/4/9,2017,14,4,1,0.25,12.92009633,45.43610964,15.53716502,25.66793338,20.00235706,23,8.3,14.7,15.39375,0,55.88541667,9.6953125,885.0861979
Antofagasta,2017/4/16,2017,15,10,0,0,11.89732917,47.23498464,17.69579227,25.8474657,23.55420322,23.7,7.65,16.05,15.075,0,55.12850996,9.790987319,884.6587296
Antofagasta,2017/4/23,2017,16,19,4,0.210526316,12.75187979,41.52144554,14.65004555,22.37947845,28.37866027,23.7,8.75,14.95,15,0.1,57.84895833,10.23177083,885.4192708
Antofagasta,2017/4/30,2017,17,14,2,0.142857143,17.35104604,52.72299429,26.76163318,21.68078745,39.49131173,21.95,6.75,15.2,14.26875,0,51.3828125,9.78125,885.6773438
Antofagasta,2017/5/7,2017,18,12,2,0.166666667,19.24710542,56.71309536,14.72235919,24.0714705,26.57851998,21.7,6.7,15,13.99375,0,45.70833333,10.19270833,886.2278646
Antofagasta,2017/5/14,2017,19,11,1,0.090909091,14.96180563,41.89158196,11.06850448,15.19,23.84958354,24.2,5.5,18.7,14.575,0,55.60416667,9.901041667,886.2429688
Antofagasta,2017/5/21,2017,20,19,9,0.473684211,16.01736104,44.35772411,13.77677417,16.7825,25.8974546,20.85,3.5,17.35,12.0875,0,52.96614583,10.359375,886.1815104
Antofagasta,2017/5/28,2017,21,20,6,0.3,19.85416667,57.81937768,20.73099759,10.78,32.2661862,20.35,5.2,15.15,13.21875,0.15,57.953125,9.317708333,886.5148438
Antofagasta,2017/6/4,2017,22,19,3,0.157894737,22.54166667,63.89029429,19.15201398,16.5375,32.406829,20.5,6.9,13.6,12.89375,0,48.43489583,10.4765625,887.0984375
Antofagasta,2017/6/11,2017,23,14,6,0.428571429,21.99851192,60.75774125,21.01431579,12.6175,35.15663803,20.3,5.95,14.35,12.35,11.2,57.60416667,9.197916667,886.9526042
Antofagasta,2017/6/18,2017,24,14,3,0.214285714,16.81547625,53.10121464,13.65237149,17.41249998,29.0044802,20.5,4.25,16.25,11.925,0,49.16145833,10.65364583,887.0875
Antofagasta,2017/6/25,2017,25,10,3,0.3,17.5,55.75968839,13.00419028,15.5575,29.81977111,20.25,4.1,16.15,11.9,0,47.43229167,10.921875,886.1117188
Antofagasta,2017/7/2,2017,26,5,1,0.2,17.66666667,52.72171,13.86378961,15.19,28.87616268,21,6.45,14.55,12.64375,0,50.19010417,10.28645833,886.959375
Antofagasta,2017/7/9,2017,27,9,1,0.111111111,20.58333333,62.03047679,13.63771464,12.985,32.67560203,20.95,5.7,15.25,12.25625,0,44.30729167,10.24739583,887.3752604
Antofagasta,2017/7/16,2017,28,10,3,0.3,16.99913194,52.23174929,11.19957539,17.885,28.2833733,22.3,6.15,16.15,12.70625,0,41.671875,11.78645833,887.7059896
Antofagasta,2017/7/23,2017,29,4,0,0,19.54166667,59.75913482,20.7281101,14.945,33.78763965,20.4,5.1,15.3,11.5875,0,43.45833333,10.98958333,887.5570313
Antofagasta,2017/7/30,2017,30,8,1,0.125,19.8125,56.75183054,17.13308758,14.455,33.08068915,21.3,5.65,15.65,12.5,0,44.29947917,11.01302083,886.7052083
Antofagasta,2017/8/6,2017,31,6,1,0.166666667,19.43402777,63.00081732,18.38342544,19.2325,32.68510073,20.35,2.5,17.85,11.8125,0,41.33276721,11.06770833,887.8408854
Antofagasta,2017/8/13,2017,32,11,0,0,15.984375,44.22557339,10.93518873,17.5175,26.32060677,21.05,2.85,18.2,11.55,0,44.17130888,11.30729167,887.2606771
Antofagasta,2017/8/20,2017,33,4,0,0,16.64285708,44.19730214,14.28868319,17.15,24.06523422,20.15,2.85,17.3,10.9625,0,41.7984375,11.45833333,887.0533854
Antofagasta,2017/8/27,2017,34,9,1,0.111111111,14.57552083,44.01741,12.20498262,23.1525,24.31060911,22.35,4.35,18,12.3,0,41.546875,11.78645833,886.4622396
Antofagasta,2017/9/3,2017,35,6,0,0,12.24404763,41.57931536,13.63325687,26.8275,23.96132745,21.95,5.6,16.35,13.58125,0,41.76041667,11.375,887.396875
Antofagasta,2017/9/10,2017,36,8,1,0.125,11.89583333,45.24788411,15.71451994,26.5825,22.68621698,21.65,5.6,16.05,13.28125,0,43.93697917,11.41145833,886.9539062
Antofagasta,2017/9/17,2017,37,13,1,0.076923077,12.66666667,42.48851911,17.95186755,28.175,21.99124125,21.1,4.5,16.6,12.99375,0,45.484375,12.11458333,887.4632813
Antofagasta,2017/9/24,2017,38,13,2,0.153846154,13.42708333,36.99681893,13.84635105,32.9525,17.57576797,21.85,7.35,14.5,14.4375,0,47.78645833,11.0625,886.7356771
Antofagasta,2017/10/1,2017,39,11,0,0,11.734375,41.64334161,16.54984128,26.95,20.97240604,23.05,7,16.05,14.0875,0,42.921875,11.49739583,885.7307292
Antofagasta,2017/10/8,2017,40,8,1,0.125,11.31956854,33.69347411,11.53542975,25.97,16.50016557,22.7,3.05,19.65,13.2875,0,43.02581522,11.89923007,886.4961617
Antofagasta,2017/10/15,2017,41,5,0,0,11.45535708,35.117135,22.33800701,31.9725,14.44053686,23,6.5,16.5,14.2625,0,42.67708333,12.140625,885.4742188
Antofagasta,2017/10/22,2017,42,11,0,0,12.09635417,38.89706089,16.26585326,31.9725,17.30782673,23.2,8.8,14.4,15.975,0,43.6576087,11.55,884.873313
Antofagasta,2017/10/29,2017,43,6,0,0,9.577505063,33.06522964,16.48356224,34.1775,13.73014431,22.7,6.35,16.35,14.63125,0.5,42.15885417,11.66145833,885.8117188
Antofagasta,2017/11/5,2017,44,2,0,0,9.675595417,30.16634518,14.28787607,25.725,15.98355097,21.3,6.35,14.95,14.0125,0,42.89322917,11.72916667,886.4966146
Antofagasta,2017/11/12,2017,45,7,0,0,9.895833333,33.12760696,15.51714593,31.2375,14.70569664,23.6,8.1,15.5,16.00625,0.1,47.35677083,11.09375,884.3651947
Antofagasta,2017/11/19,2017,46,2,0,0,9.375,34.75238625,15.52174272,34.1775,13.14590306,23.35,8.3,15.05,16.33125,0.1,47.71614583,10.71614583,884.9729167
Antofagasta,2017/11/26,2017,47,3,0,0,10.64583333,39.89474054,21.46623706,36.505,15.79631084,22.6,8.3,14.3,15.575,0,43.64583333,11.70572917,885.4317708
Antofagasta,2017/12/3,2017,48,9,0,0,11.08333333,38.49573321,13.15808614,32.095,13.80274051,23.05,8.2,14.85,16.03125,0,44.13802083,11.59895833,884.684375
Antofagasta,2017/12/10,2017,49,4,0,0,11.84635417,38.03407446,17.7631049,34.4225,14.83612411,23.5,8.2,15.3,16.95625,0,44.57552083,11.22135417,884.9611979
Antofagasta,2017/12/17,2017,50,2,0,0,10.90029771,35.03040143,18.80214172,28.616,13.51280374,24.05,9.3,14.75,17.08125,0,43.328125,11.48177083,885.1244792
Antofagasta,2017/12/24,2017,51,1,0,0,10.30357146,39.28297036,20.6219229,31.7275,14.80571593,24.05,10.85,13.2,17.9625,0,47.4453125,11.03385417,884.2109375
Antofagasta,2017/12/31,2017,52,4,0,0,10.08333333,33.18245357,18.73116502,25.725,11.91655543,24.75,10.7,14.05,17.85625,0,46.49479167,11.37760417,885.2424479
Antofagasta,2018/1/7,2018,1,2,0,0,10.35416667,32.00302679,20.31757805,29.7675,12.23973706,24.75,10.85,13.9,17.8,0,49.85677083,11.1328125,885.9184896
Antofagasta,2018/1/14,2018,2,4,0,0,9.677083333,31.76878179,17.09617015,32.095,12.21029039,24.2,10.55,13.65,17.99375,0,48.32914402,11.203125,885.1356091
Antofagasta,2018/1/21,2018,3,1,0,0,9.979166667,33.93634625,11.96963654,30.625,11.76654999,24.2,10.3,13.9,17.48125,0,45.8203125,11.1953125,884.9242188
Antofagasta,2018/1/28,2018,4,1,0,0,10.95572917,37.52588911,12.70060155,31.941875,12.2437397,24.5,10.2,14.3,18.025,0,49.80208333,10.69010417,882.7239583
Antofagasta,2018/2/4,2018,5,1,0,0,11.31770833,40.29950554,16.18859601,34.6675,13.10730137,24.15,12.5,11.65,18.775,0,55.56640625,9.565104167,882.4976563
Antofagasta,2018/2/11,2018,6,3,0,0,10.29166667,37.24236536,14.65388909,34.9125,13.3433396,24.8,13.5,11.3,18.73125,0,63.49479167,9.8359375,884.1856771
Antofagasta,2018/2/18,2018,7,1,0,0,10.67916667,38.76046286,17.01907927,36.8725,15.17238608,25.4,11.75,13.65,18.58125,0,58.89583333,9.7578125,884.7226563
Antofagasta,2018/2/25,2018,8,1,0,0,8.145833333,32.05302446,10.8570257,25.8475,13.52484972,24.35,11.6,12.75,17.90625,0,60.10416667,9.8984375,885.0304688
Antofagasta,2018/3/4,2018,9,3,0,0,10.07142856,37.56014518,12.02361435,28.91,14.36567819,24.2,10.15,14.05,17.20625,0,54.86458333,9.864583333,885.3867188
Antofagasta,2018/3/11,2018,10,6,0,0,12.56979167,43.90027643,13.28876895,30.9925,17.83816697,25.35,10.3,15.05,17.1125,0,52.53645833,10.5078125,883.9286458
Antofagasta,2018/3/18,2018,11,13,0,0,12.59201396,42.11041125,10.45402376,29.155,18.38955758,25.35,11.45,13.9,17.69375,0,50.79166667,10.4609375,884.2447917
Antofagasta,2018/3/25,2018,12,6,1,0.166666667,12.73784729,38.49375714,12.57269274,31.605,19.4582713,22.55,9.3,13.25,16.0125,0,55.96614583,10.35677083,884.5455729
Antofagasta,2018/4/1,2018,13,4,0,0,15.09895833,44.46394446,16.23825925,32.9525,21.13778904,22.75,9.65,13.1,15.91875,0,53.953125,9.875,884.3114583
Antofagasta,2018/4/8,2018,14,6,1,0.166666667,13.18229167,43.92212107,11.84744792,27.78708415,21.34430751,22.65,7.9,14.75,14.7375,0,53.09375,10.03385417,885.3179688
Antofagasta,2018/4/15,2018,15,7,1,0.142857143,12.70833333,40.56904304,15.00128496,23.56083378,23.01027974,22.1,8.6,13.5,15,0,57.78385417,9.760416667,886.2729167
Antofagasta,2018/4/22,2018,16,1,0,0,17.72916667,51.69804679,16.19746413,34.055,29.18439033,22,8.45,13.55,15.21875,0,61.7578125,9.768229167,885.4731771
Antofagasta,2018/4/29,2018,17,3,1,0.333333333,17.8125,53.76154732,19.31054167,25.8475,33.17825058,24.1,9.6,14.5,15.64375,0,54.93489583,9.591145833,886.0023438
Antofagasta,2018/5/6,2018,18,7,3,0.428571429,17.2578125,53.36787482,14.4608849,26.5825,31.24659405,22.8,6.6,16.2,14.39375,0,47.32291667,10.32552083,886.4669271
Antofagasta,2018/5/13,2018,19,8,2,0.25,16.34895833,51.33752018,17.53232409,23.6578125,28.60097228,21.7,6.45,15.25,13.2375,0,49.04427083,9.903645833,887.1234375
Antofagasta,2018/5/20,2018,20,9,2,0.222222222,21.625,55.16443554,16.96356024,19.4775,34.09364373,21.6,5.95,15.65,12.875,0,41.74705616,10.43682065,886.2731205
Antofagasta,2018/5/27,2018,21,6,0,0,25.57291667,71.88593125,24.54636653,21.56,37.96332293,21.15,4.65,16.5,12.15625,0,42.25260417,10.48177083,886.5567708
Antofagasta,2018/6/3,2018,22,10,1,0.1,20.92261917,58.75254089,13.15971635,21.07,31.2412713,19.25,4.25,15,11.7125,0,43.83333333,10.49479167,886.3289063
Antofagasta,2018/6/10,2018,23,8,1,0.125,22.9375,66.47108571,13.40186829,20.825,38.2800571,20.45,4.65,15.8,11.8,0,45.046875,10.20052083,886.525
Antofagasta,2018/6/17,2018,24,8,1,0.125,26.07775313,66.90568946,18.88052729,20.09,35.41204543,18.4,4.7,13.7,10.96875,0,52.09895833,9.255208333,887.6489583
Antofagasta,2018/6/24,2018,25,6,3,0.5,25.40364583,62.25568375,21.46380684,12.3725,35.54928425,20.4,5.95,14.45,12.29375,0,46.72395833,10.2890625,887.4190104
Antofagasta,2018/7/1,2018,26,8,2,0.25,22.10416667,57.48784768,16.05906747,12.60729171,31.35913673,19.2,4.6,14.6,11.3375,0,46.59895833,9.838541667,886.6791667
Antofagasta,2018/7/8,2018,27,6,0,0,17.72916667,44.39349196,9.19637816,18.15041659,23.86700185,20.9,5.6,15.3,12.03125,0,47.98958333,10.1328125,885.8984375
Antofagasta,2018/7/15,2018,28,5,0,0,22.60416667,62.42106054,15.39009279,14.485625,32.22875775,20.9,6.3,14.6,12.75,0,42.15104167,9.875,886.246875
Antofagasta,2018/7/22,2018,29,3,0,0,17.75260417,46.31123446,12.4543597,22.6625,26.84800975,20.7,6.15,14.55,12.2125,0.2,54.58333333,10.81770833,886.8848958
Antofagasta,2018/7/29,2018,30,11,1,0.090909091,20.5859375,63.49621018,15.53255693,23.1525,31.9813615,19.4,3.25,16.15,11.85,0.2,52.26041667,10.07291667,887.7940104
Antofagasta,2018/8/5,2018,31,17,0,0,23.96527771,61.76911786,15.72498799,19.845,33.74690358,18.5,3.8,14.7,10.71875,1.5,44.6953125,9.75,887.0304688
Antofagasta,2018/8/12,2018,32,5,0,0,20.22916667,62.1702725,16.95915479,19.9675,33.04643203,21.6,6,15.6,12.5,0,46.43229167,10.19270833,886.4302083
Antofagasta,2018/8/19,2018,33,5,0,0,16.84375,45.16457643,15.00020855,25.235,27.8612005,21.05,5.2,15.85,12.26875,0,38.28125,11.17682292,887.4429688
Antofagasta,2018/8/26,2018,34,1,0,0,17.45902771,46.676945,18.29112194,24.99,26.53044133,22.1,5.65,16.45,12.75,0,40.52083333,11.40625,886.5216146
Antofagasta,2018/9/2,2018,35,4,0,0,15.05260417,44.02664804,15.14252564,29.155,23.13712699,22.1,5.5,16.6,12.675,0,41.03645833,11.7890625,886.3721354
Antofagasta,2018/9/9,2018,36,3,0,0,17.35416667,50.12244036,21.70108698,31.115,24.38891429,23.9,5.6,18.3,13.25,0,40.0625,12.05989583,885.7932292
Antofagasta,2018/9/16,2018,37,2,0,0,15.12797604,49.35769464,21.71660475,33.4425,22.37315349,20.95,4.95,16,12.90625,0,41.57291667,11.12239583,886.2450521
Antofagasta,2018/9/23,2018,38,5,0,0,15.14583333,31.36804964,13.83394035,29.5225,17.46580419,24.3,4.95,19.35,13.8,0,42.3375,11.62239583,885.3244792
Antofagasta,2018/9/30,2018,39,3,0,0,13.52752979,32.61241,11.13762712,26.0925,19.82832405,23.35,7.45,15.9,14.7625,0,39.86979167,11.2734375,884.9606771
Antofagasta,2018/10/7,2018,40,5,0,0,15.29166667,37.19411,13.24511869,34.1775,19.3700442,23.35,7.95,15.4,15.35625,0,43.55989583,11.14166667,885.2283854
Antofagasta,2018/10/14,2018,41,9,0,0,12.16666667,32.91064304,10.18282806,36.75,17.4169961,22.15,7.15,15,14.75,0.6,49.59348958,11.24479167,887.0625
Antofagasta,2018/10/21,2018,42,6,0,0,9.8125,32.42345339,10.96289318,31.605,15.03972599,22.05,7.15,14.9,14.7375,0.2,43.09114583,11.62760417,886.1901042
Antofagasta,2018/10/28,2018,43,3,0,0,9.789930417,35.73343857,12.33279474,32.585,16.6399404,22.4,7.95,14.45,15.14375,0,42.75,11.13020833,885.7033854
Antofagasta,2018/11/4,2018,44,3,0,0,8.561259854,29.56206179,9.520175854,28.5425,14.13522039,22.95,9.3,13.65,16.00625,0.1,45.66927083,11.22395833,885.6614583
Antofagasta,2018/11/11,2018,45,3,0,0,9.000000021,32.63731054,15.4624075,32.34,15.58041658,23.45,9.35,14.1,16.48125,0,43.6875,11.42447917,884.7200521
Antofagasta,2018/11/18,2018,46,5,0,0,9.768229167,31.53097125,11.86966413,29.7675,15.23703281,23.95,8.5,15.45,16.26875,0,43.23958333,11.85677083,885.0893229
Antofagasta,2018/11/25,2018,47,6,0,0,9.020833333,34.98546,19.38732633,37.485,14.81139682,23.95,9.55,14.4,17.075,0,43.515625,11.08333333,885.1184896
Antofagasta,2018/12/2,2018,48,5,0,0,8.87202375,38.02020161,20.45500548,40.7925,12.96104606,23.1,8.55,14.55,16.4125,0,46.00520833,11.20052083,885.6588542
Antofagasta,2018/12/9,2018,49,1,0,0,8.466145833,34.10166464,9.459294833,35.59500018,12.43713401,25,8.1,16.9,16.2625,0,41.10677083,12.01302083,886.1125
Antofagasta,2018/12/16,2018,50,2,0,0,10.47916667,38.73352518,15.92834469,34.43650053,12.15067594,25.55,10.45,15.1,17.7,0,47.203125,12.05729167,885.8463542
Antofagasta,2018/12/23,2018,51,1,0,0,10.02864583,40.32298589,22.42849969,35.6965,12.29067132,24.15,9.8,14.35,16.925,0,48.34375,10.88541667,885.4710938
Antofagasta,2018/12/30,2018,52,2,0,0,10.22916667,36.13862268,16.85330122,34.9125,11.50412244,24,10.05,13.95,17.33125,0,46.96614583,11.11458333,883.4981771
Antofagasta,2019/1/6,2019,1,1,0,0,10.70833333,41.37546714,17.32843487,36.26,12.23814141,24.85,12.4,12.45,18.95625,0,49.09114583,10.1953125,883.1213542
Antofagasta,2019/1/13,2019,2,4,0,0,7.90625,30.06009304,13.14146649,26.95,10.64824715,24.2,11.25,12.95,17.5625,0,57.984375,10.3203125,886.1520833
Antofagasta,2019/1/20,2019,3,2,0,0,9.476736104,39.24274893,16.78658276,33.565,12.10995209,24.9,11.25,13.65,17.80625,0,52.86979167,11.03385417,885.3619792
Antofagasta,2019/1/27,2019,4,1,0,0,10.57916667,44.35075839,20.55812729,42.7525,14.50888919,25.6,11.9,13.7,19.3,0,50.35416667,10.4921875,884.121875
Antofagasta,2019/2/3,2019,5,3,0,0,9.5078125,42.04154821,21.02437504,43.4875,14.65689348,26,14.95,11.05,19.51875,1.5,65.83854167,9.127604167,884.2257813
Antofagasta,2019/2/10,2019,6,3,0,0,9.260416667,45.88912893,14.2702429,46.1825,14.42946601,25.55,14.15,11.4,19.425,8.1,67.3375,9.083333333,883.3474479
Antofagasta,2019/2/17,2019,7,3,0,0,9.690972208,44.31480768,12.91491771,39.445,13.54193269,25.5,12.3,13.2,18.7875,0,56.9609375,10.734375,884.3851563
Antofagasta,2019/2/24,2019,8,3,0,0,8.854166667,36.73730732,10.41540816,34.79,11.59271662,25.7,12.3,13.4,18.5875,0,55.44791667,10.41015625,884.7817708
Antofagasta,2019/3/3,2019,9,1,0,0,10.63020833,46.51793929,18.87627912,36.995,15.94350168,24.85,12.1,12.75,18.35625,0,58.8203125,9.846354167,884.9171875
Antofagasta,2019/3/10,2019,10,1,0,0,10.47916667,43.79349018,14.82140829,32.34,15.64134338,25.35,11.1,14.25,18.2625,0,54.07291667,10.63541667,884.4682292
Antofagasta,2019/3/17,2019,11,3,0,0,11.14583333,46.92377911,15.4543022,34.055,16.60404485,24.65,10.15,14.5,17.0875,0,50.90625,10.15104167,884.2138021
Antofagasta,2019/3/24,2019,12,7,1,0.142857143,12.19166667,61.06581429,20.8200432,37.73,21.77530763,24.1,9.45,14.65,16.3,0,48.7109375,10.10677083,885.3216146
Antofagasta,2019/3/31,2019,13,3,0,0,13.54717271,55.94474036,12.17401774,38.0975,27.91675051,24.45,9.65,14.8,16.95,0,50.0234375,10.046875,885.3703125
Antofagasta,2019/4/7,2019,14,4,0,0,13.96800596,49.99832304,17.93726858,37.025625,28.22885636,22.7,9.1,13.6,15.78125,0,57.94270833,9.947916667,886.0830729
Antofagasta,2019/4/14,2019,15,9,2,0.222222222,15.93452396,57.29225804,12.76699636,36.995,26.18939758,22.55,7.55,15,15.05625,0,49.140625,10.3515625,885.8677083
Antofagasta,2019/4/21,2019,16,5,0,0,17.22916667,61.58839232,14.13623702,30.5025,25.95818202,23.95,8.3,15.65,15.43125,0,41.21875,10.69791667,885.7351563
Antofagasta,2019/4/28,2019,17,7,1,0.142857143,15.9375,56.54640375,14.18532878,27.93,26.31258116,23.45,7.85,15.6,14.61875,0,51.24479167,10.5703125,885.9809896
Antofagasta,2019/5/5,2019,18,8,2,0.25,14.8359375,64.90693857,19.42008804,22.9075,25.41990546,23.45,6.7,16.75,14.95,0,44.421875,10.23958333,884.7411458
Antofagasta,2019/5/12,2019,19,5,0,0,15.72916667,57.17650589,13.608954,22.3409375,25.04089981,22.5,5.05,17.45,13.63125,0,48.6171875,10.390625,885.6789063
Antofagasta,2019/5/19,2019,20,10,2,0.2,16.66666667,66.58424393,17.3779202,25.1125,33.22761468,20.7,5.05,15.65,12.74375,0,46.125,10.30729167,886.6341146
Antofagasta,2019/5/26,2019,21,6,0,0,17.29166667,70.96023464,16.86346093,20.335,30.4422008,20.5,3.7,16.8,11.45,0,45.85416667,10.28645833,886.2742188
Antofagasta,2019/6/2,2019,22,9,0,0,16.63541667,56.73095661,10.60834168,18.9875,25.99245194,20.7,4.75,15.95,12.075,0,50.02083333,9.596354167,886.9453125
Antofagasta,2019/6/9,2019,23,9,0,0,22.16666667,68.49208857,12.3309469,15.8025,30.65829505,22.8,6.1,16.7,12.9375,0,40.04427083,11.01822917,886.6601563
Antofagasta,2019/6/16,2019,24,6,1,0.166666667,17.3125,53.05018196,12.2499053,17.7625,26.58917253,21.35,5.35,16,12.48125,0,44.13802083,10.66666667,887.1661458
Antofagasta,2019/6/23,2019,25,8,1,0.125,23.05654771,75.67377268,13.84459639,13.72,32.97267493,23.5,5.1,18.4,13.0125,0,43.1015625,11.59895833,886.2690104
Antofagasta,2019/6/30,2019,26,12,1,0.083333333,19.1875,65.9670575,12.09201878,16.7825,29.35437875,23.5,5.5,18,12.2,0,46.99739583,10.12760417,885.9059896
Antofagasta,2019/7/7,2019,27,10,1,0.1,21.55059521,67.54331982,12.91992683,14.455,49.60550258,20.45,4.75,15.7,11.83125,0,46.98958333,9.90625,886.4950521
Antofagasta,2019/7/14,2019,28,12,1,0.083333333,23.29166667,75.63640393,11.7220074,13.1075,51.55143418,20.95,4.35,16.6,12.425,0,44.55989583,10.6171875,887.2210938
Antofagasta,2019/7/21,2019,29,9,0,0,24.91666667,67.06221232,15.74495575,16.384375,52.36316648,20.65,4.35,16.3,12.06875,0,41.29166667,10.3671875,886.3375
Antofagasta,2019/7/28,2019,30,8,1,0.125,17.625,62.56739,12.78529714,18.35458329,31.41686565,19.6,0.2,19.4,10.25625,0.2,43.515625,10.46614583,887.3203125
Antofagasta,2019/8/4,2019,31,3,1,0.333333333,20.5546875,61.50548964,16.57499713,20.2125,27.81123833,23.2,3.25,19.95,11.7875,0,39.11458333,12.25,886.6635417
Antofagasta,2019/8/11,2019,32,5,0,0,18.33333333,60.04490554,10.58664628,23.38729171,25.2872213,21.6,2.55,19.05,10.55625,0,40.4375,12.1328125,887.8518229
Antofagasta,2019/8/18,2019,33,11,0,0,17.89583333,59.38880089,10.89007872,20.335,24.45888507,23.15,3.9,19.25,12.6375,0,41.484375,11.29947917,886.828125
Antofagasta,2019/8/25,2019,34,7,0,0,17.7578125,60.72095929,10.81848541,17.395,28.8197225,22.55,6.15,16.4,13.24375,0,40.64322917,10.95833333,886.9317708
Antofagasta,2019/9/1,2019,35,13,0,0,15.1875,50.62115679,13.51675677,22.1725,22.6161885,24.8,6.2,18.6,14.03125,0,41.2421875,11.8125,885.7070313
Antofagasta,2019/9/8,2019,36,11,0,0,12.33333333,47.37909786,16.57138038,27.8075,20.67597704,20.35,5.45,14.9,13.19375,0.3,44.5234375,10.13020833,886.2070313
Antofagasta,2019/9/15,2019,37,5,0,0,10.25,35.67668482,7.913097329,31.7275,15.76615776,21.2,5.1,16.1,12.9875,0.1,50.29947917,11.27083333,886.8734375
Antofagasta,2019/9/22,2019,38,1,0,0,11.16666667,33.61203911,15.36561069,32.2175,13.13814195,21.7,5.65,16.05,13.45,0,44.86197917,11.80729167,887.2351563
Antofagasta,2019/9/29,2019,39,5,0,0,11.84821429,41.92534071,11.50275254,36.3825,16.67880575,21.45,7.05,14.4,14.53125,0,44.34635417,10.79947917,887.078125
Antofagasta,2019/10/6,2019,40,7,0,0,9.604166667,34.58263464,8.280987333,34.1775,14.16926425,20.6,6.3,14.3,13.1875,0,54.09895833,11.87760417,887.0492188
Antofagasta,2019/10/13,2019,41,8,0,0,13.59375,50.34077786,14.51228488,30.2575,18.43355146,23.45,6.3,17.15,14.5125,0,41.84895833,11.22916667,884.6330729
Antofagasta,2019/10/20,2019,42,5,0,0,10.95833333,39.34952893,8.699098476,33.4425,13.56763817,22.8,7.85,14.95,15.16875,0,46.70052083,12.32291667,886.7645833
Antofagasta,2019/10/27,2019,43,3,0,0,12.625,37.66062411,10.29738395,36.6275,11.16168984,23.15,7.5,15.65,14.91875,0,44.1953125,11.81770833,886.1859375
Antofagasta,2019/11/3,2019,44,3,0,0,9.083333333,34.51833929,8.486408105,32.585,11.68437132,23.1,8.7,14.4,15.925,0,46.32291667,11.48177083,885.1278646
Antofagasta,2019/11/10,2019,45,1,0,0,9.814236104,42.17575339,18.52852931,38.465,13.45441,23.85,9.8,14.05,16.6375,0,46.01302083,10.91666667,884.1296875
Antofagasta,2019/11/17,2019,46,4,0,0,9.9453125,39.76383857,15.67422966,38.0975,10.73013701,23.85,10.25,13.6,16.9875,0,46.05729167,10.78645833,885.315625
Antofagasta,2019/11/24,2019,47,4,0,0,10.58333333,41.27092857,14.64390844,35.8925,12.16777172,24.4,10.35,14.05,17.7375,0,48.609375,10.91927083,885.1109375
Antofagasta,2019/12/1,2019,48,4,0,0,11.52864583,41.150745,13.2337641,37.3625,11.13503226,24.2,9.65,14.55,17.16875,0,48.86979167,11.734375,884.6453125
Antofagasta,2019/12/8,2019,49,5,0,0,11.29179067,38.72706143,17.94050076,39.5675,10.65319343,24.2,9.35,14.85,16.825,0,44.21614583,11.109375,885.865625
Antofagasta,2019/12/15,2019,50,8,0,0,9.120659729,35.57904946,14.50480306,37.1175,10.88367015,23.7,10.2,13.5,16.90625,0,48.94010417,11.27864583,885.4119792
Antofagasta,2019/12/22,2019,51,5,0,0,10.25,44.03543304,19.71207623,36.75,10.85327784,24.85,10.5,14.35,17.68125,0,49.15104167,11.13020833,883.9955729
Antofagasta,2019/12/29,2019,52,1,0,0,10.10416667,42.17439554,17.42587185,37.485,10.43730904,24.85,11.4,13.45,18.7,0,47.859375,11,883.7252604
Arica,2015/1/4,2015,1,2,0,0,22.7103,58.9772875,19.92194945,46.52305,3.4882695,24.4,18.7,5.7,21.425,0,65.03125,6.895833333,1007.696875
Arica,2015/1/11,2015,2,3,0,0,18.3537125,49.5718375,23.6240684,48.9099625,3.783876,25,19.7,5.3,21.6875,0,64.3125,6.40625,1007.638542
Arica,2015/1/18,2015,3,1,0,0,17.23525,45.3025,23.03750935,48.9916455,3.2726758,24.7,17.5,7.2,21.4125,0,64.03645833,6.588541667,1009.363542
Arica,2015/1/25,2015,4,1,0,0,13.8249,30.07255,24.0238018,40.411476,2.8843665,25.1,17.1,8,21.55,0,62.93229167,6.515625,1009.867708
Arica,2015/2/1,2015,5,1,0,0,17.418625,44.6603875,35.2670078,42.546308,2.87136348,26.5,18.9,7.6,22.3625,0,62.015625,5.744791667,1007.551563
Arica,2015/2/8,2015,6,3,0,0,20.7886,42.552375,33.18590905,43.543409,2.9978668,27.5,20.3,7.2,23.1,0,67.23958333,5.380208333,1007.527083
Arica,2015/2/15,2015,7,3,0,0,19.70385,48.6716,31.26872733,43.588832,2.9978668,27.7,20.7,7,23.8625,0,67.73958333,5.25,1008.483854
Arica,2015/2/22,2015,8,2,0,0,34.3646375,62.31205,18.00941495,45.551282,6.728363725,28,21,7,24.025,0,63.703125,5.9375,1008.097917
Arica,2015/3/1,2015,9,4,0,0,23.4037125,36.1496125,11.51869573,36.934387,9.9809482,27.3,20.2,7.1,23.15,0,62.5625,6.40625,1008.167188
Arica,2015/3/8,2015,10,5,0,0,24.210825,44.990075,16.56970203,38.632335,9.9809482,26.8,19.2,7.6,22.5125,0,63.02604167,6.020833333,1007.494792
Arica,2015/3/15,2015,11,4,0,0,36.1964625,59.5267375,28.8836398,16.8204554,9.4027495,27.8,19.6,8.2,23.175,0,64.0625,5.109375,1005.189063
Arica,2015/3/22,2015,12,2,0,0,38.388175,43.0230375,14.13813243,21.9187633,8.15335085,28.4,21.1,7.3,23.9375,1.8,66.36458333,5.666666667,1008.211979
Arica,2015/3/29,2015,13,2,0,0,42.7680125,34.3997875,9.233492425,20.53973425,9.1910803,29.3,17.7,11.6,24.1125,0,69.625,5.760416667,1009.626042
Arica,2015/4/5,2015,14,3,0,0,25.5350375,41.2677125,12.2566482,32.80256,8.0316608,28.7,17.7,11,22.2,0,63.88020833,5.458333333,1009.166146
Arica,2015/4/12,2015,15,4,0,0,31.46415,41.4838375,14.78441765,34.1725265,8.3754282,25.5,17.5,8,21.7875,0,64.34375,4.8125,1007.079167
Arica,2015/4/19,2015,16,2,1,0.5,28.5852,42.304175,13.74588895,32.0724845,14.41787275,26,17.5,8.5,22.225,0,67,5.302083333,1009.223438
Arica,2015/4/26,2015,17,2,0,0,26.6924625,34.64095,11.1960329,27.5490936,10.6633835,25.7,18.9,6.8,21.6125,0,66.86458333,5.041666667,1008.877083
Arica,2015/5/3,2015,18,7,0,0,42.876975,76.881725,12.03258253,29.6933875,10.3000124,24.2,15.9,8.3,20.425,0,66.18229167,4.848958333,1008.296875
Arica,2015/5/10,2015,19,7,0,0,33.6071,57.8197125,11.98709933,20.34618425,16.254057,23.6,17.1,6.5,20.7125,0,69.21875,4.786458333,1008.794271
Arica,2015/5/17,2015,20,9,1,0.111111111,29.9197875,63.746075,10.10427563,20.33108735,13.7724147,23.4,17,6.4,20.775,0,69.66145833,4.921875,1008.821875
Arica,2015/5/24,2015,21,9,3,0.333333333,24.994025,42.45627625,12.49029653,18.1146777,13.71967835,23.3,15.4,7.9,19.875,0,67.67708333,4.927083333,1011.272917
Arica,2015/5/31,2015,22,9,2,0.222222222,21.7542,64.2463875,8.728100975,12.80650525,11.9013259,23.3,14.6,8.7,19.1875,0,71.05208333,5.192708333,1011.011458
Arica,2015/6/7,2015,23,12,4,0.333333333,25.8631875,66.772925,17.50629963,6.28264035,12.2264249,21.5,14.6,6.9,18.725,0,67.10416667,4.802083333,1010.636458
Arica,2015/6/14,2015,24,10,2,0.2,32.615475,38.2725,12.35646365,11.27849905,17.4042927,22.3,13.2,9.1,18.4375,0,69.47395833,5.057291667,1011.297917
Arica,2015/6/21,2015,25,15,5,0.333333333,21.9210375,72.64008875,10.89762473,6.86552475,15.1373605,20.7,17.2,3.5,18.5,0,69.80208333,4.302083333,1009.263021
Arica,2015/6/28,2015,26,8,1,0.125,21.0806125,69.2061475,10.67831763,6.80607305,23.0758861,20.3,15,5.3,18.0625,0,70.69270833,4.533482143,1009.594048
Arica,2015/7/5,2015,27,6,3,0.5,23.34636875,62.8123375,13.1000393,7.74762275,18.6948751,20.4,16.1,4.3,17.875,0,71.359375,4.734375,1009.939583
Arica,2015/7/12,2015,28,7,3,0.428571429,20.95445,35.08054625,13.54534105,4.99250465,19.1299353,20.5,13.6,6.9,17.1375,0,70.72395833,5.385416667,1011.803125
Arica,2015/7/19,2015,29,10,2,0.2,19.0621,15.6485875,11.1098218,9.7899256,15.98299625,20.2,12.1,8.1,17.0375,0,68.41666667,5.338541667,1013.346875
Arica,2015/7/26,2015,30,7,2,0.285714286,20.8430375,28.53242,9.581585625,5.82694035,13.9335307,20.6,10.5,10.1,16.575,0,73.41666667,4.75,1012.110417
Arica,2015/8/2,2015,31,6,0,0,22.4659125,15.57340625,12.02502055,4.4264836,14.22517745,19.3,11.3,8,16.6375,0,71.5,4.697916667,1010.491146
Arica,2015/8/9,2015,32,6,1,0.166666667,27.6609375,16.2970175,12.70299369,6.79378385,13.97831935,21.5,12.9,8.6,16.775,0,75.8125,5,1009.590625
Arica,2015/8/16,2015,33,13,1,0.076923077,27.876345,14.6428,12.29114705,9.16779465,16.20039475,20.3,13.7,6.6,16.7875,0,77.515625,5.755208333,1012.889583
Arica,2015/8/23,2015,34,11,0,0,26.00908875,19.58383875,10.81874963,11.2064813,16.80884735,20,15.4,4.6,16.75,0,79.02083333,4.84375,1010.995313
Arica,2015/8/30,2015,35,12,2,0.166666667,30.09566125,20.6613875,10.9352643,8.41797705,16.003453,19.2,13.7,5.5,16.6,0,76.88541667,5.020833333,1010.248438
Arica,2015/9/6,2015,36,8,0,0,22.84781125,29.57868875,7.9474294,13.55642085,16.6002872,21,14.3,6.7,17.9125,0,77.6875,5.041666667,1010.490625
Arica,2015/9/13,2015,37,8,0,0,26.5843125,25.01095,15.3718151,18.33543985,20.18215015,20.5,16.3,4.2,17.825,0,75.109375,5.598958333,1010.992188
Arica,2015/9/20,2015,38,14,0,0,25.975575,31.45038,14.10561495,26.057661,13.5570607,21.3,15.6,5.7,18.225,0,77.47916667,5.973958333,1009.750521
Arica,2015/9/27,2015,39,8,0,0,25.1894125,21.1989625,9.769230025,25.69170205,7.6175485,21.3,14.4,6.9,18.3125,0,77.078125,6.208333333,1010.410938
Arica,2015/10/4,2015,40,3,1,0.333333333,21.5230875,16.315575,6.577546025,23.45634165,10.0427438,21.6,13.5,8.1,18.3125,0,79.61933877,5.682291667,1009.403646
Arica,2015/10/11,2015,41,7,0,0,30.900225,27.0862375,16.65683995,28.82266975,10.00994485,21.7,16.9,4.8,18.75,0,85.87250906,6.375905797,1011.215308
Arica,2015/10/18,2015,42,11,0,0,30.0499625,24.403875,18.52480825,29.6256989,11.42481405,22,16.3,5.7,18.65,0,82.96875,6.6875,1011.03125
Arica,2015/10/25,2015,43,9,0,0,24.8108375,22.9370625,8.65788825,32.06694995,12.75831215,22.1,16.3,5.8,19.125,0,90.71354167,6.291666667,1010.577604
Arica,2015/11/1,2015,44,8,0,0,25.51855,30.4290375,18.62032363,42.149016,8.30324795,22,17,5,19.3625,0,74.80208333,6.286458333,1011.405729
Arica,2015/11/8,2015,45,7,1,0.142857143,24.331725,25.13475,9.87630615,41.8497485,14.48836805,23.5,17,6.5,19.55,0,66.40104167,6.447916667,1011.459375
Arica,2015/11/15,2015,46,8,0,0,24.725225,26.0950125,25.00633128,42.154749,17.15291555,22.4,18,4.4,19.6125,0,69.74479167,6.84375,1009.530729
Arica,2015/11/22,2015,47,8,0,0,28.4791125,29.394225,30.12623048,40.026581,29.64805825,23.4,16,7.4,20.2,0,68.421875,6.744791667,1008.545313
Arica,2015/11/29,2015,48,4,0,0,20.9375625,30.5824125,17.2288187,38.6159935,30.27485166,23.8,16,7.8,20.3375,0,69.765625,6.671875,1008.174479
Arica,2015/12/6,2015,49,5,0,0,23.1664625,29.30365,28.75327188,42.4355435,6.6425805,24.7,19.3,5.4,21.15,0,67.94270833,6.760416667,1008.494271
Arica,2015/12/13,2015,50,3,0,0,25.6546625,36.0189,29.92797835,39.318923,5.9789734,25.2,17.7,7.5,21.7625,0,68.109375,6.21875,1008.597917
Arica,2015/12/20,2015,51,3,0,0,21.5099375,32.9611875,23.86650355,38.906882,5.34092725,25.3,19.6,5.7,22,0,65.53645833,6.723958333,1007.920313
Arica,2015/12/27,2015,52,2,0,0,21.87525,34.5290375,19.79269503,44.2513855,5.93681675,25.3,19.3,6,21.7875,0,66.59375,6.166666667,1006.640625
Arica,2016/1/10,2016,1,5,0,0,16.74367273,30.6224,18.67901609,35.65334437,8.662170073,26.2,18.1,8.1,22.49090909,0,68.12121212,6.189393939,1008.366667
Arica,2016/1/17,2016,2,4,1,0.25,19.9142375,34.5823125,15.59898875,41.5624125,5.0817622,26.4,20,6.4,22.65,0,67.08333333,6.145833333,1009.480729
Arica,2016/1/24,2016,3,2,0,0,33.103775,36.37295,13.49598353,41.215027,8.00901385,26.6,18.4,8.2,23.2,0,65.9375,6.244791667,1008.595833
Arica,2016/1/31,2016,4,2,0,0,27.08301125,30.7811625,18.82283587,32.3409408,8.7518418,28,19.7,8.3,23.725,0,64.65625,6.125,1008.810938
Arica,2016/2/7,2016,5,3,0,0,41.702925,34.5542125,26.33302723,36.45551,8.72289685,27.7,19.5,8.2,23.7375,0,64.578125,6.046875,1008.052083
Arica,2016/2/14,2016,6,2,0,0,40.6640625,41.2663375,21.61461683,39.011056,7.8360092,27.9,21,6.9,23.275,0.3,65.33333333,6.010416667,1007.670313
Arica,2016/2/21,2016,7,3,0,0,44.876475,45.7691875,29.68321468,42.2663465,7.07834335,28,20.9,7.1,23.7,0,66.05729167,6.098958333,1005.134896
Arica,2016/2/28,2016,8,2,0,0,55.211025,45.1576625,30.04538055,43.0165365,9.3509649,28.5,21.8,6.7,24.8375,0,69.38541667,5.3125,1006.370833
Arica,2016/3/6,2016,9,3,0,0,52.6930125,43.718825,12.91654433,45.684807,10.8881234,28.4,20.7,7.7,24.0875,0,67.578125,5.796875,1008.179167
Arica,2016/3/13,2016,10,3,0,0,34.776175,32.9188125,10.2067078,36.2984846,13.26189365,29.7,19.4,10.3,23.5875,0,65.30729167,5.552083333,1009.351042
Arica,2016/3/20,2016,11,3,0,0,30.4982625,39.632475,11.08706383,41.433175,13.4783968,27.1,19.5,7.6,22.825,0,64.3125,5.401041667,1008.456771
Arica,2016/3/27,2016,12,2,0,0,24.4779375,48.269875,12.88219613,48.368439,13.11481185,27.3,18.3,9,22.2625,0,66.97916667,5.65625,1008.161458
Arica,2016/4/3,2016,13,3,0,0,31.76855,34.1186375,8.9613563,24.6586375,14.26041335,28.3,18.3,10,22.0375,0,66.13020833,5.067708333,1009.70625
Arica,2016/4/10,2016,14,6,0,0,26.11944875,31.055375,13.57391215,21.44333345,16.10561455,26.4,18.1,8.3,21.2,0,70.61458333,4.984375,1008.958333
Arica,2016/4/17,2016,15,5,0,0,25.67215,25.57148625,12.23382473,14.09969365,13.3145078,26.9,15.4,11.5,20.3125,0,69.38541667,4.973958333,1009.058854
Arica,2016/4/24,2016,16,6,0,0,18.630825,17.08488125,8.6915225,14.95460645,11.1560516,24,15,9,19.8,0,68.95416667,5.463541667,1009.996042
Arica,2016/5/1,2016,17,6,0,0,21.182075,28.992325,5.796471625,13.6379936,15.95395965,23.7,15,8.7,19.4875,0,67.053125,5.328125,1009.70125
Arica,2016/5/8,2016,18,7,0,0,21.340175,33.6396,5.91339895,12.31547625,11.5639364,23.1,16.2,6.9,19.8875,0,69.421875,4.6875,1010.388542
Arica,2016/5/15,2016,19,7,0,0,17.8832125,22.0614375,5.3757815,8.17181085,10.96250325,25.9,14.6,11.3,19.175,0,69.5625,4.723958333,1010.280208
Arica,2016/5/22,2016,20,10,0,0,19.2212875,20.50305,6.801280925,7.82472915,10.36214875,21.7,12.5,9.2,17.6875,0,69.16145833,5.0625,1010.797917
Arica,2016/5/29,2016,21,17,1,0.058823529,20.6930625,26.418225,7.04662755,6.14778255,10.75848565,20.5,12.7,7.8,17.55,0,68.66666667,4.520833333,1011.568229
Arica,2016/6/5,2016,22,12,2,0.166666667,20.34315,18.69861625,4.32638635,8.0686144,10.93542655,20.3,12,8.3,17.175,0,71.24479167,4.833333333,1011.232813
Arica,2016/6/12,2016,23,9,3,0.333333333,23.48735,28.64335,5.560684725,6.4089746,10.5104032,20.4,14.5,5.9,17.625,0,70.3125,4.630208333,1012.735938
Arica,2016/6/19,2016,24,12,3,0.25,20.808975,32.8059125,5.911122825,4.6806417,9.1824558,22.1,13.2,8.9,17.75,0,72.015625,4.296875,1012.411979
Arica,2016/6/26,2016,25,17,8,0.470588235,26.932175,36.6643125,5.680263163,6.1715549,11.6685537,21.1,14.7,6.4,17.2875,0,69.10416667,4.6875,1012.332292
Arica,2016/7/3,2016,26,14,3,0.214285714,20.123875,32.63345,5.455524475,5.2877958,16.82509995,24.7,11.1,13.6,17.6,0,75.390625,4.609375,1010.892188
Arica,2016/7/10,2016,27,16,5,0.3125,16.08857125,25.8823,6.359857103,6.17681015,15.62460715,27.9,10.3,17.6,17.5,0,74.90625,4.401041667,1012.219792
Arica,2016/7/17,2016,28,14,8,0.571428571,19.0906125,20.913475,8.24865211,9.49700115,15.38900555,19.5,11.9,7.6,16.8625,0,73.47395833,4.3125,1012.738542
Arica,2016/7/24,2016,29,13,1,0.076923077,20.4381375,25.8689125,6.37324432,5.73546225,13.10149675,19.5,13.4,6.1,16.05,0,71.234375,4.317708333,1012.289063
Arica,2016/7/31,2016,30,19,5,0.263157895,24.5044375,19.6996775,6.4193275,9.6646473,17.9839343,21.2,11.8,9.4,16.525,0,68.890625,4.96875,1010.985938
Arica,2016/8/7,2016,31,6,2,0.333333333,25.94692375,27.728475,5.10705465,12.5605816,19.2043363,20.4,13.2,7.2,17.1,0,70.14583333,5.1875,1011.803125
Arica,2016/8/14,2016,32,11,0,0,24.6742375,33.377425,7.595605975,15.31087565,17.77008195,19.6,15.4,4.2,17.1125,0,70.734375,5.369791667,1011.942708
Arica,2016/8/21,2016,33,16,0,0,22.0636875,29.779825,5.185474525,18.84158045,20.5362599,19.3,13.8,5.5,16.9375,0,69.19791667,4.854166667,1011.03125
Arica,2016/8/28,2016,34,14,1,0.071428571,16.8510375,29.8037375,9.580910975,20.9231274,19.21801565,21.9,12.5,9.4,17.275,0,71.765625,5.291666667,1011.066146
Arica,2016/9/4,2016,35,6,0,0,22.8163,32.2726375,10.37607443,25.6177341,19.16750945,21.9,10.3,11.6,16.625,0,70.078125,6.161458333,1013.464583
Arica,2016/9/11,2016,36,6,1,0.166666667,20.1883875,37.8530625,10.05845183,32.121411,20.255261,19.3,14.3,5,16.9125,0,70.07291667,5.546875,1012.488542
Arica,2016/9/18,2016,37,12,1,0.083333333,18.93404875,32.5398375,8.808220575,28.6769952,15.7506165,20.7,10.3,10.4,16.7375,0,69.98958333,5.510416667,1012.373958
Arica,2016/9/25,2016,38,12,0,0,21.7169375,34.617875,13.05765753,38.42874,14.9291082,20.4,13.5,6.9,17.4375,0,69.49479167,5.223958333,1010.610938
Arica,2016/10/2,2016,39,9,1,0.111111111,20.2752375,20.3833075,10.37304833,35.6643315,14.2196761,20.9,16.7,4.2,18.35,0,67.609375,5.96875,1011.320833
Arica,2016/10/9,2016,40,4,0,0,15.8265875,24.24925375,17.55862103,26.85115353,12.96527195,21.7,16.9,4.8,18.575,0,67.72395833,5.875,1010.4125
Arica,2016/10/16,2016,41,5,0,0,18.8318375,13.99200625,9.349617375,19.8905455,8.350380255,21.4,16.3,5.1,18.6625,0,69.44270833,5.421875,1010.575521
Arica,2016/10/23,2016,42,8,0,0,19.8206625,12.75049375,11.74541088,33.980618,7.1298201,22.4,14.8,7.6,18.5625,0,67.54166667,6.640625,1010.940104
Arica,2016/10/30,2016,43,7,0,0,14.1721,17.687775,15.8195993,36.2078885,6.9984034,22.4,15.5,6.9,18.8625,0,66.08854167,5.953125,1010.898958
Arica,2016/11/6,2016,44,1,0,0,13.971215,22.1178125,24.58908973,36.0518235,7.0680433,22.5,15.3,7.2,19.525,0,68.09558824,5.900362319,1010.012408
Arica,2016/11/13,2016,45,4,0,0,14.464625,21.1632125,29.03488258,40.92088,7.5610263,23.8,17,6.8,20.325,0,67.18229167,5.916666667,1010.110417
Arica,2016/11/20,2016,46,1,0,0,20.655,21.073875,17.56302918,37.6077695,7.14916295,23,14.6,8.4,19.4375,0,68.390625,6.244791667,1009.895313
Arica,2016/11/27,2016,47,6,0,0,18.4235625,14.2773375,12.9261499,34.711502,7.8735528,23.6,14.2,9.4,19.425,0,64.04166667,6.229166667,1010.163542
Arica,2016/12/4,2016,48,4,0,0,21.7888,19.3373125,20.8437375,43.6482445,5.6766553,23.8,14.7,9.1,19.8609375,0,65.69791667,5.828125,1009.597396
Arica,2016/12/11,2016,49,2,0,0,21.7506625,17.1671875,17.32212018,35.4288914,5.4210881,24.3,16,8.3,20.1625,0,64.953125,6.098958333,1010.449479
Arica,2016/12/18,2016,50,5,0,0,16.752995,24.5322875,16.93118343,42.9011415,4.6396708,25.1,15.9,9.2,20.75,0,66.5,5.598958333,1009.353125
Arica,2016/12/25,2016,51,1,0,0,22.61188875,22.58675,24.64488263,44.020375,6.4767786,26.2,17.1,9.1,21.6125,0,64.68229167,5.760416667,1008.671875
Arica,2016/12/31,2016,52,6,0,0,16.59714286,12.77867143,7.711471825,33.880168,4.852314913,26.1,19,7.1,22.15714286,0,65.07738095,6.19047619,1008.359524
Arica,2017/1/8,2017,1,2,0,0,20.58297778,28.60441111,19.82876842,33.94470645,5.470294489,26.9,19.3,7.6,22.82222222,0,64.73148148,5.800925926,1008.069907
Arica,2017/1/15,2017,2,1,0,0,14.091445,23.9713875,16.45279763,57.63291555,5.4549187,27.4,20.6,6.8,23.65,0,69.13541667,5.390625,1007.755208
Arica,2017/1/22,2017,3,3,0,0,10.59112125,28.34005,18.5090424,61.13797865,4.9561829,28.4,21.6,6.8,24.6,0,68.515625,5.291666667,1008.070313
Arica,2017/1/29,2017,4,4,0,0,22.361225,35.24765,14.06238495,48.9052585,4.2721026,28.3,22.1,6.2,25.1625,0,70.24956452,6.131688963,1007.88743
Arica,2017/2/5,2017,5,3,0,0,32.088,30.09205,19.6769205,43.3501285,7.30409845,28.9,21.9,7,25.1,0,68.5625,6.151041667,1006.88125
Arica,2017/2/12,2017,6,4,0,0,25.6765875,28.9114375,24.8792711,31.639741,6.6613288,29.1,20,9.1,23.5,0,64.703125,6.208333333,1007.15625
Arica,2017/2/19,2017,7,3,0,0,34.6537,28.01265,9.51794255,27.771485,7.2466856,29.6,20.2,9.4,23.475,0,65.72395833,5.520833333,1008.998958
Arica,2017/2/26,2017,8,1,0,0,37.42597875,23.3222375,6.3040475,30.120251,7.98651495,29,19.8,9.2,23.725,0,65.17708333,5.286458333,1008.051042
Arica,2017/3/5,2017,9,3,0,0,28.3883125,22.77905,13.7749251,25.1002745,9.254092025,30,21,9,24.5375,0,66.62318841,5.417572464,1007.056816
Arica,2017/3/12,2017,10,1,0,0,24.583575,29.923125,16.90369799,29.631378,9.47766045,27.6,20.3,7.3,23.125,0,67.65625,5.786458333,1007.044792
Arica,2017/3/19,2017,11,4,2,0.5,31.8646,24.3584,13.8806683,32.068981,8.3095342,28.1,20.2,7.9,23.175,0,67.21354167,5.354166667,1008.688542
Arica,2017/3/26,2017,12,3,1,0.333333333,31.0851875,19.4325875,10.44093253,25.85148125,13.87599565,26,18.7,7.3,22.0625,0,65.08854167,5.578125,1009.471875
Arica,2017/4/2,2017,13,2,1,0.5,23.1004,20.934625,12.18502395,21.90410985,13.16026085,25.9,17.3,8.6,21.3625,0,65.36458333,5.494791667,1009.633854
Arica,2017/4/9,2017,14,6,0,0,23.39705,20.19644,13.51183125,20.2971279,15.3307843,26,16.5,9.5,20.475,0,64.10416667,5.328125,1009.156771
Arica,2017/4/16,2017,15,7,2,0.285714286,18.7101375,25.198,14.47276538,20.6365607,14.9645274,25.5,15.9,9.6,20.0375,0,66.68342391,5.447463768,1008.367935
Arica,2017/4/23,2017,16,9,4,0.444444444,31.0414625,30.63415875,18.2699412,16.41202815,17.45386595,25.4,16.4,9,20.2125,0,66.45833333,5.328125,1009.566667
Arica,2017/4/30,2017,17,6,2,0.333333333,26.9299,39.24798875,20.5712444,15.62420125,18.9011252,24.3,17,7.3,20.5875,0,68.72033514,4.817028986,1009.455548
Arica,2017/5/7,2017,18,13,5,0.384615385,19.87078125,28.0822125,17.47219378,14.7778365,18.65444335,24.4,13.3,11.1,19.575,0,65.41145833,5.197916667,1010.346875
Arica,2017/5/14,2017,19,17,8,0.470588235,18.625,10.625,18.041975,7.35,22.5647,29.4,14.9,14.5,20.7125,0,65.88541667,5.286458333,1010.5375
Arica,2017/5/21,2017,20,17,2,0.117647059,23.625,15.25,24.0909,7.105,21.91375,24.1,15.6,8.5,19.5875,0,67.640625,5.026041667,1011.044792
Arica,2017/5/28,2017,21,14,5,0.357142857,22.75,24.5,27.21525,5.145,27.4809,23,14.8,8.2,18.825,0,68,4.9375,1011.005729
Arica,2017/6/4,2017,22,4,2,0.5,27.5,27.75,23.1084,8.82,23.3825,21,17,4,18.35,0,71.68229167,4.28125,1011.808333
Arica,2017/6/11,2017,23,9,0,0,23.625,22.625,21.520025,5.635,25.2108,20.7,14.3,6.4,18.2625,1,72.21875,4.661458333,1012.116667
Arica,2017/6/18,2017,24,10,1,0.1,19.875,14.75,9.22895,6.86,22.72685,21.4,11.6,9.8,17.4375,0,70.59375,4.692708333,1011.91875
Arica,2017/6/25,2017,25,6,1,0.166666667,20.375,16.125,11.0957,3.675,24.3977,21.4,12.2,9.2,17.375,0,70.99479167,4.864583333,1010.745313
Arica,2017/7/2,2017,26,7,2,0.285714286,22,17.75,14.5148,5.88,21.3474,21.8,12.2,9.6,17.1,1.7,75.53645833,5.21557971,1011.760598
Arica,2017/7/9,2017,27,11,2,0.181818182,34.25,20.625,13.155675,4.655,21.75865,19.4,15.7,3.7,17.175,1.7,74.22395833,5.015625,1012.111979
Arica,2017/7/16,2017,28,13,2,0.153846154,15.75,20.375,15.34665,8.360625,25.71135,19.9,13.3,6.6,17.225,0,68.35416667,4.708333333,1013.014063
Arica,2017/7/23,2017,29,11,1,0.090909091,15.875,25.875,13.050875,6.615,25.59385,18.8,11.9,6.9,16.3125,0,71.55208333,5.125,1012.751042
Arica,2017/7/30,2017,30,7,1,0.142857143,24.5,30,16.4274,8.33,22.40725,20.3,12.7,7.6,16.5125,0,71.66666667,4.192708333,1011.539063
Arica,2017/8/6,2017,31,11,2,0.181818182,21.125,29.5,17.40335,9.8,26.4986,19.6,12.2,7.4,16.6125,0,68.015625,4.953125,1013.078646
Arica,2017/8/13,2017,32,12,2,0.166666667,17.875,16,16.522375,9.065,17.6344,19.4,14,5.4,16.625,0,70.00520833,5.182291667,1013.432292
Arica,2017/8/20,2017,33,5,0,0,16.125,19.125,23.760125,11.27,16.544,18.8,15,3.8,16.4,0,68.11458333,5.1875,1012.704688
Arica,2017/8/27,2017,34,4,1,0.25,18.125,15.75,18.76575,15.37375,19.36635,19.6,11.9,7.7,16.25,0,68.46354167,5.40625,1011.8375
Arica,2017/9/3,2017,35,7,1,0.142857143,17.25,16.375,22.594225,19.845,21.7046,19.8,15,4.8,16.9,0,68.92708333,5.484375,1012.882813
Arica,2017/9/10,2017,36,9,0,0,18.625,21.75,16.11955,19.11,18.2454,20.1,14.4,5.7,16.6875,0.4,73.47395833,6.734375,1012.846354
Arica,2017/9/17,2017,37,11,0,0,24,25.75,13.817225,22.785,14.6264,19.9,10.8,9.1,15.6375,0,72.05208333,5.59375,1013.622917
Arica,2017/9/24,2017,38,4,0,0,24.125,25.125,30.238075,28.818125,12.21765,19.1,10.8,8.3,16.05,0,72.71354167,5.333333333,1012.033854
Arica,2017/10/1,2017,39,8,0,0,20.5,27.625,37.0599,22.295,13.8415,19.9,10.3,9.6,16.475,0,69.296875,5.458333333,1010.867188
Arica,2017/10/8,2017,40,5,0,0,22.25,15.375,26.1607,22.54,10.60555,20,14.8,5.2,17.3,0,67.53645833,6.078125,1012.066667
Arica,2017/10/15,2017,41,7,0,0,28.25,22.5,40.731175,27.93,8.4083,19.9,15.1,4.8,16.975,0,68.97916667,5.90625,1010.854167
Arica,2017/10/22,2017,42,8,0,0,24,24,33.6801,27.685,10.79355,20.9,12.9,8,17.3,0,71.17708333,5.213541667,1009.483333
Arica,2017/10/29,2017,43,3,0,0,15.525,22.125,51.1817,31.36,9.94755,22.6,16.3,6.3,18.3625,0,67.26041667,6.338541667,1010.775521
Arica,2017/11/5,2017,44,6,0,0,16.1,18.375,22.4141,22.54,13.10595,21.1,12.3,8.8,17.2375,0,68.28645833,6.140625,1011.847396
Arica,2017/11/12,2017,45,8,0,0,14.375,24.5,40.285775,34.545,9.5927,21.9,15.9,6,18.4875,0,69.00520833,5.75,1009.565625
Arica,2017/11/19,2017,46,4,0,0,21.25,27.5,63.69875,36.995,8.95585,22.6,13.3,9.3,19.15,0,69.17708333,5.854166667,1009.926563
Arica,2017/11/26,2017,47,5,0,0,15.875,30.125,57.03085,38.22,8.9488,22.7,13.8,8.9,18.8875,0,64.73958333,5.838541667,1010.414583
Arica,2017/12/3,2017,48,1,0,0,15.75,24.875,40.541225,32.585,7.38135,23.1,13.8,9.3,18.6125,0,63.53691123,5.993432971,1009.481522
Arica,2017/12/10,2017,49,5,0,0,17.75,25.25,21.985075,38.955,5.6212,22.5,15.4,7.1,19.2125,0,66.16666667,5.802083333,1009.497917
Arica,2017/12/17,2017,50,4,0,0,16.375,25.75,19.502625,37.73,7.51295,24,15,9,19.5875,0,63.88066123,5.651947464,1010.048981
Arica,2017/12/24,2017,51,3,1,0.333333333,22.625,33,28.738125,37.73,8.5211,25,16.4,8.6,20.9375,0,63.77083333,5.442708333,1008.436458
Arica,2017/12/31,2017,52,1,0,0,12.875,27,24.696775,30.900625,6.58235,26,16.4,9.6,21.725,0,59.953125,5.489583333,1009.739583
Arica,2018/1/7,2018,1,1,0,0,12.5,33.125,24.26775,34.545,7.32495,26.5,17.4,9.1,22.025,0,61.12205616,5.60009058,1010.360439
Arica,2018/1/14,2018,2,7,0,0,17.125,20.625,17.328025,35.035,6.84085,25.6,17.2,8.4,21.7875,0,62.25520833,5.953125,1009.383333
Arica,2018/1/21,2018,3,3,0,0,18.625,25.25,10.4407,36.505,6.8573,25.1,17.9,7.2,21.275,0,60.28125,6.088541667,1009.325521
Arica,2018/1/28,2018,4,2,0,0,20.875,28.41666625,26.229475,40.67,4.949771395,25.9,18.3,7.6,21.45,0,63.53645833,5.489583333,1006.186458
Arica,2018/2/4,2018,5,2,0,0,26.625,32.16666625,24.97515,42.63,4.2441,26.8,18.5,8.3,21.9625,0,59.66666667,5.145833333,1006.250521
Arica,2018/2/11,2018,6,4,0,0,31.375,35.5,29.923675,40.18,5.39795,27.1,19.8,7.3,22.7875,0,61.91598732,5.320425725,1007.823709
Arica,2018/2/18,2018,7,2,0,0,30.125,34.375,22.849675,39.69,3.85635,27.9,19.6,8.3,23.4875,0,62.76041667,5.796875,1008.36411
Arica,2018/2/25,2018,8,4,0,0,30.875,23.375,21.3137,30.135,6.56825,27.5,19,8.5,23.2,0,58.26041667,5.359375,1008.983854
Arica,2018/3/4,2018,9,2,0,0,23.375,26.625,22.410825,32.585,4.83395,27.9,19.2,8.7,22.7125,0,59.52083333,5.411458333,1009.269792
Arica,2018/3/11,2018,10,1,0,0,44.125,35.375,12.415525,32.83,7.72915,26.2,18.3,7.9,21.7375,0,59.46354167,5.885416667,1007.517708
Arica,2018/3/18,2018,11,7,0,0,30.140625,36.875,15.552975,30.625,9.56685,25.7,18.6,7.1,21.975,0,62.05208333,4.984375,1007.915104
Arica,2018/3/25,2018,12,12,0,0,26.625,29.75,13.437325,30.625,9.4987,25.6,17.9,7.7,21.7,0,64.078125,5.5,1008.190104
Arica,2018/4/1,2018,13,3,0,0,25.625,33.75,17.65225,29.89,8.1733,25.4,18.3,7.1,21.5625,0,65.34375,5.71875,1008.058854
Arica,2018/4/8,2018,14,8,0,0,21.125,22.875,9.63505,24.255,12.3563,25,16,9,20.1625,0,63.71354167,5.276041667,1009.442708
Arica,2018/4/15,2018,15,9,0,0,19.375,23.25,14.66545,22.295,12.49025,24.3,16.3,8,20,0,63.25,5.28125,1010.458854
Arica,2018/4/22,2018,16,14,1,0.071428571,33.875,31.125,17.52125,30.135,11.9897,24.7,16.1,8.6,19.8875,0,64.234375,4.869791667,1009.34375
Arica,2018/4/29,2018,17,10,1,0.1,36.859375,30.828125,10.882825,22.785,18.2971,24.3,16.1,8.2,19.9875,0,66.60416667,5.3125,1009.8125
Arica,2018/5/6,2018,18,8,0,0,16,25.25,7.765025,20.4575,18.3817,23.8,16.7,7.1,20.025,0,62.15104167,6.057291667,1010.4625
Arica,2018/5/13,2018,19,7,0,0,15.03571375,25.125,9.93635,19.80416659,17.4934,23.1,14.8,8.3,19.5,0,65.15104167,5.828125,1011.643229
Arica,2018/5/20,2018,20,10,1,0.1,12.875,38.375,10.142675,13.23,19.3311,22.2,16.4,5.8,18.54821429,0,64.64583333,4.930932971,1010.901563
Arica,2018/5/27,2018,21,7,1,0.142857143,18.625,41.375,11.06295,17.885,21.3756,20.6,13.4,7.2,18.03392857,0,69.48120471,5.130434783,1010.985168
Arica,2018/6/3,2018,22,8,2,0.25,19,20.375,13.3489,11.851875,22.4942,23.1,16.9,6.2,18.6375,0,67.27604167,5.078125,1010.797396
Arica,2018/6/10,2018,23,6,0,0,18.625,23.5,10.889375,10.045,23.688,20.4,16,4.4,17.9875,0,72.875,4.171875,1010.671875
Arica,2018/6/17,2018,24,13,7,0.538461538,22.25,17.875,11.066225,8.78499979,21.52365,20.4,12.9,7.5,17.1875,0,73.81770833,4.302083333,1012.790625
Arica,2018/6/24,2018,25,14,10,0.714285714,20.25,25.75,11.6328,5.88,20.70115,19.6,15.4,4.2,16.75,0,70.390625,4.09375,1012.392708
Arica,2018/7/1,2018,26,29,11,0.379310345,17.375,21.375,13.522475,5.145,16.98345,19.6,13.4,6.2,16.5375,0,71.671875,4.63451087,1012.034194
Arica,2018/7/8,2018,27,17,6,0.352941176,13.125,12.734375,14.04975,5.39,18.09265,19.3,11.7,7.6,15.825,0,72.36979167,4.083333333,1010.646354
Arica,2018/7/15,2018,28,18,5,0.277777778,17.875,20.75,15.6152,6.37,21.1312,18.6,11.9,6.7,15.5875,0,72.05208333,4.140625,1010.880729
Arica,2018/7/22,2018,29,13,4,0.307692308,17.125,22.375,17.69155,12.74,18.08325,21.1,13.5,7.6,16.3,0,76.65625,4.104166667,1011.727083
Arica,2018/7/29,2018,30,23,4,0.173913043,18.625,21.375,16.31605,11.76,22.52945,18.6,14.6,4,15.925,0,77.21354167,4.458333333,1013.007813
Arica,2018/8/5,2018,31,16,0,0,15.75,25.25,15.5628,10.29,17.0892,18.2,11.5,6.7,15.4625,0,74.05729167,4.453125,1012.798438
Arica,2018/8/12,2018,32,14,2,0.142857143,16.875,25.375,16.430675,13.475,19.51205,19.6,11.5,8.1,15.675,0,73.25520833,4.848958333,1011.098438
Arica,2018/8/19,2018,33,8,0,0,16.96875,23.625,17.131525,18.375,19.54965,18.2,13.3,4.9,15.825,0,68.68229167,4.921875,1012.880729
Arica,2018/8/26,2018,34,15,2,0.133333333,14.08333375,22.875,18.592175,16.415,18.49685,18.4,14.5,3.9,16.1125,0,68.6875,5.03125,1011.821354
Arica,2018/9/2,2018,35,7,0,0,9.177083375,21.625,20.996025,18.62,18.1608,18.7,14.2,4.5,15.9875,0,69.046875,5.208333333,1011.629167
Arica,2018/9/9,2018,36,15,0,0,12.21875,26.375,22.97085,26.705,15.24915,19.6,14.4,5.2,16.275,0,70.09375,5.151041667,1010.977083
Arica,2018/9/16,2018,37,15,0,0,22,25.625,20.917425,17.395,12.9203,20,15.1,4.9,16.85,0,69.10144928,6.067028986,1011.770607
Arica,2018/9/23,2018,38,9,0,0,11.625,18.75,5.82295,11.515,8.81955,19.6,12.7,6.9,16.625,0,68.77083333,5.78125,1010.391146
Arica,2018/9/30,2018,39,7,0,0,11.5,22.25,17.675175,7.35,11.59255,20.4,12.7,7.7,17.55,0,66.67708333,5.604166667,1009.65625
Arica,2018/10/7,2018,40,10,0,0,10.75,28.375,19.581225,16.66,8.88971442,22.7,15.5,7.2,18.5625,0,68.5625,5.369791667,1009.716667
Arica,2018/10/14,2018,41,4,0,0,11.375,21.5,19.797375,15.435,9.55275,22.7,14,8.7,18.5125,0,72.21875,5.942708333,1012.089583
Arica,2018/10/21,2018,42,7,0,0,11.5,20.125,19.240625,18.62,8.554,20.9,16,4.9,17.925,0,67.51041667,5.96875,1011.550521
Arica,2018/10/28,2018,43,9,0,0,10.125,22.875,21.28095,23.275,9.61855,22,17.2,4.8,18.675,0,66.8125,5.692708333,1010.836458
Arica,2018/11/4,2018,44,6,0,0,10.875,17.015625,14.49515,18.375,9.5222,22.6,14,8.6,19.275,0,67.17708333,5.697916667,1010.543229
Arica,2018/11/11,2018,45,12,0,0,20.625,24,19.882525,24.5,12.1824,23.9,14,9.9,19.8,0,65.33333333,6.119791667,1009.30625
Arica,2018/11/18,2018,46,6,0,0,10.875,24.625,18.441525,19.6,10.35645,23.9,17.1,6.8,20.2,0,65.11458333,6.026041667,1009.833854
Arica,2018/11/25,2018,47,3,0,0,9.5,30.5,30.07105,26.705,7.74325,24.1,16.6,7.5,20.875,0,63.203125,6.4375,1009.586979
Arica,2018/12/2,2018,48,10,1,0.1,12.5,28.75,31.875575,27.685,6.58,25,16.2,8.8,21.1125,0,61.96875,6.661458333,1010.236979
Arica,2018/12/9,2018,49,10,0,0,10,21.875,10.142675,24.01,8.54225,24.2,16,8.2,20.3875,0,63.296875,6.520833333,1010.572917
Arica,2018/12/16,2018,50,2,0,0,13.25,26.125,23.864925,24.745,9.73986875,25.5,16.1,9.4,21.525,0,61.22916667,5.895833333,1010.163542
Arica,2018/12/23,2018,51,8,0,0,11.875,27.625,27.342975,23.03,5.2781,25.7,18.4,7.3,21.6,0,62.97916667,6.333333333,1009.377083
Arica,2018/12/30,2018,52,4,0,0,13,26,23.308175,21.07,5.4426,24.6,18.2,6.4,21.325,0,62.15104167,6.177083333,1007.319271
Arica,2019/1/6,2019,1,7,0,0,14.5,36.375,18.8771,25.235,5.0384,25.9,18.8,7.1,22.1,0,64.39583333,5.625,1006.636458
Arica,2019/1/13,2019,2,2,0,0,10.375,18.625,13.836875,17.885,6.89725,26.9,20.1,6.8,22.65,0,67.640625,5.765625,1010.420833
Arica,2019/1/20,2019,3,1,0,0,15.625,28.5,14.70475,24.99,5.67995,25.7,18.7,7,21.9125,0,63.63020833,5.635416667,1009.386458
Arica,2019/1/27,2019,4,4,0,0,17.60416625,32.625,21.8115,29.4,6.8573,27.2,19.9,7.3,22.975,0,64.546875,5.703125,1007.495313
Arica,2019/2/3,2019,5,1,0,0,11.21875,36.875,16.0606,29.645,7.728478605,28.4,21.6,6.8,24.5625,0.2,68.63020833,5.302083333,1007.439583
Arica,2019/2/10,2019,6,3,0,0,16.34375,31.125,13.771375,33.565,5.469625,27.8,21.4,6.4,24.025,5.6,67.02604167,5.15625,1006.213542
Arica,2019/2/17,2019,7,1,0,0,15.5,35,14.911075,28.175,4.4608875,26.7,19.2,7.5,22.725,0,66.69791667,5.880208333,1007.644271
Arica,2019/2/24,2019,8,5,0,0,13.125,25.5,19.738425,27.44,3.79525,29.1,19.2,9.9,22.55,0,64.09375,5.473958333,1008.114583
Arica,2019/3/3,2019,9,6,0,0,12.5,30.25,34.168075,32.34,8.23205,27.2,19.5,7.7,22.6375,0,62.078125,5.635416667,1008.498958
Arica,2019/3/10,2019,10,3,0,0,18.40625,28.875,29.727175,26.46,12.6148,27,19.3,7.7,22.3125,0,63.53645833,5.4375,1007.727083
Arica,2019/3/17,2019,11,2,0,0,19.125,29.125,24.853975,27.195,11.48915,27,18.4,8.6,22.2,0,66.02604167,5.463541667,1007.393229
Arica,2019/3/24,2019,12,8,1,0.125,17.625,34.32142875,33.1692,30.87,12.2059,25,16.5,8.5,20.7125,0,61.10416667,5.369791667,1009.146875
Arica,2019/3/31,2019,13,14,1,0.071428571,20.125,26.375,14.01045,30.87,14.62405,25,17.2,7.8,21.0125,0,63.32291667,5.234375,1009.071875
Arica,2019/4/7,2019,14,3,0,0,15.171875,23.5,14.170925,41.16,13.76865,25.8,17.7,8.1,21.45,0,66.53645833,5.401041667,1010.057813
Arica,2019/4/14,2019,15,4,0,0,15.5,27.25,15.055175,34.055,12.33985,24.5,15.1,9.4,20.05,0,64.33854167,5.5625,1009.8625
Arica,2019/4/21,2019,16,5,0,0,21.625,31.5,13.961325,28.175,16.03405,23.9,16.1,7.8,20.3125,0,66.55208333,4.609375,1009.631771
Arica,2019/4/28,2019,17,13,1,0.076923077,11.625,24.390625,9.350125,24.745,19.23945,24.1,16,8.1,19.7125,0,68.296875,5.078125,1010.033854
Arica,2019/5/5,2019,18,2,0,0,15.75,27.46875,9.546625,21.07,15.4912,23.4,13.5,9.9,18.675,0,67.015625,5.229166667,1008.730729
Arica,2019/5/12,2019,19,4,0,0,18.75,25.25,8.777,16.415,15.7685,23.3,13.5,9.8,18.675,0,68.140625,5.09375,1010.011979
Arica,2019/5/19,2019,20,16,2,0.125,22,40.625,9.147075,16.415,28.1389,21.6,13,8.6,17.9375,0,68.48958333,4.5,1010.947917
Arica,2019/5/26,2019,21,7,2,0.285714286,21.625,35.75,8.603425,12.495,22.29915,20.7,13,7.7,17.625,0,69.55208333,4.286458333,1011.369271
Arica,2019/6/2,2019,22,12,2,0.166666667,14.65625,22.375,4.267325,9.31,17.8318,21.5,12.8,8.7,17.95,0,67.31567029,5.028306159,1012.170652
Arica,2019/6/9,2019,23,14,2,0.142857143,18,21.875,4.974725,8.189999895,16.11865,20.3,11.8,8.5,17.175,0,67.82540761,4.498414855,1011.406567
Arica,2019/6/16,2019,24,17,4,0.235294118,12.0625,14.9375,5.19415,11.27,19.7682,19.8,11.8,8,16.9,0,71.2495471,4.631793478,1012.224864
Arica,2019/6/23,2019,25,21,1,0.047619048,12.1,21.25,5.957225,6.86,24.59745,19.2,11.9,7.3,16.5625,0,71.36979167,4.25,1010.742188
Arica,2019/6/30,2019,26,20,6,0.3,13.6,16.875,6.697375,8.575,14.241,20.6,13.9,6.7,17.1,0,68.51041667,4.171875,1010.957813
Arica,2019/7/7,2019,27,28,3,0.107142857,15.625,21.25,8.708225,15.19,21.0372,19.1,11.8,7.3,16.1625,0,73.92185441,4.260746047,1011.286794
Arica,2019/7/14,2019,28,18,2,0.111111111,16.5,21.703125,5.773825,18.375,20.24525,19.3,14.7,4.6,16.3875,0,69.19791667,4.25,1012.08125
Arica,2019/7/21,2019,29,9,1,0.111111111,19.25,26.125,8.67875,23.03,20.39095,18.8,13.8,5,16.25,0,69.93115942,4.198822464,1011.290716
Arica,2019/7/28,2019,30,11,0,0,13.8958325,19.75,10.319525,18.13,22.9877,18.8,12.4,6.4,15.5375,0,71.11979167,5.609375,1013.799479
Arica,2019/8/4,2019,31,11,1,0.090909091,15.625,25.375,11.537825,23.275,18.84465,18.3,11.8,6.5,15.175,0,66.72395833,4.921875,1011.899479
Arica,2019/8/11,2019,32,9,1,0.111111111,16.625,26,12.314,26.215,18.29945,18.2,9.3,8.9,15.325,0,68.97916667,4.786458333,1013.607813
Arica,2019/8/18,2019,33,14,0,0,15,21.125,6.369875,19.201875,16.3466,17.8,11.5,6.3,15.4125,0,70.42708333,4.71875,1011.840625
Arica,2019/8/25,2019,34,9,0,0,15.125,25,6.382975,19.845,20.75755,18.2,14.5,3.7,15.896875,0,69.31076389,4.951041667,1011.958333
Arica,2019/9/1,2019,35,13,1,0.076923077,15.875,22.875,9.25515,24.745,13.43495,19.3,13.7,5.6,16.4,0,68.609375,5.140625,1010.449479
Arica,2019/9/8,2019,36,15,0,0,11.5,21.25,6.42800625,26.705,18.74595,19.7,14.9,4.8,16.6875,0.4,73.128125,6.015625,1011.562917
Arica,2019/9/15,2019,37,14,0,0,9.4375,16.625,12.13960625,31.6400007,12.2388,19.2,14.2,5,16.2,0,71.45833333,5.276041667,1012.742708
Arica,2019/9/22,2019,38,7,1,0.142857143,11,29.375,21.63465,39.445,7.96415,19.7,12.4,7.3,15.8375,0,69.69157609,5.227128623,1012.917142
Arica,2019/9/29,2019,39,15,0,0,13.390625,20.375,11.446125,41.405,11.0685,19.7,12,7.7,16.0625,0,70.63632246,5.114809783,1012.331409
Arica,2019/10/6,2019,40,11,0,0,15.765625,20.25,14.170925,37.24,12.29285,19.8,12.4,7.4,16.5125,0,71.48784722,6.324652778,1012.915278
Arica,2019/10/13,2019,41,5,0,0,11,32.125,12.251775,34.3,10.84995,20.5,11.9,8.6,16.1625,0,69.35748106,5.237689394,1009.696023
Arica,2019/10/20,2019,42,10,0,0,11.5,23.125,12.80525,34.6675,12.1542,21.8,12.1,9.7,17.65,0,68.52793561,5.578598485,1012.111695
Arica,2019/10/27,2019,43,11,0,0,12.21875,22.625,12.5629,33.6875,8.291471395,20.3,14.8,5.5,17.075,0,67.265625,5.75,1011.407292
Arica,2019/11/3,2019,44,3,0,0,12.0625,20.375,11.2529,39.2,9.9264,21.6,14.5,7.1,18.4875,0,63.90625,5.651041667,1010.135938
Arica,2019/11/10,2019,45,4,0,0,13.25,35.25,15.35975,48.02,8.32135,22.2,16.9,5.3,19.0875,0,68.52740036,5.964673913,1008.48202
Arica,2019/11/17,2019,46,1,0,0,17.65625,29.6428575,14.210225,47.53,6.248985815,23.5,15.6,7.9,19.6875,0,65.77083333,5.354166667,1009.934375
Arica,2019/11/24,2019,47,1,0,0,11.21875038,28.75,14.56065,45.325,9.694085815,24.5,15.3,9.2,20.6,0,64.91145833,5.552083333,1009.659896
Arica,2019/12/1,2019,48,1,0,0,13.625,37.875,19.325775,44.345,10.2742,24,15.7,8.3,20.3375,0,65.88541667,5.6875,1009.021354
Arica,2019/12/8,2019,49,1,0,0,14.125,26.625,17.91425,44.59,4.35925,24.7,15.9,8.8,20.825,0,64.94270833,5.354166667,1010.068229
Arica,2019/12/15,2019,50,1,0,0,10.375,26.375,18.873825,38.955,5.065201045,24.8,16.4,8.4,20.875,0,62.97291667,5.757291667,1009.890208
Arica,2019/12/22,2019,51,3,0,0,12.25,33.375,21.64775,39.445,3.809126045,25.1,16.2,8.9,20.7625,0,63.22916667,5.614583333,1008.039583
Arica,2019/12/29,2019,52,1,0,0,15.625,28.125,22.260175,39.445,4.6342,25.3,17.8,7.5,21.55,0,62.77604167,5.598958333,1007.513021
Atacama,2015/1/4,2015,1,5,0,0,11.45311125,53.3242,4.0271889,50.209516,17.2548421,22.9,12.3,10.6,16.925,0,64.92788462,7.685897436,992.0294872
Atacama,2015/1/11,2015,2,4,0,0,9.596008125,65.9584875,3.266972975,49.377741,19.718474,22.5,12.3,10.2,16.8125,0.2,74.3357428,7.081075686,992.0502185
Atacama,2015/1/18,2015,3,1,0,0,11.158095,66.7590625,3.739116625,51.150365,18.6994341,22.4,15,7.4,17.425,0,70.82045895,7.188664889,993.7348006
Atacama,2015/1/25,2015,4,1,0,0,11.18395813,62.8138625,2.639674235,39.299372,15.7431388,25.6,12.2,13.4,18.2875,0,62.77003205,7.943108974,994.0193109
Atacama,2015/2/1,2015,5,1,0,0,11.42868125,60.345925,2.7733224,45.7848895,17.47886055,25.5,14.5,11,18.7875,0,63.86698718,7.342948718,991.7303686
Atacama,2015/2/8,2015,6,1,0,0,11.61553875,54.3080875,2.76529865,44.561482,17.41293835,25.5,14.1,11.4,18.425,0,65.40487637,7.220581502,992.003869
Atacama,2015/2/15,2015,7,3,0,0,12.94402938,40.24618375,2.7617551,46.2305445,22.62116345,26.5,15.9,10.6,19.675,0,62.32085623,7.535119048,993.1215614
Atacama,2015/2/22,2015,8,1,0,0,12.71668313,43.9507625,2.646360475,44.61352,20.35703245,25.1,14.7,10.4,19,0,62.50240385,7.935897436,992.9994391
Atacama,2015/3/1,2015,9,2,0,0,10.53499688,46.7442875,2.626926625,30.2885415,14.1611369,25.8,13.5,12.3,18.5,0,59.29567308,8.256410256,993.2387019
Atacama,2015/3/8,2015,10,4,0,0,9.600013438,43.3818875,2.64332455,33.877228,22.26639335,24.2,13.8,10.4,18.025,0.4,68.19688645,7.362637363,992.1423535
Atacama,2015/3/15,2015,11,2,0,0,10.92493813,59.15575,2.844556925,50.602202,35.4409375,24.9,13.6,11.3,18.8375,0,66.59294872,7.332371795,989.6046955
Atacama,2015/3/22,2015,12,1,0,0,11.65322313,51.5444125,2.9556875,45.8889655,40.3332145,27.1,16.4,10.7,19.7125,0,66.99439103,6.980769231,992.7669872
Atacama,2015/3/29,2015,13,1,0,0,9.638016875,59.45344,2.63817756,35.1277619,34.112271,27.4,15.4,12,19.9125,9.2,70.31650641,6.563701923,994.175414
Atacama,2015/4/5,2015,14,1,0,0,12.055855,55.03090875,2.725078375,32.719113,40.111539,24,11.8,12.2,17.7,0,77.98958333,5.276041667,993.7630208
Atacama,2015/4/12,2015,15,1,0,0,10.25588125,44.421735,2.727207125,33.69504845,44.3008135,24,13.8,10.2,17.625,0,75.11485746,6.225877193,991.5423794
Atacama,2015/4/19,2015,16,3,0,0,12.21965375,39.7466225,2.753950775,28.62278895,39.132858,23.4,12.2,11.2,16.825,0,70.67028463,5.912293662,993.9256172
Atacama,2015/4/26,2015,17,1,0,0,13.53954563,35.4243625,3.564290575,26.5353718,56.31634,22.7,10.3,12.4,15.825,0,67.00137363,6.56456044,993.7008242
Atacama,2015/5/3,2015,18,2,0,0,23.32744375,35.3493625,3.51391125,28.755503,52.821467,22.7,9.7,13,16.1,0,70.43709936,5.790722299,992.7520633
Atacama,2015/5/10,2015,19,1,0,0,15.5403125,52.55690125,3.514621925,17.8729313,58.557864,22.2,8.3,13.9,14.4625,0,72.98608059,6.196474359,993.2054945
Atacama,2015/5/17,2015,20,3,0,0,19.4171375,48.687525,4.0939072,18.7443816,67.870021,22.2,8.3,13.9,14.6265625,0,72.95787546,5.589514652,993.2382898
Atacama,2015/5/24,2015,21,2,0,0,13.89040938,50.5019,2.881950875,21.0191821,55.4795755,20,7.8,12.2,14,0,74.76706681,5.300605644,995.9278161
Atacama,2015/5/31,2015,22,3,1,0.333333333,19.4198875,43.7890625,3.1542573,18.04844685,70.5212675,22.3,6.3,16,12.725,0,77.94698474,4.754484646,995.686185
Atacama,2015/6/7,2015,23,2,0,0,16.42264688,45.1248625,3.0281698,16.14907455,75.0207185,19.2,5.9,13.3,12.5625,0,77.71999199,6.841866987,994.5344431
Atacama,2015/6/14,2015,24,3,0,0,15.24947,45.40505,2.957871925,19.96321495,51.887107,19.8,5.9,13.9,12.5,0,72.8525641,5.727564103,995.6897436
Atacama,2015/6/21,2015,25,5,1,0.2,20.62294375,44.1593875,4.2866999,19.51683475,96.2810745,20,4.5,15.5,11.7375,0,68.71699863,6.187248168,993.3799834
Atacama,2015/6/28,2015,26,1,1,1,16.171285,47.9620375,3.396217575,15.0196858,91.5497725,20,7.2,12.8,12.971875,0,73.01442308,6.222351056,993.8979515
Atacama,2015/7/5,2015,27,5,2,0.4,22.1445,43.83095,4.174586825,17.1201394,92.2066445,17,5.7,11.3,11.8796875,0,75.62010747,5.270361991,994.4268646
Atacama,2015/7/12,2015,28,6,2,0.333333333,16.33817,42.6245,3.03248625,19.0423212,71.836445,19,6.7,12.3,11.975,13.6,77.04887821,5.465086996,995.8347403
Atacama,2015/7/19,2015,29,11,5,0.454545455,14.65775,44.2263125,3.16577875,22.0803653,50.9464255,22.2,6.7,15.5,12.25,14.4,77.26918498,6.260416667,997.7169597
Atacama,2015/7/26,2015,30,11,6,0.545454545,17.3857725,39.4439125,4.27354095,14.9062557,75.630802,21.9,8,13.9,12.6625,0,77.07552083,6.581730769,996.2635617
Atacama,2015/8/2,2015,31,9,5,0.555555556,11.83577625,53.5115,3.564709775,10.96857405,53.62183,24.6,7.9,16.7,12.525,0,76.1640625,8.536057692,994.328726
Atacama,2015/8/9,2015,32,11,8,0.727272727,11.18088563,53.014175,2.89115035,21.58805005,46.9568305,24.6,8.3,16.3,13.1375,8,79.26716079,8.181356838,992.8277911
Atacama,2015/8/16,2015,33,16,8,0.5,9.741895188,34.190525,2.943535613,18.9679343,42.5183385,18.4,7.5,10.9,12.3546875,4,78.73217147,6.3046875,997.5851162
Atacama,2015/8/23,2015,34,13,10,0.769230769,13.494985,37.7937,3.30944645,20.53066435,44.154103,20.3,7.4,12.9,12.9,0,70.18349359,7.543154762,995.1708476
Atacama,2015/8/30,2015,35,6,4,0.666666667,12.82719438,49.6064,3.334208725,17.0834972,52.9774365,27.8,7.5,20.3,13.8375,0,70.58653846,7.527586996,993.8524725
Atacama,2015/9/6,2015,36,2,1,0.5,10.25242938,53.41935,3.901635225,13.08003305,46.63492515,19.3,9.9,9.4,14.1,0,71.40533425,6.543498168,994.6239698
Atacama,2015/9/13,2015,37,17,10,0.588235294,10.60492469,44.6595,3.16055185,17.3539478,38.17410265,25.1,6.5,18.6,14.05,0.2,63.39871795,7.528525641,995.2276603
Atacama,2015/9/20,2015,38,9,6,0.666666667,13.75891063,38.57045,3.2585333,19.17530475,41.5563895,20.9,6.5,14.4,13.1875,0,72.10024442,7.743697479,993.9169118
Atacama,2015/9/27,2015,39,4,2,0.5,8.207896875,45.12075,2.994267,19.5428562,34.1020015,20.9,7.1,13.8,13.5125,0,65.72787048,8.496382447,995.0244238
Atacama,2015/10/4,2015,40,3,0,0,7.202255625,36.405775,3.105168325,18.44588585,33.2095608,22.2,8.4,13.8,14.525,0,71.27083333,7.825721154,993.1875534
Atacama,2015/10/11,2015,41,3,0,0,8.633929563,41.58873125,3.279974725,25.907035,27.7886513,22.6,9.1,13.5,14.0765625,0,65.73580586,9.945741758,995.5965201
Atacama,2015/10/18,2015,42,1,0,0,8.081527688,37.9206125,3.118717,27.65607285,32.382859,22.5,8.7,13.8,14.1375,0.4,64.69611378,9.006209936,995.2774439
Atacama,2015/10/25,2015,43,1,0,0,6.64292125,41.2431,3.1056956,26.0719347,27.06991555,22.9,10,12.9,15.275,0.4,62.68635531,8.425595238,994.6828984
Atacama,2015/11/1,2015,44,4,0,0,8.297375625,48.282125,3.2177923,27.8782315,16.3119046,22.8,10.2,12.6,15.4375,0,67.76742216,8.63489011,995.536582
Atacama,2015/11/8,2015,45,2,0,0,8.2362725,45.026275,3.1430699,25.5448025,13.5020425,21.4,10.2,11.2,15.4375,0,60.74629121,8.462362637,995.7798443
Atacama,2015/11/15,2015,46,4,0,0,6.03859625,45.5804125,3.563642125,24.54623395,18.683064,21.9,8.6,13.3,15.375,0,65.13786058,9.155288462,993.9152444
Atacama,2015/11/22,2015,47,3,0,0,7.79661875,41.026575,3.074095125,30.713347,16.6217615,22.1,11.1,11,15.625,0,65.76067422,8.70260989,992.8367006
Atacama,2015/11/29,2015,48,2,0,0,7.693920625,47.874975,3.702102575,29.7808035,16.9216074,24.8,11.8,13,16.7359375,0,60.97267628,9.334855769,992.2302284
Atacama,2015/12/6,2015,49,2,0,0,9.97293375,43.5512125,3.6170803,34.1444005,20.2437742,21.7,13.5,8.2,16.3875,0,68.22219551,8.626322115,993.0091186
Atacama,2015/12/13,2015,50,1,0,0,8.31760875,44.6518,4.11272535,38.7377095,19.0840022,24.2,12.4,11.8,17.1,0,66.1510989,7.708791209,993.0136676
Atacama,2015/12/20,2015,51,1,0,0,8.032849375,47.2381375,3.7613899,34.920389,20.184667,24.2,11.7,12.5,16.92678571,0,66.03265485,7.961340743,992.8592193
Atacama,2015/12/27,2015,52,1,0,0,7.421328125,39.7185125,4.0532579,38.2832345,14.8380403,23,14,9,16.8546875,0,68.32948718,7.977724359,991.2763622
Atacama,2016/1/10,2016,1,1,0,0,4.556746364,50.71994545,3.443220674,30.12792618,16.22653004,25.7,12.6,13.1,18.58977273,0,62.496115,7.898212898,992.7739472
Atacama,2016/1/17,2016,2,1,0,0,4.3905975,44.760675,4.0029408,34.392071,13.36308606,25,15.7,9.3,19.3125,0,64.1525641,8.885897436,993.577484
Atacama,2016/1/24,2016,3,1,0,0,4.41146375,47.4614375,4.0052202,32.568879,15.52458904,25.6,14.9,10.7,19.975,0,60.74626966,8.196435305,992.7484035
Atacama,2016/1/31,2016,4,1,0,0,4.36843225,42.4314625,3.98541955,25.17120935,26.3938229,27.3,16.2,11.1,20.75,0,59.76736111,8.072115385,993.1462073
Atacama,2016/2/7,2016,5,1,0,0,7.000916,36.3227375,3.721811525,30.5848445,25.2754015,27,16.5,10.5,20.5625,0,57.98530085,7.72014046,992.7496877
Atacama,2016/2/14,2016,6,1,0,0,7.6585815,35.540525,3.9730204,31.0215325,27.307094,25.1,16.5,8.6,19.7375,0,64.10237557,7.911929676,992.1743955
Atacama,2016/2/21,2016,7,1,0,0,6.85382375,43.222725,4.08999685,32.569859,27.564701,26.5,15.6,10.9,19.4046875,0.2,66.55406746,7.75339591,989.4633547
Atacama,2016/2/28,2016,8,4,0,0,6.824835625,40.216,3.83374775,32.4651215,33.22195,28.2,16.1,12.1,20.25,0,65.88795457,6.686134331,991.2187273
Atacama,2016/3/6,2016,9,1,0,0,9.511765,47.741675,4.31295885,36.8031405,39.159037,24.8,15.1,9.7,18.9625,0.2,69.6161859,7.073717949,993.2729167
Atacama,2016/3/13,2016,10,1,0,0,8.88986875,38.565725,3.959930225,29.735405,39.345251,25.6,13.4,12.2,19.0875,0,60.06124084,7.314102564,994.1819483
Atacama,2016/3/20,2016,11,3,0,0,8.57992875,44.368425,4.0294945,26.9255049,40.294322,25.6,14.8,10.8,18.775,0,68.41045673,6.958854167,993.1287861
Atacama,2016/3/27,2016,12,3,0,0,12.39000375,40.91955,4.2117417,33.113759,40.5710345,24.8,12,12.8,17.525,0,66.66044495,6.553544495,993.200905
Atacama,2016/4/3,2016,13,1,0,0,9.76588125,40.761325,3.902296775,22.36217655,45.684423,24.7,13,11.7,17.9125,0,68.01453755,7.078869048,994.6581845
Atacama,2016/4/10,2016,14,1,0,0,9.191196875,48.119875,4.39856735,20.5741886,53.9200685,31.5,9.7,21.8,16.525,0,71.71410256,7.583333333,994.0342308
Atacama,2016/4/17,2016,15,1,0,0,9.8989025,41.4881375,4.079880375,9.4791529,54.7475035,24.9,9.7,15.2,16.8,0.6,69.85376603,7.047676282,993.3585337
Atacama,2016/4/24,2016,16,1,0,0,7.996145,31.9673375,3.17413655,12.52774915,44.129851,23.8,10.4,13.4,16.0125,0,73.64466455,7.631554849,994.4944513
Atacama,2016/5/1,2016,17,3,0,0,12.63825188,36.2245875,4.6915554,17.3352984,83.477593,22.1,7.1,15,14.4,0,67.81169872,7.131410256,993.7342949
Atacama,2016/5/8,2016,18,6,0,0,14.67222,41.5715125,5.102453275,14.6800227,73.351349,22.1,12.4,9.7,15.775,0,72.72676282,5.91025641,994.6428686
Atacama,2016/5/15,2016,19,3,0,0,9.872699375,40.11195,4.99228555,9.268889,69.7887255,26,10,16,15.4875,0,67.47381073,5.726375598,994.6254259
Atacama,2016/5/22,2016,20,3,0,0,10.3881825,45.6754625,4.428680975,10.1519572,45.47808125,23,7.4,15.6,14.0625,0,70.6092033,6.321629759,994.7353203
Atacama,2016/5/29,2016,21,1,0,0,15.28768,52.7555375,4.36943295,9.2911056,43.7262855,23,7.4,15.6,13.95,0,74.42384959,6.508533134,995.4068166
Atacama,2016/6/5,2016,22,5,0,0,12.54795125,46.7315625,3.369120225,10.07805295,26.8066145,22.9,9.3,13.6,14.4125,0,68.18526786,5.690027681,995.3283482
Atacama,2016/6/12,2016,23,5,0,0,20.0949675,46.0827,5.537333975,7.03051265,37.0322353,20.9,6.9,14,12.5671875,0,73.20100733,6.523601399,996.7196772
Atacama,2016/6/19,2016,24,4,1,0.25,16.32216688,42.0616125,4.572846475,6.47148145,57.71224,23.8,9.7,14.1,13.6,0,77.31312958,6.886480186,996.4040951
Atacama,2016/6/26,2016,25,7,2,0.285714286,21.49543125,49.18780375,4.272286625,9.69153115,57.110593,18.2,7,11.2,11.6375,0,73.35989011,6.383741259,996.7349588
Atacama,2016/7/3,2016,26,6,1,0.166666667,18.02171375,48.5222125,3.596071175,8.2882569,51.982846,23,5.7,17.3,12.2875,0.4,73.86659664,6.213942308,995.2596558
Atacama,2016/7/10,2016,27,10,1,0.1,14.44896438,38.89707375,5.268666075,9.11553615,55.9977035,24.3,7.2,17.1,12.625,0,68.17190833,6.135791812,996.7101318
Atacama,2016/7/17,2016,28,12,4,0.333333333,10.78184631,40.7134,3.4420381,17.2690406,45.384234,19,4.6,14.4,11.9,0,70.51782853,5.826573427,996.902429
Atacama,2016/7/24,2016,29,23,11,0.47826087,12.18382,44.3662875,4.412174975,8.71657815,51.8895275,20.4,5.3,15.1,11.425,0,75.03479853,6.557178116,996.2179411
Atacama,2016/7/31,2016,30,13,5,0.384615385,11.68414938,44.1394,4.02752295,12.4339068,43.0770275,25.4,7,18.4,12.225,0,73.85542582,7.27016317,994.7784427
Atacama,2016/8/7,2016,31,11,1,0.090909091,14.9786875,43.366375,4.46305865,16.15406765,46.9557025,20.1,5.8,14.3,12.3625,0,72.76102941,7.222027972,995.7197115
Atacama,2016/8/14,2016,32,11,6,0.545454545,14.86830375,35.775625,4.948606875,17.6122268,51.1949615,19.2,8.3,10.9,13.1109375,0,73.51421165,5.783712642,995.7725178
Atacama,2016/8/21,2016,33,26,14,0.538461538,15.60708125,44.2036425,3.790036325,16.76962035,38.7176036,21.1,4.2,16.9,12.0625,0,70.60025183,7.18203602,994.6532143
Atacama,2016/8/28,2016,34,16,4,0.25,11.563525,53.8493925,3.754974175,24.85227815,36.288653,21.2,4.2,17,12.95,0,69.12225275,7.344505495,994.8738599
Atacama,2016/9/4,2016,35,16,11,0.6875,13.84190625,48.186225,4.149670625,24.5965594,36.30594195,22.2,5.9,16.3,11.9375,0,68.91208791,8.81474359,997.5928617
Atacama,2016/9/11,2016,36,14,5,0.357142857,13.73965938,38.13465,5.0095972,27.10218175,26.11334805,25,5.7,19.3,12.9375,0,65.67838828,7.203319597,996.3469643
Atacama,2016/9/18,2016,37,5,5,1,13.1826175,44.9919525,4.221344,23.1919205,39.77179245,19.6,9.5,10.1,13.5,0,72.1125,8.742147436,995.9802244
Atacama,2016/9/25,2016,38,5,0,0,11.02882313,43.547025,4.57545665,24.09242535,42.950339,19.2,11,8.2,13.6625,1,75.7413273,7.401206637,994.469523
Atacama,2016/10/2,2016,39,10,2,0.2,9.022453125,41.1440625,4.0938286,23.43205235,30.53033285,19.7,7.5,12.2,13.5875,0.4,71.44791667,7.645032051,995.4129808
Atacama,2016/10/9,2016,40,6,1,0.166666667,13.03486063,41.363275,3.7266487,27.2559315,34.090557,21.6,10,11.6,14.3875,0,71.10496795,9.180288462,993.9723558
Atacama,2016/10/16,2016,41,5,1,0.2,7.804225625,45.5674875,3.297371853,16.8038983,29.8742575,25.3,10.7,14.6,15.075,0,67.29876374,8.321886447,994.4416896
Atacama,2016/10/23,2016,42,9,1,0.111111111,8.29458375,34.097375,3.71522812,14.90677265,30.10118525,22.9,6.3,16.6,14.25,0,60.07188645,10.12465659,995.3156021
Atacama,2016/10/30,2016,43,9,0,0,11.52589375,37.6473,3.617325925,15.48320375,37.6295912,22.9,8.3,14.6,15.45,0,58.99496337,9.65625,994.0251832
Atacama,2016/11/6,2016,44,7,0,0,9.92703625,38.9525125,3.868459475,16.2488802,33.8568495,22.2,10.7,11.5,16.025,0,64.65445665,8.258580268,994.2194944
Atacama,2016/11/13,2016,45,2,0,0,7.455946875,39.382025,3.510849125,22.2246213,36.750146,23.4,13.7,9.7,17.025,0,66.5769545,7.154506033,993.93029
Atacama,2016/11/20,2016,46,3,0,0,8.10466125,36.9236875,4.251418325,19.16951295,36.29026275,22.7,11.8,10.9,16.825,0,60.47190934,7.729281136,993.9953709
Atacama,2016/11/27,2016,47,1,0,0,6.3028925,35.4504375,5.012633125,16.85379255,24.3412859,22.7,12.2,10.5,17.45,0,56.22210966,9.051957418,994.3326488
Atacama,2016/12/4,2016,48,4,0,0,9.811554375,36.945825,6.433296358,29.0758895,31.1444748,24.2,13.5,10.7,17.775,0,60.66185897,8.6875,993.6590545
Atacama,2016/12/11,2016,49,3,0,0,8.85445,47.33464875,6.2027583,25.39237575,30.40201815,24.9,13.5,11.4,18.6,0,54.51522436,9.133814103,994.1959936
Atacama,2016/12/18,2016,50,2,0,0,10.4995025,34.4110875,6.982100225,30.2395121,38.7834835,25,15.5,9.5,19.325,0,61.46394231,8.285657051,993.0535056
Atacama,2016/12/25,2016,51,1,0,0,8.62102,37.0014875,7.3881118,32.279093,34.5388524,25,15.9,9.1,18.725,0,63.55002289,8.255952381,992.6661401
Atacama,2016/12/31,2016,52,13,0,0,6.852114286,33.6468,7.016273915,30.81579201,28.56223302,25,13.3,11.7,18.48571429,0,58.39134227,9.11043994,992.8196723
Atacama,2017/1/8,2017,1,1,0,0,9.931008889,37.95094444,8.240223132,31.6254711,32.16207911,26,13.7,12.3,18.84444444,0,61.44816431,8.128132108,992.4443217
Atacama,2017/1/15,2017,2,1,0,0,8.2360075,34.653725,7.956445475,30.3594445,33.00766055,26.7,14.5,12.2,19.65,0,61.96850962,7.982051282,991.6659936
Atacama,2017/1/22,2017,3,1,0,0,10.67859063,29.8762375,9.373976825,43.1526095,43.799112,28.3,16.3,12,21.3375,0,59.03301282,9.118509615,992.4870272
Atacama,2017/1/29,2017,4,1,0,0,18.226045,34.57425,9.615436025,45.9317915,39.2741165,29.4,18.8,10.6,22.875,0,59.14262821,8.720352564,992.5227564
Atacama,2017/2/5,2017,5,1,0,0,15.38874563,37.009775,9.01967095,44.611266,34.388913,25.4,13.9,11.5,20.725,0,69.28313537,7.690846531,991.9184201
Atacama,2017/2/12,2017,6,1,0,0,9.420995625,35.96345,7.117672125,36.702715,32.3806735,25,13.5,11.5,18.4875,0,63.16266026,8.919070513,991.9695513
Atacama,2017/2/19,2017,7,1,0,0,8.312660625,27.1154,6.593901375,35.3947825,26.258759,26.7,14.3,12.4,19.346875,0,56.65172511,8.110977564,993.6206495
Atacama,2017/2/26,2017,8,2,0,0,6.0142525,29.178425,6.6425646,38.019394,25.181519,29.8,15.5,14.3,21.875,0,56.42576357,7.410657051,991.87097
Atacama,2017/3/5,2017,9,1,0,0,7.665445625,25.129125,6.986541125,30.893226,18.39830275,29.7,16.2,13.5,21.3375,0,60.41666667,8.273237179,991.6592949
Atacama,2017/3/12,2017,10,4,0,0,11.1473375,33.45645,6.345387825,35.30782955,26.55573555,25.2,13.4,11.8,18.375,0,65.16243132,8.904304029,991.7086538
Atacama,2017/3/19,2017,11,2,0,0,10.23424188,28.98205,5.577557525,46.409811,25.2241339,25.4,13,12.4,18.2375,0,64.16666667,8.047275641,993.5589744
Atacama,2017/3/26,2017,12,4,0,0,8.9924,28.647825,4.38402635,38.9343955,28.54394835,24.8,12.8,12,18.375,0,64.50625,6.870054945,994.2602816
Atacama,2017/4/2,2017,13,5,0,0,8.671439563,38.5558625,5.222429625,30.103689,32.2608,23.8,12.3,11.5,17.25,0,65.27163462,7.813301282,993.9637019
Atacama,2017/4/9,2017,14,1,0,0,11.31314938,31.3824125,6.0266681,26.2341835,37.6916265,23.8,10.1,13.7,16.6625,2,66.88143315,7.982028388,993.1102312
Atacama,2017/4/16,2017,15,1,0,0,11.27341375,36.3346125,5.575952775,27.2952295,50.332441,23.8,9,14.8,15.6875,0,63.17067308,6.864583333,992.3872596
Atacama,2017/4/23,2017,16,3,2,0.666666667,12.034565,30.18345,6.46650715,20.33493385,45.301937,25.8,11.3,14.5,16.7,0,68.64114011,6.636704441,993.4881181
Atacama,2017/4/30,2017,17,2,0,0,14.7553,31.2213875,7.934175475,18.23471055,65.9466635,21.8,8.8,13,14.5875,0,71.3628663,6.670947802,993.7054716
Atacama,2017/5/7,2017,18,1,0,0,11.59775,37.4260375,7.92671175,22.0127845,59.981118,21,8.5,12.5,15.1,0,66.68269231,6.682692308,994.7307692
Atacama,2017/5/14,2017,19,4,0,0,6.875,34.96875,7.987725,16.17,45.7686,25.5,10,15.5,16.6125,12.6,64.86298077,9.185932274,993.9445913
Atacama,2017/5/21,2017,20,3,0,0,10.875,36.625,8.01065,12.74,50.75765,24.2,7.5,16.7,14.075,0,73.22916667,5.85993083,995.5489583
Atacama,2017/5/28,2017,21,1,0,0,12.25,38.203125,8.007375,11.515,58.27765,24.2,7.6,16.6,13.4125,0,72.81770833,5.747653162,995.1682292
Atacama,2017/6/4,2017,22,1,0,0,17.25,40.625,8.040125,14.945,61.5606,23,6.4,16.6,12.6125,0,76.29166667,5.044425231,995.740625
Atacama,2017/6/11,2017,23,1,0,0,17.359375,33.625,11.812925,12.005,63.00115,25.8,6.5,19.3,13.6,0.2,71.97395833,5.869791667,995.9041667
Atacama,2017/6/18,2017,24,1,0,0,10.5,40.5,11.6983,14.945,45.9895,21.4,8.1,13.3,13.6375,0,73.90104167,5.166666667,996.05
Atacama,2017/6/25,2017,25,1,0,0,10.3125,37,12.75285,10.29,43.27525,19.5,5.8,13.7,12.2875,0,76.609375,5.973958333,994.4526042
Atacama,2017/7/2,2017,26,1,0,0,9.3125,35.5,11.989775,11.76,42.3235,19.6,8.3,11.3,13.6625,4.6,76.79166667,6.515625,995.4234375
Atacama,2017/7/9,2017,27,3,0,0,12.8125,45.5,12.900225,10.535,59.0649,19.4,7.7,11.7,12.8,0,79.13541667,5.125,995.9916667
Atacama,2017/7/16,2017,28,4,0,0,14.53125,49.625,11.35974688,16.66,53.9894875,19.4,5.9,13.5,12.7125,0,73.88541667,6.265625,997.040625
Atacama,2017/7/23,2017,29,2,0,0,16.53125,43.875,12.461375,15.19,71.47525,19.8,4.4,15.4,11.1125,0,74.8125,5.734375,996.3192708
Atacama,2017/7/30,2017,30,1,0,0,18,53.375,12.068375,18.865,60.8086,22.9,7.6,15.3,11.6375,0,79.328125,5.32935049,995.4671875
Atacama,2017/8/6,2017,31,1,0,0,16.4553575,48,11.419925,14.455,60.98015,22.7,5.1,17.6,11.8875,0,73.23958333,5.666666667,997.2119792
Atacama,2017/8/13,2017,32,1,0,0,10.78571438,52.75,9.75295,21.56,55.87595,19.9,5.1,14.8,12.325,16.4,73.484375,5.921875,997.5526042
Atacama,2017/8/20,2017,33,1,0,0,13.75,37.875,10.647025,21.805,48.8048,21.4,7.8,13.6,12.9125,0,75.94270833,5.8125,996.7671875
Atacama,2017/8/27,2017,34,1,0,0,11.9375,41,10.4931,21.07,44.97576875,21.4,6.2,15.2,12.8625,0,74.203125,6.505208333,995.7604167
Atacama,2017/9/3,2017,35,1,0,0,10.44791625,43.375,10.653575,26.95,39.2027,21.2,6.9,14.3,12.4875,0.2,77.66145833,6.283482143,997.059375
Atacama,2017/9/10,2017,36,1,0,0,11.625,50.109375,9.956,26.46,40.3542,21.7,6.1,15.6,12.7,0.2,72.77604167,7.0625,996.8458333
Atacama,2017/9/17,2017,37,1,0,0,11.8125,39.859375,9.58265,26.705,42.73945,19.2,6,13.2,12.625,0,69.20833333,6.291666667,997.71875
Atacama,2017/9/24,2017,38,1,0,0,12.5390625,37.875,8.3316,33.075,33.7771375,21.1,8.6,12.5,13.55,0.2,73.234375,5.875,995.7880208
Atacama,2017/10/1,2017,39,1,0,0,12,56.25,9.2273125,28.42,42.88045,20.2,9,11.2,13.3625,1,79.77083333,6.364583333,994.434375
Atacama,2017/10/8,2017,40,1,0,0,12.28125,57,8.486944058,28.175,33.7571625,22.3,6.7,15.6,13.4875,0.2,76.02083333,7.078125,995.815625
Atacama,2017/10/15,2017,41,1,0,0,14.5625,47,8.3185,34.055,30.3202875,20.4,5,15.4,12.8,0,72.83333333,7.682291667,994.8354167
Atacama,2017/10/22,2017,42,1,0,0,13.75,46.25,8.8425,32.585,21.9584,20.8,8.8,12,13.45,0,77.53125,6.546875,993.2635417
Atacama,2017/10/29,2017,43,1,0,0,12.9375,41.375,8.027025,39.445,25.87663255,19.3,9.8,9.5,13.575,0,77.13541667,6.567708333,994.8192708
Atacama,2017/11/5,2017,44,1,0,0,12.1875,37.25,8.013925,27.195,35.96655495,20.8,9,11.8,13.95,0,73.52604167,7.385416667,995.6348958
Atacama,2017/11/12,2017,45,1,0,0,12.13020813,36.75,8.9211,38.465,32.3783,22.4,11,11.4,15.45,0,75.88020833,7.8125,992.2067708
Atacama,2017/11/19,2017,46,1,0,0,12,41.21428625,9.264975,38.955,26.79705,23.7,11.2,12.5,16.1375,0,70.51041667,6.640172101,993.0697917
Atacama,2017/11/26,2017,47,1,0,0,13.1875,38.375,8.747525,41.895,31.5464,20.8,11.2,9.6,15.2375,0,74.546875,5.953125,993.8182292
Atacama,2017/12/3,2017,48,1,0,0,10.5,41.375,8.027025,39.2,22.93365,22.7,11.5,11.2,16.4375,0,66.91145833,6.583333333,992.8703125
Atacama,2017/12/10,2017,49,1,0,0,11.875,29.91666625,9.1831,44.345,24.1909,22.7,11.5,11.2,16.4375,0.2,69.95833333,6.509057971,992.278125
Atacama,2017/12/17,2017,50,4,0,0,10.125,26.06249875,8.944025,38.955,24.252,24.6,10,14.6,17.1125,0.2,71.890625,6.911458333,992.1197917
Atacama,2017/12/24,2017,51,1,0,0,12.625,14.55208375,10.031325,37.485,26.6255,25,14.4,10.6,18.325,0,69.14583333,6.375,990.9942708
Atacama,2017/12/31,2017,52,1,0,0,10.4375,10.125,9.68745,34.3,21.1923,24.3,14.4,9.9,18.025,0,71.63541667,6.145833333,992.2869792
Atacama,2018/1/7,2018,1,1,0,0,10.875,30.29166625,9.55645,37.975,22.3344,25.2,14,11.2,17.9625,0,72.5625,6.921875,992.9380208
Atacama,2018/1/14,2018,2,1,0,0,8.9375,42.375,9.8774,38.22,21.76335,26,14.6,11.4,19.175,0,69.53125,6.052083333,992.0734375
Atacama,2018/1/21,2018,3,1,0,0,11.0875,46.75,8.9997,38.22,20.59305,24.3,13.9,10.4,18.7375,0,69.234375,6.447916667,991.7546875
Atacama,2018/1/28,2018,4,1,0,0,11.125,50.875,8.65255,41.405,22.82555,24.9,13.5,11.4,18.3375,0,69.04166667,6.791666667,988.7973958
Atacama,2018/2/4,2018,5,1,0,0,12.3125,48.375,9.43855,44.59,25.1826,26.3,15.2,11.1,18.7,0,69.03645833,6.182291667,988.6416667
Atacama,2018/2/11,2018,6,1,0,0,11.125,45.125,9.92325,40.915,23.3543,26.3,15.2,11.1,20.175,0,68.15625,6.5,990.7130208
Atacama,2018/2/18,2018,7,1,0,0,10.25,45.32142875,11.0302,40.18,27.5749,25.3,15.4,9.9,19.375,0,71.20833333,6.151041667,991.1359375
Atacama,2018/2/25,2018,8,1,0,0,7.25,42,9.409075,31.605,19.51205,26.6,14.7,11.9,19.4875,0,69.90625,5.854166667,991.7984375
Atacama,2018/3/4,2018,9,1,0,0,7.96428575,42.875,9.730025,37.73,21.5965,24.5,13.4,11.1,18,0,71.48958333,6.739583333,992.4223958
Atacama,2018/3/11,2018,10,1,0,0,10.8125,36.42708375,9.7464,38.22,26.63255,25.6,12.3,13.3,18.125,0,68.23876096,7.227430556,990.173273
Atacama,2018/3/18,2018,11,1,0,0,12.1875,34.5729175,8.583775,27.44,28.7311,23.8,12.3,11.5,16.9375,0,73.15625,7.065104167,990.3559896
Atacama,2018/3/25,2018,12,1,0,0,11,43.515625,8.96695,29.89,29.88025,23.2,12.3,10.9,15.75,0,75.43229167,7.145833333,991.0713542
Atacama,2018/4/1,2018,13,1,0,0,11.8125,46.75,9.808625,34.545,26.81585,23.2,10.6,12.6,15.7,0,75.28645833,6.130208333,990.7583333
Atacama,2018/4/8,2018,14,1,0,0,9.75,42.484375,9.212575,26.705,31.4148,23,10.8,12.2,15.975,0,71.88541667,4.6875,992.2578125
Atacama,2018/4/15,2018,15,1,0,0,9.5625,50.375,9.559725,25.48,38.0418,23.9,11.8,12.1,16.2875,0,74.6875,5.505208333,993.1911458
Atacama,2018/4/22,2018,16,1,0,0,13.3125,44.875,10.45847867,28.91,50.30175,20.9,9.9,11,15.0875,0,77.69270833,4.6875,992.2588542
Atacama,2018/4/29,2018,17,1,0,0,12.25,51.46875,10.77053933,22.295,52.499,22.8,10,12.8,14.8875,0,78.93229167,6.328125,992.3302083
Atacama,2018/5/6,2018,18,1,0,0,11,56.625,9.166725,23.765,50.5485,20,10.1,9.9,13.95,0,80.21875,5.380208333,993.190625
Atacama,2018/5/13,2018,19,1,0,0,11.6875,56.25,8.9997,22.05,45.73335,22.6,7.5,15.1,14.1125,0,72.25,5.458333333,994.1614583
Atacama,2018/5/20,2018,20,3,2,0.666666667,16.0625,54.125,10.391575,17.395,61.6405,19.3,7.3,12,13.475,0,76.49479167,4.583333333,993.1786458
Atacama,2018/5/27,2018,21,1,1,1,17.25,51.125,11.004,16.905,72.69695625,19.5,8.8,10.7,13.3625,0,76.76041667,4.255208333,993.3776042
Atacama,2018/6/3,2018,22,3,1,0.333333333,15.4375,44.75,8.75735,16.17,54.99675625,19.7,5.8,13.9,12.4875,0,79.83333333,5.59375,993.4734375
Atacama,2018/6/10,2018,23,1,0,0,18.9375,54.5,11.49402188,16.96625,65.0292,20,4.5,15.5,11.6625,0,76.08333333,4.963541667,993.0609375
Atacama,2018/6/17,2018,24,10,3,0.3,17.125,43.5,9.257196875,13.72,68.40413605,20.8,3.4,17.4,11.4,0.2,73.99479167,5.182291667,995.5567708
Atacama,2018/6/24,2018,25,6,2,0.333333333,17.125,47.75,10.06735,6.86,65.9739,20.3,8.9,11.4,12.2625,0,78.453125,5.484375,994.9557292
Atacama,2018/7/1,2018,26,6,3,0.5,15.4375,36.65,10.581525,6.125,59.4362,17.5,4.1,13.4,11.675,0,74.453125,6.203125,994.1145833
Atacama,2018/7/8,2018,27,6,3,0.5,10.125,40.75,9.383810668,20.58,50.26415,22.4,6,16.4,12.3375,0,74.30729167,7.041666667,992.5734375
Atacama,2018/7/15,2018,28,5,3,0.6,15.75,46.875,10.417775,26.46,58.54085,18,5.9,12.1,11.55,0,77.86979167,5.046875,993.0869792
Atacama,2018/7/22,2018,29,8,2,0.25,14.5625,34.59375,9.8512,36.015,49.8435,21.1,2.4,18.7,11.2125,0,73.97395833,5.999094203,994.8645833
Atacama,2018/7/29,2018,30,9,2,0.222222222,17.125,37.96875,10.679775,33.565,57.2366,19.8,3,16.8,10.6625,0,76.578125,5.411458333,995.271875
Atacama,2018/8/5,2018,31,8,1,0.125,18.1875,46.5,10.6896,30.38,65.518,18.7,4.2,14.5,10.975,0,75.046875,5.494791667,994.828125
Atacama,2018/8/12,2018,32,3,1,0.333333333,15.4375,43.078125,10.633925,22.33583415,70.15925,21.6,5.5,16.1,11.7,0.4,80.49479167,5.354166667,993.0208333
Atacama,2018/8/19,2018,33,2,2,1,17.1875,39.125,10.719075,23.275,59.7417,19.6,7.9,11.7,12.0375,0,79.55208333,5.502696078,994.6166667
Atacama,2018/8/26,2018,34,2,1,0.5,18.625,39,10.863175,20.4575,58.33875,19.2,6.5,12.7,11.9125,0,75.38020833,6.901041667,994.0260417
Atacama,2018/9/2,2018,35,3,2,0.666666667,14.40178563,44.875,9.98875,16.17,47.9917,18.1,6.7,11.4,12.54895833,0,71.19474638,5.838541667,993.7049428
Atacama,2018/9/9,2018,36,4,0,0,16.9375,51.83928625,10.385025,22.05,52.9972,21.2,8.85,12.35,12.80416667,0,73.21225091,9.175904304,992.5362501
Atacama,2018/9/16,2018,37,7,2,0.285714286,14.9375,43.75,9.684175,25.235,39.46355,21.2,6.7,14.5,12.82083333,0,73.61015625,7.089114011,994.0449119
Atacama,2018/9/23,2018,38,4,0,0,13.3125,32.5,8.77045,19.355,30.93775,21.8,6.7,15.1,13.1625,0,74.87664984,7.55632117,992.273609
Atacama,2018/9/30,2018,39,3,0,0,10.9375,38.46875,9.179825,12.74,33.21725,21.1,9.7,11.4,14.2125,0,76.55729167,7.541666667,991.5479167
Atacama,2018/10/7,2018,40,1,0,0,14.1875,42.375,9.98875,15.19,34.3476,21.1,9,12.1,13.725,0,76.27871377,7.42821558,991.7440961
Atacama,2018/10/14,2018,41,1,0,0,11.734375,34,9.2355,11.858,28.83685,24.4,6.2,18.2,13.6125,0,75.21512681,7.195199275,994.5406024
Atacama,2018/10/21,2018,42,2,0,0,9.046875,38.76785625,8.858875,12.57666659,25.2578,20.7,6.2,14.5,13.65,0,72.29710145,7.386775362,993.625
Atacama,2018/10/28,2018,43,1,0,0,10.375,42.2321425,10.155775,37.583,27.4433,19.3,10.6,8.7,14.1375,0,75.859375,7.302556818,992.7651515
Atacama,2018/11/4,2018,44,1,0,0,8.0625,38.75,9.972375,31.85,22.11585,20.6,12.2,8.4,14.8,0,77.41734601,7.326992754,992.613202
Atacama,2018/11/11,2018,45,1,0,0,8.9375,41.59375,10.81022939,39.445,19.14525331,21.4,11.1,10.3,15.2125,0,75.44187221,7.176891722,991.565942
Atacama,2018/11/18,2018,46,4,0,0,9.1875,43,10.09764408,34.545,24.72395755,25.4,9.9,15.5,16.45,0,66.09178163,8.750014252,992.0458108
Atacama,2018/11/25,2018,47,3,0,0,9.375,46.390625,10.5324,44.345,28.7076,22.4,12.8,9.6,16.525,0,73.89673913,8.082880435,991.6364914
Atacama,2018/12/2,2018,48,2,0,0,9.125,38.375,10.470175,46.55,26.32705,22.1,13.6,8.5,16.4125,0,72.89583333,6.449728261,992.7846241
Atacama,2018/12/9,2018,49,1,0,0,8.3125,39.5,10.34245,41.895,22.6399,25.8,11.9,13.9,17.525,0,64.76675725,6.933197464,993.0963995
Atacama,2018/12/16,2018,50,1,0,0,10,55.2321425,9.972375,42.63,22.2686,25.8,11.9,13.9,16.725,0,70.48517628,9.657738095,992.3883013
Atacama,2018/12/23,2018,51,1,0,0,9.3828125,40.625,12.39774634,42.483,24.52695,23.2,11.3,11.9,16.75,0,72.01336051,6.731657609,992.1055254
Atacama,2018/12/30,2018,52,1,0,0,8.875,40.25,12.50395,32.389,20.5625,23.1,11.3,11.8,17.1,0,72.41825181,6.105298913,989.8699275
Atacama,2019/1/6,2019,1,1,0,0,10.25,43.375,7.280325,43.365,23.87365,26.1,14.8,11.3,18.5625,0,66.01936141,6.560461957,988.9649796
Atacama,2019/1/13,2019,2,1,0,0,6.6875,33.625,5.40375,32.83,17.2631,25.5,13.9,11.6,18.7875,0,65.78645833,6.098958333,993.2286458
Atacama,2019/1/20,2019,3,1,0,0,9.6734375,38.375,6.009625,42.875,21.6764,24.1,14.2,9.9,18.025,0,69.77377717,6.859827899,992.0868659
Atacama,2019/1/27,2019,4,1,0,0,8.3078125,40,6.088225,51.695,27.0438,24.8,15.4,9.4,18.7375,0,70.640625,6.392518939,990.0635417
Atacama,2019/2/3,2019,5,1,0,0,8.125,19.875,5.538025,51.45,28.80865,28.6,15.5,13.1,20.5875,0,65.88020833,6.255208333,990.1338542
Atacama,2019/2/10,2019,6,1,0,0,7.9375,20.42857125,5.151575,30.87,28.6089,26.9,16.4,10.5,20.075,0,71.86458333,6.239583333,988.9770833
Atacama,2019/2/17,2019,7,1,0,0,11,31,3.71385,33.32,25.87115,25.3,13.7,11.6,18.875,0,69.22463768,6.640625,990.4408967
Atacama,2019/2/24,2019,8,1,0,0,8.4375,27.375,3.081775,42.63,20.22175,25.9,13.7,12.2,19.525,0,69.11979167,6.828125,990.765625
Atacama,2019/3/3,2019,9,1,0,0,9.9375,28.625,3.4584,44.835,30.8226,26.4,14.3,12.1,18.9125,0,72.65172101,5.578125,991.1197917
Atacama,2019/3/10,2019,10,2,0,0,8.5625,33.25,3.39945,38.71,27.06965,24.4,15.7,8.7,18.35,0,72.42776268,6.458333333,990.690625
Atacama,2019/3/17,2019,11,1,0,0,9.1875,31.9375,3.311025,41.895,32.88355,23.9,11.7,12.2,17.7375,0,70.03645833,6.739583333,990.5125
Atacama,2019/3/24,2019,12,1,0,0,12.6875,34.4375,3.134175,42.63,41.0169,22.9,13.5,9.4,16.475,0,75.02083333,6.479166667,991.7401042
Atacama,2019/3/31,2019,13,1,0,0,8.8125,38.359375,3.0916,44.1,39.90065,22.9,11.4,11.5,16.8125,0,72.859375,5.708333333,991.9369792
Atacama,2019/4/7,2019,14,1,0,0,9.9375,32.25,2.859075,38.71,44.51135,26.3,12.2,14.1,17.025,0,70.65625,5.817708333,992.9859375
Atacama,2019/4/14,2019,15,1,0,0,12.625,36.875,2.865625,34.79,42.9909,21.2,9.2,12,15.4125,0,76.1875,6.020833333,992.6739583
Atacama,2019/4/21,2019,16,1,0,0,10.6171875,43.4375,3.042475,31.115,48.55805,21.4,9.2,12.2,15.5,0,74.27604167,5.5,992.1989583
Atacama,2019/4/28,2019,17,1,0,0,9.5,37.25,2.695325,24.99,46.154,20.9,10.3,10.6,14.7375,0,74.1875,5.786458333,992.8432292
Atacama,2019/5/5,2019,18,1,0,0,10.8125,36.375,2.990075,15.68,56.5927,20.3,8.9,11.4,14.2,0,80.20982143,5.755208333,991.085119
Atacama,2019/5/12,2019,19,1,0,0,11.625,43.125,5.210525,11.76,50.7835,20.5,6.5,14,13.0625,0,78.28125,5.744791667,992.8239583
Atacama,2019/5/19,2019,20,1,0,0,14.25,33.95833375,6.153725,16.415,74.9791,19.7,6.5,13.2,12.475,0,77.48958333,5.416666667,993.2958333
Atacama,2019/5/26,2019,21,1,0,0,16.75,38.25,6.58275,14.455,86.26145,22.9,3.7,19.2,12.175,0,68.64130435,6.097826087,993.49024
Atacama,2019/6/2,2019,22,2,0,0,12.25,35.734375,4.496575,15.925,74.33196875,24,6.4,17.6,13.475,0,70.39651268,5.54053442,994.4876359
Atacama,2019/6/9,2019,23,2,0,0,14.625,59.125,3.553375,10.78,92.3644,24,6.2,17.8,11.9875,0,76.66666667,5.895833333,993.3541667
Atacama,2019/6/16,2019,24,5,1,0.2,9.3125,39.375,3.009725,15.925,43.89095,19.3,4.8,14.5,11.125,0,71.65104167,5.629528986,994.8916667
Atacama,2019/6/23,2019,25,1,0,0,13.5,49.5,5.465975,13.23,62.49825,25.2,3.7,21.5,12.175,0,64.90104167,6.958333333,992.9750679
Atacama,2019/6/30,2019,26,8,5,0.625,10.7265625,41.75,6.225775,11.025,46.0647,18.8,6.3,12.5,12.0875,0,76.19791667,5.588541667,993.3666667
Atacama,2019/7/7,2019,27,5,1,0.2,13.7890625,40.125,6.016175,10.045,62.00475,17.4,6.2,11.2,11.5375,0,77.734375,5.351190476,993.3094494
Atacama,2019/7/14,2019,28,8,2,0.25,13.625,42.125,5.308775,12.495,42.0885,17.3,4.2,13.1,10.975,0,79.29166667,5.057291667,994.3041667
Atacama,2019/7/21,2019,29,8,3,0.375,17.22916625,39.125,5.570775,17.64,49.2278,18.9,5.3,13.6,11.6375,0,78.40625,4.979166667,993.2177083
Atacama,2019/7/28,2019,30,1,1,1,14.09375,36.78571375,5.3579,17.395,40.30485,20.3,5.1,15.2,11.425,0,71.28125,6.026947464,996.0638706
Atacama,2019/8/4,2019,31,2,0,0,17.1875,56.80357125,5.754175,16.66,47.9494,25.3,3.6,21.7,11.8625,0,74.33908103,6.180208333,993.4576495
Atacama,2019/8/11,2019,32,6,3,0.5,14.625,58.25,5.4496,19.6,39.5646,18,4,14,11.575,0,73.28645833,6.427083333,995.8005208
Atacama,2019/8/18,2019,33,6,2,0.333333333,12.5,39.625,5.924475,21.56,54.58345,31.8,7.9,23.9,13.3875,0,67.921875,7.119791667,993.603125
Atacama,2019/8/25,2019,34,8,1,0.125,12.8125,46.25,7.6766,18.375,50.5814,19,6.6,12.4,11.775,0,79.29981884,5.757925725,993.6946105
Atacama,2019/9/1,2019,35,7,0,0,12.1875,51,8.41675,22.05,36.73755,26.3,6.4,19.9,13.3125,0,76.29166667,5.854166667,992.13125
Atacama,2019/9/8,2019,36,5,1,0.2,7.9375,37.875,7.581625,27.44,28.2752,18.7,8.3,10.4,12.625,0,73.703125,5.760416667,993.5316123
Atacama,2019/9/15,2019,37,10,2,0.2,6.625,31.875,6.77925,33.124,27.14485,19.3,5.5,13.8,12.25,0,71.73958333,6.588541667,995.1557292
Atacama,2019/9/22,2019,38,5,2,0.4,8.9375,37.890625,6.474675,36.75,19.8528,18.6,5.1,13.5,12.2875,0,70.53645833,6.442708333,995.1380208
Atacama,2019/9/29,2019,39,2,0,0,7.9453125,42.75,7.205,37.24,24.40475,20,9.5,10.5,13.2375,0,73.984375,5.354166667,994.3341259
Atacama,2019/10/6,2019,40,8,2,0.25,8.6328125,35.625,6.4976,22.05,18.21955,20,8.7,11.3,13.2328125,0,70.84588675,7.71875,995.1324653
Atacama,2019/10/13,2019,41,1,0,0,9.125,43.535715,7.771575,16.66,32.3313,20.6,9.4,11.2,13.8625,0,73.61498397,6.515625,991.0114583
Atacama,2019/10/20,2019,42,3,0,0,7.8125,37.75,7.01505,34.055,18.28668175,22.9,9.1,13.8,14.625,0,68.53645833,7.838541667,994.4276042
Atacama,2019/10/27,2019,43,1,1,1,8.75,43.5,6.8644,40.67,12.51437675,21.3,7.8,13.5,14.2625,0,73.05729167,7.057291667,993.4776042
Atacama,2019/11/3,2019,44,1,0,0,7.958333313,45.25,7.1788,36.75,12.0649,21.8,9.6,12.2,14.5,0,73.88020833,8.09375,991.978125
Atacama,2019/11/10,2019,45,3,0,0,9.1171875,38.875,8.18095,45.08,18.8329,21.1,12.1,9,14.975,0,75.91191123,7.098958333,990.6123188
Atacama,2019/11/17,2019,46,1,1,1,6.703125,40.25,8.98005,44.1,15.0259,22.9,12.8,10.1,16.675,0.8,71.65625,6.9375,992.009375
Atacama,2019/11/24,2019,47,2,1,0.5,8.6875,42.5,8.32505,44.345,15.07525,24.7,13.4,11.3,17.8375,0,67.55729167,6.244791667,991.7770833
Atacama,2019/12/1,2019,48,1,0,0,10.890625,39.125,8.646,41.405,12.7041,23.6,9.7,13.9,16.45,0,70.82291667,7.734375,991.3677083
Atacama,2019/12/8,2019,49,1,1,1,8.6875,36,9.350125,46.305,15.1528,22.1,11.5,10.6,16.175,0,72.65625,6.869791667,992.5385417
Atacama,2019/12/15,2019,50,1,0,0,7.1875,42.75,9.029175,42.14,14.6734,23.3,13.1,10.2,16.5375,0,72.09895833,7.171875,992.4635417
Atacama,2019/12/22,2019,51,1,0,0,11.375,44.21875,8.27265,44.59,16.46175,23.6,11.5,12.1,16.775,0,74.50520833,8.109375,990.1963542
Atacama,2019/12/29,2019,52,6,0,0,11,44.25,7.99755,46.795,14.8473,24.6,13.6,11,17.35,0,73.91145833,6.578125,989.7375
Aysen,2015/1/4,2015,1,1,0,0,10.9220825,33.1573625,10.72356568,24.5828394,7.3411791,21.88,4.86,17.02,13.865,3.353333333,53.3967366,11.92161346,986.7828673
Aysen,2015/1/11,2015,2,3,0,0,9.825298125,35.1662625,11.70893982,26.93344045,6.70088635,20.38,6.48,13.9,12.635,24.6875,51.88630051,14.36630086,983.6494342
Aysen,2015/1/18,2015,3,1,1,1,12.5718025,37.43188125,11.78599107,26.89051645,8.84733405,22.96,2.5,20.46,13.77,27.49,56.09979343,10.94517492,987.0604734
Aysen,2015/1/25,2015,4,1,0,0,8.787399375,27.67428438,50.29405548,24.07676471,7.3240429,29.86,6.06,23.8,17.2025,8.7075,49.89494339,9.03769266,987.5173155
Aysen,2015/2/1,2015,5,1,0,0,8.6713825,33.13321875,11.87931809,22.10744491,7.2534207,26.16,3.9,22.26,15.10107143,7.145,51.4464882,10.2088302,985.1820935
Aysen,2015/2/8,2015,6,2,0,0,10.62231938,32.479425,11.28473529,23.10188545,5.85982605,29.02,4.46,24.56,15.57714286,8.24,45.70115344,10.33446727,984.7236404
Aysen,2015/2/15,2015,7,1,0,0,13.54372563,50.3060375,13.56960749,25.7819282,9.2776167,22.82,3.3,19.52,13.2075,8.8575,51.06474415,11.95912716,986.494251
Aysen,2015/2/22,2015,8,5,0,0,19.66082875,50.24466563,15.46042841,27.20314625,11.62665555,22.82,3.84,18.98,12.7375,4.7025,52.54643551,10.57677814,988.9239181
Aysen,2015/3/1,2015,9,3,0,0,11.62368625,32.99522813,15.30309447,25.40628195,10.67637195,27.86,3.74,24.12,15.825,9.02,47.73371309,9.141934686,987.945553
Aysen,2015/3/8,2015,10,8,0,0,11.8597975,37.02405625,9.918302785,24.75620385,9.2644755,20.08,6.44,13.64,12.9425,38.125,58.36397824,11.04532045,982.2258823
Aysen,2015/3/15,2015,11,11,0,0,19.56942688,41.83300625,13.32700139,27.9414562,12.25026095,21,2.52,18.48,11.5525,51.295,58.19208722,10.19199206,983.3907166
Aysen,2015/3/22,2015,12,6,1,0.166666667,24.6719725,41.79498125,13.65695207,26.46337365,12.30968775,20.28,0.68,19.6,9.7875,52.2375,62.6122533,9.055939691,985.4182273
Aysen,2015/3/29,2015,13,1,0,0,36.0620975,39.19698813,10.96964951,20.81970237,13.80933085,23.3,1.36,21.94,11.6225,10.05,59.10881773,6.082715112,990.8840314
Aysen,2015/4/5,2015,14,1,0,0,26.797355,34.3698075,7.366220718,22.013789,13.4551835,16.1,-1.94,18.04,8.655,65.78285714,60.27701632,9.393995096,982.5460523
Aysen,2015/4/12,2015,15,1,0,0,68.0445875,35.96795625,9.597050503,20.52254701,15.09903036,17.08,-1.94,19.02,8.8175,27.76,72.8105711,4.918686233,986.3063685
Aysen,2015/4/19,2015,16,11,0,0,57.6344625,68.50578125,11.93781451,22.48293558,18.2670388,15.54,-2,17.54,7.3175,36.58,73.79543318,6.588905308,986.5049491
Aysen,2015/4/26,2015,17,10,0,0,40.4851125,76.1410425,11.90850031,22.4784756,23.7394462,18.12,2.16,15.96,10.3075,19.29,63.87304196,10.34077858,987.1587158
Aysen,2015/5/3,2015,18,9,0,0,57.28761688,84.62821875,11.17966773,22.22494225,20.2682001,15.12,-1.52,16.64,6.8075,16.70571429,68.98215618,6.562408425,988.1894448
Aysen,2015/5/10,2015,19,17,0,0,117.90775,120.2943313,9.999111118,19.91870409,21.08954155,13.2,-3.6,16.8,6.175,16.7025,76.53721639,5.318035841,986.1218585
Aysen,2015/5/17,2015,20,12,0,0,59.049825,86.94140625,10.3765814,16.72878081,22.9284236,14.86,3.5,11.36,8.8325,135.585,79.17683372,8.288682739,976.1953873
Aysen,2015/5/24,2015,21,10,0,0,54.82350625,75.06458125,8.10345302,17.25920581,18.8379901,13.12,1.8,11.32,6.2175,106.8475,73.51752914,8.043435085,979.1416298
Aysen,2015/5/31,2015,22,10,0,0,69.27573,91.8455125,8.315921265,15.78932194,17.8313582,12.47,2.34,10.13,6.675,28.2,78.25574009,7.452256174,980.2792655
Aysen,2015/6/7,2015,23,10,0,0,70.28700625,87.1930125,8.420663625,16.24897183,22.5327776,9.76,1.58,8.18,4.8675,60.7175,84.11579254,6.665625173,972.6785142
Aysen,2015/6/14,2015,24,16,0,0,52.9990375,98.3935625,8.755990875,19.64453218,18.2366486,9.82,-2.78,12.6,3.6725,22.3,73.34332751,8.497281022,982.4291175
Aysen,2015/6/21,2015,25,13,0,0,47.2934625,124.12375,10.4341071,17.84161565,27.3116389,11.84,0.46,11.38,4.7125,31.905,68.03873141,9.119570381,984.8477135
Aysen,2015/6/28,2015,26,6,1,0.166666667,103.0582313,68.76728125,8.657485098,16.43503782,25.2662835,13.8,-4.66,18.46,3.473125,16.93714286,72.92235237,6.119712827,986.8558743
Aysen,2015/7/5,2015,27,6,0,0,75.00138125,79.38364375,7.42383157,16.43974378,27.253655,13.8,-4.465714286,18.26571429,2.501714286,8.071071429,72.72128732,6.283433995,987.7048809
Aysen,2015/7/12,2015,28,10,1,0.1,63.38679375,80.36745,6.852948308,15.4564963,22.98949305,8.48,-1.737142857,10.21714286,2.596,37.8325,76.20237281,7.449375143,978.4293338
Aysen,2015/7/19,2015,29,15,5,0.333333333,43.768075,82.061975,43.93306587,17.16369305,19.8620026,8.92,-1.593333333,10.51333333,2.647142857,56.54,74.13536409,9.599088373,977.6163798
Aysen,2015/7/26,2015,30,13,2,0.153846154,52.68840625,81.27985625,7.748141393,15.63335935,24.53787515,13.52,0.18,13.34,5.802916667,62.3275,77.63222141,7.910526915,980.7310355
Aysen,2015/8/2,2015,31,1,0,0,66.53911875,60.7597875,7.933664903,21.93916249,22.09248865,10.24,-1.52,11.76,4.328214286,48.0475,82.71277195,6.221737435,977.9642077
Aysen,2015/8/9,2015,32,15,6,0.4,62.3383625,61.54573125,7.323331973,23.662198,15.27930755,11.1,-4.16,15.26,2.2525,33.8225,76.71944056,6.626898131,978.9044212
Aysen,2015/8/16,2015,33,19,8,0.421052632,70.203,48.09158125,5.613831425,22.48228315,13.04351285,11,-3.88,14.88,3.28,40.2475,68.16320319,7.541934657,989.0357345
Aysen,2015/8/23,2015,34,24,14,0.583333333,65.78081875,55.53204375,4.760481705,21.9433101,15.4455818,11,-2.76,13.76,3.615,57.29,73.04009907,6.949159145,985.2456376
Aysen,2015/8/30,2015,35,21,6,0.285714286,57.16268813,47.645585,5.94621576,20.01547321,16.70107165,11.92,1.44,10.48,5.435,46.22,78.51082556,6.797997624,976.6925854
Aysen,2015/9/6,2015,36,18,5,0.277777778,34.95769375,47.92996688,8.326747433,21.23656889,14.5361694,14.77714286,-4.22,18.99714286,5.1675,8.5,60.21799478,8.410036299,993.7123121
Aysen,2015/9/13,2015,37,3,3,1,27.2161175,50.525425,6.617821648,23.82262792,11.78267205,11.85428571,-2.66,14.51428571,4.191,10.5825,56.12848041,11.19541084,985.8468636
Aysen,2015/9/20,2015,38,17,6,0.352941176,30.24785,52.19235625,6.35045425,23.5263063,17.00319235,12.328,-2.3325,14.6605,4.971910714,6.08,53.98276635,10.37839387,986.6978812
Aysen,2015/9/27,2015,39,16,6,0.375,46.6057625,38.8086875,6.513940285,24.37368535,13.56810805,15.88,-1.546666667,17.42666667,6.308125,8.15,59.14214818,6.170977412,988.2323073
Aysen,2015/10/4,2015,40,16,3,0.1875,46.76902938,34.6617725,5.487769143,23.61009802,10.64050625,16.42,-2.22,18.64,6.228410714,11.1575,57.54606685,7.743399367,987.0238107
Aysen,2015/10/11,2015,41,14,2,0.142857143,32.56237875,36.43772,6.100752203,27.6213245,12.65429645,17.42,-2.4,19.82,6.426666667,9.794285714,54.05871878,8.093655978,990.7652877
Aysen,2015/10/18,2015,42,16,2,0.125,25.178585,42.16011875,6.18979454,26.7966033,16.40908321,17.42,-1.38,18.8,7.788583333,3.336785714,54.05564752,8.679282494,987.0517002
Aysen,2015/10/25,2015,43,15,3,0.2,20.82199375,40.8072875,6.471546393,24.5647535,16.0752878,16.46,-1.44,17.9,8.200708333,6.665,51.00267288,9.236376066,989.5852936
Aysen,2015/11/1,2015,44,16,2,0.125,15.19713938,43.3357875,6.332183353,25.59370695,9.97105,20.14,1.52,18.62,9.314583333,10.3925,53.46841908,11.13946198,990.3515433
Aysen,2015/11/8,2015,45,14,1,0.071428571,13.3372825,43.51035625,5.533881798,25.8197317,8.6229114,23.48,0.64,22.84,12.475,0.7,44.78502969,8.952135451,991.252388
Aysen,2015/11/15,2015,46,13,1,0.076923077,9.491061438,37.40243125,6.802476628,27.4091398,7.4975763,21.42,4.8,16.62,12.27433333,13.9775,54.13189144,12.80358889,983.0743089
Aysen,2015/11/22,2015,47,11,1,0.090909091,13.21372806,37.79079375,7.846303295,23.47688,8.03051165,18.58,-0.02,18.6,7.942166667,33.7675,62.22464008,9.806279636,979.445575
Aysen,2015/11/29,2015,48,10,0,0,6.65002375,40.23749375,9.01368556,21.60588899,9.32492455,20.68,1.777142857,18.90285714,11.77145833,4.335,51.97935398,10.89529769,984.2621381
Aysen,2015/12/6,2015,49,11,0,0,7.10660125,39.87699375,8.635689645,24.58453725,6.9371577,25.96,2.1,23.86,14.94854167,4.16,46.3702368,10.05695607,987.585762
Aysen,2015/12/13,2015,50,14,0,0,5.923238,36.42570625,8.14846462,25.83782985,7.166607,19.06,3.883333333,15.17666667,12.01166667,12.81,49.01023414,13.8997477,981.5007515
Aysen,2015/12/20,2015,51,3,0,0,9.317439375,36.00835625,5.471571648,24.05470025,7.9591304,19.32,2.7,16.62,11.0959375,20.205,53.03683159,11.2274204,984.1205748
Aysen,2015/12/27,2015,52,4,0,0,8.899587,37.46869375,5.091099178,22.47417683,8.46382815,20.18,3.52,16.66,12.34,48.88571429,61.23202404,12.55904679,977.6923419
Aysen,2016/1/10,2016,1,4,0,0,8.323436136,38.4792,8.216270553,20.34499653,7.635543091,28.34,2.72,25.62,15.58272727,2.496428571,44.16226602,9.283425574,987.0710202
Aysen,2016/1/17,2016,2,7,0,0,6.319801875,34.659075,5.19297231,21.03468987,8.52973625,25.36,8.28,17.08,16.0271875,0.775,50.78211927,10.77194102,984.5649096
Aysen,2016/1/24,2016,3,1,0,0,8.2455775,37.68533125,6.98040574,22.49912861,14.16150068,30.42,7.08,23.34,17.3425,4.02,49.01496684,8.816632933,985.6918639
Aysen,2016/1/31,2016,4,5,0,0,7.98353875,33.445925,6.513811578,18.20584073,8.938665625,28.78,4.38,24.4,15.095,5.75,48.00894279,10.08633672,984.6090106
Aysen,2016/2/7,2016,5,6,1,0.166666667,12.79986875,40.4572,4.632806158,21.61951834,5.37269455,30.9,3.8,27.1,16.0575,9.6225,46.12636072,7.938799395,987.9806706
Aysen,2016/2/14,2016,6,5,0,0,7.870044375,38.69000625,8.313716535,21.30120797,8.8418891,26.84,6.56,20.28,15.3925,15.9875,51.35765637,11.37832049,982.0914534
Aysen,2016/2/21,2016,7,3,0,0,7.755561125,41.8163625,6.739307445,20.33467146,10.6678438,21.44,1.72,19.72,13.28,32.105,54.52118971,11.67375486,980.2595874
Aysen,2016/2/28,2016,8,4,0,0,11.48291756,42.08721875,5.45600459,21.30920012,12.76914095,21.12,2.54,18.58,11.97,17.315,50.92892968,11.7169048,983.3083768
Aysen,2016/3/6,2016,9,8,0,0,14.349595,43.38385625,4.794093358,23.48848565,12.492365,24.38,0.76,23.62,13.54,1.325,50.24596445,7.274067744,990.353121
Aysen,2016/3/13,2016,10,5,0,0,15.32253938,42.45069375,6.02347039,23.42664765,11.2656039,22.68,0.92,21.76,12.785,1.345,48.50588238,9.399130788,989.3283199
Aysen,2016/3/20,2016,11,11,0,0,14.97160938,47.77248125,7.488965098,23.9405278,13.9304569,22.48,3.14,19.34,12.1475,5.755,53.05673902,10.73804696,987.8913051
Aysen,2016/3/27,2016,12,7,0,0,27.92576313,53.65805625,6.485940673,27.41245465,13.45796355,22.48,-0.66,23.14,11.996875,16.72857143,56.75350638,10.45083401,986.9340431
Aysen,2016/4/3,2016,13,9,0,0,20.65168125,43.6587875,7.823012805,19.67208292,11.40362175,20.8,0.94,19.86,10.5421875,6.7475,60.06371164,7.904002537,986.0095273
Aysen,2016/4/10,2016,14,7,0,0,42.6503,47.1239,7.578099135,18.17696822,12.4640945,17.32,-3.02,20.34,6.736339286,8.475,57.30200806,8.136191528,987.1275312
Aysen,2016/4/17,2016,15,7,0,0,51.126625,43.8054625,6.668031983,17.83603675,13.1798481,17.66,-3.2,20.86,7.026339286,22.55,63.41711781,7.839830684,979.5875953
Aysen,2016/4/24,2016,16,10,0,0,43.24361875,38.35100625,6.854756763,17.65240509,10.47792385,13.24,-3.2,16.44,5.7221875,34.75,70.22913753,7.298458659,980.5832764
Aysen,2016/5/1,2016,17,7,0,0,149.931425,68.943025,6.974744248,17.29014319,16.8846184,12.92,-4.72,17.64,2.4071875,1.4075,66.0268109,3.842770684,996.0868392
Aysen,2016/5/8,2016,18,6,0,0,131.3942813,53.0877,6.146208875,15.30034506,15.0085852,14.48,-4.32,18.8,5.6375,7.3125,72.66862082,3.262755821,992.4512069
Aysen,2016/5/15,2016,19,6,0,0,61.5080625,55.796525,6.074127828,13.50061867,17.4996322,12.46,4.86,7.6,7.8025,11.4975,82.07469343,3.635357756,993.2357198
Aysen,2016/5/22,2016,20,9,0,0,154.9969188,61.3301625,7.011216613,13.67399856,16.93441725,10.24,-5.18,15.42,3.1575,2.825,80.9797873,3.642829024,995.2158942
Aysen,2016/5/29,2016,21,6,0,0,159.5518881,60.94548125,7.036049628,13.72881804,24.827421,9.46,-2.46,11.92,3.1925,0.362142857,77.35113054,4.680523282,995.3738757
Aysen,2016/6/5,2016,22,15,0,0,117.1292694,76.651175,6.9750295,14.03355541,20.14860155,9.68,-1.94,11.62,3.4765625,2.276071429,84.14679836,3.640921137,993.0328111
Aysen,2016/6/12,2016,23,11,0,0,80.106475,105.8912938,5.630935768,14.4784933,25.426859,10.88,-4.38,15.26,2.7275,4.319285714,73.10717803,5.994552496,994.7709887
Aysen,2016/6/19,2016,24,13,0,0,95.95120625,121.1801313,5.771927793,12.84322683,25.594649,12,-5.58,17.58,3.4675,5.175,76.32832605,6.115652345,993.1017035
Aysen,2016/6/26,2016,25,16,0,0,110.0262313,84.02126875,6.935466452,13.57040472,24.72291885,13.68,-5.58,19.26,3.1325,13.22285714,82.2578278,6.071697217,991.3684974
Aysen,2016/7/3,2016,26,14,4,0.285714286,114.5750688,83.93773125,5.88758671,14.19223383,21.9479002,13.68,-8.16,21.84,2.2175,6.048214286,74.08467803,6.309518366,990.5075201
Aysen,2016/7/10,2016,27,23,5,0.217391304,61.88693125,67.17168125,3.856738677,16.68535603,18.1201591,12.94,-8.16,21.1,6.59,15.295,74.46854021,7.745805265,984.351549
Aysen,2016/7/17,2016,28,18,5,0.277777778,79.12110688,54.03321813,4.060158653,21.08121145,15.6080655,9.02,-1.22,10.24,2.9275,17.0675,83.34999272,4.962475979,986.5695119
Aysen,2016/7/24,2016,29,24,6,0.25,102.2740188,61.40469375,5.50191878,17.90621749,17.7219281,9.4,-6.76,16.16,1.62,12.4375,75.36426095,5.581091912,987.3347718
Aysen,2016/7/31,2016,30,16,3,0.1875,117.42245,63.7696875,6.425391818,17.65086845,17.5185497,7.32,-6.76,14.08,0.645,11.72,80.23166375,4.817258754,988.2240523
Aysen,2016/8/7,2016,31,22,6,0.272727273,93.12061875,72.46140625,5.605049185,16.64654117,17.69358945,11.32,-2.78,14.1,3.3825,36.9975,83.4736859,5.745787517,984.1937772
Aysen,2016/8/14,2016,32,26,7,0.269230769,48.12158125,61.71485625,6.09320169,17.95047895,18.08661285,13,-0.28,13.28,5.89,47.24,76.83624709,8.208976344,981.0998753
Aysen,2016/8/21,2016,33,17,6,0.352941176,65.33881125,72.1111875,7.379191028,23.05772224,11.99223095,12.16,-5.04,17.2,2.331071429,34.09928571,80.42576437,5.751459459,983.183998
Aysen,2016/8/28,2016,34,25,10,0.4,45.73309375,60.4167,6.741185658,22.29214575,9.4818646,13.68,-1.4,15.08,5.9025,30.81,74.3484358,7.576671448,984.1781052
Aysen,2016/9/4,2016,35,3,2,0.666666667,70.4111125,63.52858125,6.57133073,26.19431465,7.5916468,14.78,-3.16,17.94,4.265,36.1,67.05837898,7.887309508,993.2056542
Aysen,2016/9/11,2016,36,1,0,0,58.60731875,66.99201875,6.42261298,25.2719215,10.6361564,15.72,-3.16,18.88,5.585,17.15,64.46314443,6.763335796,988.488259
Aysen,2016/9/18,2016,37,13,1,0.076923077,38.60265625,50.8255875,5.926367623,27.25353785,6.9431173,15.08,-4.32,19.4,5.785,10.67142857,60.43964744,7.086132733,989.0450866
Aysen,2016/9/25,2016,38,11,3,0.272727273,38.1399625,45.286225,6.25484128,29.6926868,5.2927546,17.26,-3.76,21.02,7.3075,4.648214286,51.93856935,7.651441942,990.4367848
Aysen,2016/10/2,2016,39,20,2,0.1,37.20495,42.4128375,6.651532533,29.01492125,5.0527256,19.24,-1.76,21,8.8434375,12.41,61.02855866,6.711072203,989.6567724
Aysen,2016/10/9,2016,40,18,1,0.055555556,28.3510675,47.55951875,4.496578603,24.6039094,4.36167285,15.26,-0.14,15.4,7.72,9.914285714,59.9246217,8.485209582,987.9168237
Aysen,2016/10/16,2016,41,12,2,0.166666667,19.70853,42.7155375,4.331637192,21.46223814,4.90217755,15.3,-2.8,18.1,6.705,34.42107143,59.01787296,10.70519247,980.208633
Aysen,2016/10/23,2016,42,12,2,0.166666667,23.913895,47.29363125,4.067425223,25.02178385,4.26431705,23.4,-0.52,23.92,10.9825,1.853928571,44.64416181,6.942501224,991.3410403
Aysen,2016/10/30,2016,43,10,0,0,12.41030125,50.5518625,4.182859148,25.8951819,4.2305029,23.4,2.82,20.58,12.15,10.78333333,52.98513695,9.746915498,989.2104492
Aysen,2016/11/6,2016,44,2,0,0,10.63631813,44.5569625,6.027472113,23.29713183,4.62420075,17.7,2.82,14.88,9.4575,96.29666667,60.49973291,12.89002253,979.2660362
Aysen,2016/11/13,2016,45,1,0,0,10.95918938,39.6071125,6.696858533,25.58241245,5.27892955,17.64,0.5,17.14,9.6178125,35.9275,50.79078234,13.0147712,987.4235779
Aysen,2016/11/20,2016,46,4,0,0,13.12343625,43.66648125,5.487896868,25.34400344,5.01725,23.02,2.24,20.78,10.245,31.725,52.99519522,11.52267958,984.743987
Aysen,2016/11/27,2016,47,8,1,0.125,8.3453225,39.8127,5.143073428,24.5761117,4.89930115,28.46,2.64,25.82,16.01357143,1.986428571,47.27957799,8.581049409,986.1077646
Aysen,2016/12/4,2016,48,9,1,0.111111111,10.36709125,46.51683125,6.305657163,27.6055759,4.62670491,25.42,5.2,20.22,14.859375,2.4125,49.43072067,11.79271272,986.1935431
Aysen,2016/12/11,2016,49,5,0,0,7.47001125,36.401975,5.743780478,22.11144723,4.97351885,23.64,5.7,17.94,13.43,12.38,54.08592754,11.45612617,983.6390391
Aysen,2016/12/18,2016,50,6,0,0,10.7004725,44.16130938,6.380580648,24.7281516,5.7463328,20.74,5.02,15.72,12.8475,35.6375,56.90565559,12.90179059,980.8976649
Aysen,2016/12/25,2016,51,10,0,0,6.270971875,49.35391875,5.538127508,24.6260819,5.64019035,19.92,4.4,15.52,12.7,28.49,58.70547154,12.72992676,979.1190455
Aysen,2016/12/31,2016,52,6,0,0,6.839895857,37.71988571,5.763201275,23.49807767,7.163617262,21.54,6.62,14.92,13.947,7.397142857,56.06971548,13.43120421,982.8531153
Aysen,2017/1/8,2017,1,7,0,0,9.154613889,46.00518889,6.434352037,23.27417331,7.342797466,17.88,3.8,14.08,10.86277778,70.77071429,64.34223283,12.66554965,978.9630346
Aysen,2017/1/15,2017,2,5,0,0,7.920141875,45.85795,6.00500725,23.43644863,5.2354569,19.6,5.54,14.06,12.07,38.64,56.93183081,12.86316138,982.2978613
Aysen,2017/1/22,2017,3,11,0,0,17.3411375,48.51694375,5.94280452,29.1019967,5.28787835,21.82,6.52,15.3,13.9125,17.8275,54.43123737,12.53788668,984.2166664
Aysen,2017/1/29,2017,4,3,0,0,37.69674806,47.45745,5.92929318,31.32656975,5.38028035,25.8,5.92,19.88,14.9684375,31.315,55.93604167,11.84725529,986.6476069
Aysen,2017/2/5,2017,5,3,0,0,18.78986438,45.7066875,8.351187448,30.04134924,5.2356966,22.76,5.26,17.5,13.11,14.2875,58.9547062,10.6029041,984.7880024
Aysen,2017/2/12,2017,6,1,0,0,8.692731875,47.77005625,7.686045428,26.3007108,5.166851,22.76,6.3,16.46,14.015,3.5525,54.76591929,10.20439427,986.3499523
Aysen,2017/2/19,2017,7,1,0,0,10.04304625,36.9646875,6.910135048,23.26132655,5.0916087,27.58,6.06,21.52,14.25,35.5475,62.23104847,9.516097993,980.4402134
Aysen,2017/2/26,2017,8,1,0,0,10.11592688,39.67405,5.375265688,18.51537373,6.01940045,25.2,6.14,19.06,15.655,11.8975,61.0766924,9.364111988,983.3854174
Aysen,2017/3/5,2017,9,3,0,0,9.830859375,37.71760625,5.008772555,19.46609746,5.6241563,23.46,5.02,18.44,12.12,29.7075,61.42364268,10.15291945,980.5233732
Aysen,2017/3/12,2017,10,5,0,0,15.393855,49.54468125,5.297128118,21.64813949,5.9166044,18.12,2.24,15.88,10.24,13.8,68.50292298,7.629291802,981.7796521
Aysen,2017/3/19,2017,11,6,0,0,15.33017,49.01109375,6.359440195,24.49782685,5.7648743,23,1.54,21.46,12.3975,6.1025,59.13063131,9.172536,988.194604
Aysen,2017/3/26,2017,12,9,1,0.111111111,19.26635188,42.64403125,6.815064418,24.69680605,5.56876445,21.935,2.34,19.595,11.721875,8.2225,64.3507702,7.091199194,989.6568521
Aysen,2017/4/2,2017,13,11,0,0,30.27258563,45.62074375,6.594591418,18.36160585,6.25522765,18.32,6.18,12.14,11.6728125,71.795,80.41871843,5.284597839,989.8238921
Aysen,2017/4/9,2017,14,7,0,0,29.29932063,47.58963125,6.871917435,18.37081271,6.20787515,16.38,-0.5,16.88,8.6575,48.9425,75.39417298,8.139064755,984.7105575
Aysen,2017/4/16,2017,15,5,0,0,75.59398125,52.0518375,7.838947973,19.15444619,7.27096815,17.845,-1.72,19.565,7.6678125,1.151428571,67.10816434,6.481796011,991.8438816
Aysen,2017/4/23,2017,16,2,0,0,40.69633188,45.17443125,5.040657628,20.30290035,7.9095642,17.845,1.26,16.585,7.95,15.01,67.8522414,7.867928291,984.6568307
Aysen,2017/4/30,2017,17,8,0,0,27.20301063,63.5590125,6.341899623,18.3502773,8.43076835,17.16,3.64,13.52,9.02,38.09714286,69.77799242,9.342451299,981.8490204
Aysen,2017/5/7,2017,18,9,0,0,48.2023925,50.37146875,5.395668938,22.32574505,6.7152519,18.56,2.44,16.12,8.672083333,94.77035714,78.84584499,8.173267753,976.8008235
Aysen,2017/5/14,2017,19,16,0,0,81,43.67857125,5.270566558,20.31227601,5.07365,11.84,-1.68,13.52,5.8425,30.85,84.50818652,4.486706111,984.7095373
Aysen,2017/5/21,2017,20,7,0,0,48.1875,89,4.632905718,19.39477845,5.0572,14.66,0.28,14.38,5.92625,67.4075,79.52402389,7.642690643,982.0571166
Aysen,2017/5/28,2017,21,17,0,0,50.25,102.75,6.206061138,15.81406302,5.6353,9.88,-1.55,11.43,3.495,18.06535714,73.59306388,7.748400471,988.0965822
Aysen,2017/6/4,2017,22,16,0,0,79.78125,98.875,6.312653218,15.60136235,6.395525,9.44,-2.366666667,11.80666667,3.44125,21.28178571,83.86165527,5.432053788,986.7214131
Aysen,2017/6/11,2017,23,10,0,0,42.3125,73.1875,11.18050285,16.04052681,7.48172837,12.5,-0.48,12.98,5.876875,50.745,73.07800325,9.904380878,979.948504
Aysen,2017/6/18,2017,24,9,1,0.111111111,70.9375,53.67708375,9.421398498,20.6201555,7.63015625,8.12,-10.26,18.38,-0.605,58.5625,82.06612287,6.21861545,983.2656828
Aysen,2017/6/25,2017,25,10,0,0,93.6875,29.92708375,7.42657995,18.70891589,6.60555625,3.98,-10.26,14.24,-1.1,38.07142857,83.62535985,6.077245922,981.9361733
Aysen,2017/7/2,2017,26,7,0,0,104.5625,32.9375,5.55356553,18.36131724,8.3143,13.96,-9.22,23.18,1.793125,37.26428571,83.49755517,6.207679746,985.5483071
Aysen,2017/7/9,2017,27,21,1,0.047619048,96.75,53.5,7.007709415,16.98417812,9.31305,13.96,-2.2,16.16,4.5125,25.055,77.9932584,7.509098049,983.5938664
Aysen,2017/7/16,2017,28,17,2,0.117647059,76.25,56.75,5.45263789,21.88081721,7.5576,7.54,-9.58,17.12,0.47,29.17,80.78773539,6.033916171,983.5404382
Aysen,2017/7/23,2017,29,16,6,0.375,56.0625,59.75,6.119107268,16.42042626,10.62435,9.965,-7.54,17.505,4.067708333,71.06107143,80.53553977,7.387364585,984.5301118
Aysen,2017/7/30,2017,30,13,1,0.076923077,60.6875,84.625,7.568623905,17.02532612,10.61025,11.2,-2.7,13.9,3.906875,85.12642857,78.72939078,7.339783938,981.9578343
Aysen,2017/8/6,2017,31,15,8,0.533333333,75.75,67.44791688,7.59020681,20.17576372,11.1014,11.3,-2.7,14,4.3825,8.595,74.05320531,7.811453547,988.5196835
Aysen,2017/8/13,2017,32,29,18,0.620689655,69.4375,50.39583375,5.31713149,24.41577072,10.34705,10.96,0.16,10.8,4.575,12.135,76.63530303,6.885303682,979.517982
Aysen,2017/8/20,2017,33,32,17,0.53125,38.125,43.04241063,5.694631243,23.386561,10.01335,10.1,-0.28,10.38,4.2125,51.065,73.21670323,8.799108881,976.3811209
Aysen,2017/8/27,2017,34,28,13,0.464285714,43.1875,40,5.178073353,25.52380649,8.8877,10.1,-1.4,11.5,3.8225,102.21,76.8356401,8.691528281,972.9264295
Aysen,2017/9/3,2017,35,11,6,0.545454545,47.3125,37.59375,5.80928408,26.4157187,9.97105,10.86,-3.36,14.22,3.645357143,10.49,71.29486111,6.844283234,984.98203
Aysen,2017/9/10,2017,36,21,9,0.428571429,34.5,42.69791688,5.824560318,23.8272202,8.4083,12.04,-3.74,15.78,4.330833333,5.6125,66.85563877,8.283731696,987.8164414
Aysen,2017/9/17,2017,37,23,6,0.260869565,20.25,41.625,6.729596743,26.35098921,7.96885,16.016,0.6,15.416,7.297916667,21.92333333,60.69831981,12.11886687,988.0498418
Aysen,2017/9/24,2017,38,13,4,0.307692308,15.375,33.25,6.684443335,29.7887709,7.16045,16.76,1.784,14.976,8.039375,17.80833333,62.95086806,9.9185819,987.3530006
Aysen,2017/10/1,2017,39,23,5,0.217391304,24.4375,42.3125,7.513679558,25.8026209,7.36255,15.44,-2.38,17.82,6.715,16.615,66.36003746,8.201493653,985.8809778
Aysen,2017/10/8,2017,40,9,1,0.111111111,17.5625,36.8125,7.04369315,26.91374,6.862,15.44,1.48,13.96,7.455,46.46857143,67.32490942,10.89558227,972.2412958
Aysen,2017/10/15,2017,41,8,1,0.125,18.625,43,7.35122089,25.9072898,6.2181,16.86,-0.06,16.92,8.610357143,15.03714286,62.62921154,10.26898089,988.9067709
Aysen,2017/10/22,2017,42,6,1,0.166666667,13,37.9375,8.375091018,27.6907134,7.7973,16.86,0.36,16.5,8.739375,8.026666667,60.58517987,10.60726992,982.7271322
Aysen,2017/10/29,2017,43,26,2,0.076923077,11.4375,30.8125,8.494987458,29.89881265,6.8667,15.63,2.18,13.45,9.3775,5.062857143,62.95484213,9.928026812,980.4173879
Aysen,2017/11/5,2017,44,17,2,0.117647059,13.0625,31.75,7.454360138,23.8569681,7.36255,19.51,2.18,17.33,10.855,9.485,56.65260254,7.924908197,983.8921083
Aysen,2017/11/12,2017,45,22,2,0.090909091,12.4375,34.75,7.03144465,23.87256554,6.13585,19.51,3.73,15.78,11.4025,18.405,56.95622111,9.040958482,985.574904
Aysen,2017/11/19,2017,46,26,1,0.038461538,7.4375,33.6875,7.205878683,25.4687104,6.22045,17.99,3.08,14.91,10.2296875,11.21,55.51239843,12.58124546,982.8299084
Aysen,2017/11/26,2017,47,14,0,0,8.875,42.25,7.058019638,27.2624632,6.52125,19.06,3.32,15.74,10.7325,1.455,50.22837406,13.20667097,988.8618616
Aysen,2017/12/3,2017,48,12,0,0,9.5625,37.1875,6.456392313,25.1351723,5.5272,25.24,0.56,24.68,13.2575,0.26,45.70401238,9.793369709,988.8642287
Aysen,2017/12/10,2017,49,14,0,0,6.5,34.5625,6.152532245,26.97014635,6.0066,26.04,6.08,19.96,15.28,0.18,49.08807971,11.4674073,986.0045595
Aysen,2017/12/17,2017,50,9,1,0.111111111,6.125,28.625,6.807401245,22.07946566,5.88205,25.86,3.14,22.72,13.775,23.635,54.05367024,12.3044616,980.5362592
Aysen,2017/12/24,2017,51,12,0,0,7.75,38.6875,6.157112005,23.78722395,5.7998,20.78,3.14,17.64,10.9425,36.39714286,60.48423611,11.9126309,982.0830713
Aysen,2017/12/31,2017,52,9,0,0,6,39.89375,6.056489923,19.49900733,5.5883,22.48,5.02,17.46,13.0775,26.04285714,57.76323232,13.10472125,977.8809017
Aysen,2018/1/7,2018,1,3,0,0,6.5625,29.025,5.536896763,20.88166605,5.9314,21.58,5.86,15.72,12.62,23.25428571,60.04649097,12.50179785,979.2984843
Aysen,2018/1/14,2018,2,4,0,0,5.359375,35,5.13949418,21.53941069,5.5413,26.2,5,21.2,15.6725,4.975,53.40605152,11.18891442,985.8991059
Aysen,2018/1/21,2018,3,3,0,0,5.8125,36.6875,4.394772935,22.91017295,5.36035,25.18,5,20.18,15.535,1.375,54.83586247,12.09710735,986.5524154
Aysen,2018/1/28,2018,4,3,0,0,6.625,39.3125,6.329264673,22.53410775,5.8703,26.08,2.36,23.72,14.12392857,1.55,49.10952505,10.80654377,984.7898275
Aysen,2018/2/4,2018,5,6,0,0,7.375,42,6.518065148,22.9277762,5.86325,27.54,6.3,21.24,15.86571429,6.82,54.57720001,11.98311266,984.3666166
Aysen,2018/2/11,2018,6,1,0,0,8.3125,41.05758938,5.9518802,21.95116455,5.63765,26.26,-0.4,26.66,13.5025,8.385,55.95551407,10.96926577,983.5381955
Aysen,2018/2/18,2018,7,1,0,0,7.6875,37.46131,6.6141376,23.4494035,6.9043,25.64,-0.4,26.04,16.09291667,7.721666667,56.3777695,10.75827798,984.373585
Aysen,2018/2/25,2018,8,1,0,0,5.375,28.91964313,7.890726378,18.61809072,4.99345625,23.54,4.91,18.63,14.20458333,10.66166667,57.55496385,9.649108563,985.100989
Aysen,2018/3/4,2018,9,3,0,0,7.375,36.6875,7.189304563,19.71285509,4.34045,21.97,2.22,19.75,13.49520833,15.2625,57.5105152,10.23338801,985.7513978
Aysen,2018/3/11,2018,10,3,0,0,9.5703125,42.375,6.429154793,22.00780365,4.81985,22.26,2.22,20.04,12.1035,23.495,64.30124008,9.745167824,982.7863967
Aysen,2018/3/18,2018,11,8,0,0,11.625,40.9375,5.79044497,19.79290516,5.15825,15.92,2.06,13.86,9.305375,38.455,65.49123758,11.0104211,976.1915342
Aysen,2018/3/25,2018,12,7,0,0,23.6875,38.375,7.99476232,20.72426482,5.9549,16.54,-2.98,19.52,8.0996875,25.52,65.86352564,8.98579664,981.610219
Aysen,2018/4/1,2018,13,9,0,0,14.4375,41.875,6.33583334,21.454209,5.3768,17.68,1.84,15.84,9.8525,11.79428571,64.35313631,9.651046442,984.3424433
Aysen,2018/4/8,2018,14,6,0,0,22.5625,37.625,5.69329406,20.24065859,5.03605,20.38,-0.04,20.42,8.14,41.175,73.58349845,8.86793624,981.3450041
Aysen,2018/4/15,2018,15,6,0,0,29.4375,33.4375,6.841092153,19.48725492,6.4578,17.96,-2.26,20.22,6.937833333,27.975,71.47002012,8.265676309,981.6083952
Aysen,2018/4/22,2018,16,4,0,0,25.625,42.4375,6.713701203,20.52890868,6.20635,17.7,2.54,15.16,9.446708333,72.88,73.61321352,9.86192517,979.6962836
Aysen,2018/4/29,2018,17,4,1,0.25,34.1875,55.5625,6.976715143,18.34739781,6.721,13.26,-1.04,14.3,5.8675,33.2,73.82583063,8.002010682,983.9315304
Aysen,2018/5/6,2018,18,8,0,0,63.8125,38.625,7.292889865,20.51122924,6.2604,12.205,-3.08,15.285,4.2421875,5.155,73.06282468,6.702628467,987.9890251
Aysen,2018/5/13,2018,19,3,0,0,63.3125,46.25,7.947455928,15.95964276,6.50245,15.74,-2.94,18.68,6.265,20.47,76.45481151,5.899768894,987.9790447
Aysen,2018/5/20,2018,20,4,0,0,59.6171875,63.8125,9.080632128,15.83854514,7.40015,10.22,-1.24,11.46,4.255,16.05142857,85.3374104,4.789761396,987.9258972
Aysen,2018/5/27,2018,21,4,0,0,59,71.125,10.48896564,17.10110217,8.084,14.52,1.4,13.12,6.8025,30.75571429,77.2986408,7.180322726,984.6102039
Aysen,2018/6/3,2018,22,7,2,0.285714286,127.3125,67.96875,7.555769203,17.85127379,5.7763,8.96,-7.52,16.48,0.495,11.98,78.91124132,5.666994588,991.8345159
Aysen,2018/6/10,2018,23,6,1,0.166666667,136.1875,84.43749813,7.787844218,17.78019194,8.674856975,9.86,-7.04,16.9,0.52,20.165,80.12295413,6.449245888,986.5085838
Aysen,2018/6/17,2018,24,15,2,0.133333333,149.25,100.8869,6.442032748,15.18053149,7.91144279,11.1,-8.98,20.08,-0.52,23.2975,83.18738636,5.250901124,992.1307279
Aysen,2018/6/24,2018,25,17,6,0.352941176,63.5,61.63392563,8.741846805,12.35984061,8.56575,9.86,-3.56,13.42,3.475,42.2775,75.11574811,8.511677414,982.7384115
Aysen,2018/7/1,2018,26,9,4,0.444444444,65.125,42.5625,5.700512815,16.68236679,7.26385,9.86,-5.84,15.7,1.9521875,85.6625,79.59737014,7.467747638,976.5495094
Aysen,2018/7/8,2018,27,6,3,0.5,144.0625,39.3125,6.413669283,23.0342167,5.6212,5.2,-8.92,14.12,-2.4540625,3.258928571,77.93366529,4.158253956,991.0045201
Aysen,2018/7/15,2018,28,8,5,0.625,101,67.0625,5.28611069,15.49737382,6.9513,9.48,-5.84,15.32,1.9125,14.88857143,84.83617424,4.445734127,986.078419
Aysen,2018/7/22,2018,29,11,3,0.272727273,55.5,67.3125,4.24710515,17.23745594,6.44605,5.78,-4.14,9.92,0.121875,3.689285714,80.89666764,4.814032126,995.1380232
Aysen,2018/7/29,2018,30,7,4,0.571428571,86.1875,76.06249938,5.648994445,17.57045773,7.58815,10.46,-4.98,15.44,3.106875,3.205,75.33377938,6.742263813,991.8323238
Aysen,2018/8/5,2018,31,2,0,0,64.9375,67.4375,5.3287001,18.8246708,8.16155,11.98,-2.86,14.84,4.319166667,14.455,71.82575724,8.379771299,985.5441088
Aysen,2018/8/12,2018,32,4,3,0.75,95.49107125,64.46875,6.59312913,20.98048264,7.13225,11.12,-2.9,14.02,3.496666667,3.752857143,78.63972324,5.464292775,987.2719518
Aysen,2018/8/19,2018,33,7,2,0.285714286,41.6071425,49.4375,6.200800178,23.62852275,5.89615,14.08,-1.58,15.66,5.115,11.505,70.80440972,9.172085125,986.6309075
Aysen,2018/8/26,2018,34,7,2,0.285714286,44.4375,54.9375,5.861075258,24.3278412,6.2651,13.94,-4.1,18.04,4.49,12.35,68.56753472,8.405304784,985.860657
Aysen,2018/9/2,2018,35,8,2,0.25,55.8359375,43.109375,5.698338215,23.00152047,5.6447,13.94,-5,18.94,3.9840625,45.97,70.49142277,7.881851888,986.7362108
Aysen,2018/9/9,2018,36,3,1,0.333333333,35.5625,50.8125,6.876773933,23.00967725,6.0489,13.15,-1.02,14.17,5.145089286,47.605,70.88876359,8.213496942,986.1460216
Aysen,2018/9/16,2018,37,3,0,0,25.25,46.671875,5.743559088,24.35846105,6.3497,14.4,-0.02,14.42,7.701875,7.148,64.52036458,9.757193641,986.2489541
Aysen,2018/9/23,2018,38,1,0,0,22.125,42.796875,5.593189428,29.2293918,5.94785,13.52,1.82,11.7,6.275,33.62371429,77.55694444,7.10904569,976.5580613
Aysen,2018/9/30,2018,39,1,0,0,26.3125,35.625,5.567679798,25.12107623,5.27575,13.34,-2.76,16.1,5.1775,17.353,71.59923611,6.556952023,982.2091335
Aysen,2018/10/7,2018,40,1,0,0,18.4375,51.796875,6.097691715,31.02925735,5.15825,17.18,-2.76,19.94,6.615,6.325,57.77923611,9.980904845,987.5443531
Aysen,2018/10/14,2018,41,2,0,0,14.75,46.5,4.599525608,29.69206695,4.68355,15.96,-0.92,16.88,7.4321875,10.50857143,59.50486111,10.43762952,986.6446998
Aysen,2018/10/21,2018,42,1,0,0,19.375,31.91666688,3.785672388,27.16306915,4.7799,15.96,-0.12,16.08,7.5575,19.64785714,65.68392361,8.768362229,987.3895275
Aysen,2018/10/28,2018,43,1,0,0,18.25,38.28839313,4.70033371,26.00326365,5.0102,19.22,-0.04,19.26,10.2075,3.15,59.95861111,6.078959003,989.5300358
Aysen,2018/11/4,2018,44,2,0,0,12,30.3125,4.457415825,24.9989719,4.6765,18.5,-2.58,21.08,9.616875,22.03666667,55.22368056,8.776325069,984.6272837
Aysen,2018/11/11,2018,45,5,0,0,13.9375,31.140625,4.87753872,25.90989097,5.4473,20.4225,0.52,19.9025,10.0940625,18.295,62.69180916,10.03318077,983.7057413
Aysen,2018/11/18,2018,46,1,0,0,6.1875,41.875,5.1812858,23.86689379,6.58235,21.56,2.86,18.7,11.4890625,8.49,55.18284722,11.42045098,983.2462399
Aysen,2018/11/25,2018,47,3,0,0,8.3125,36.4140625,6.14267122,26.12190049,7.41895,18.5,3.52,14.98,10.68458333,41.52714286,63.44882502,11.11916956,981.6220368
Aysen,2018/12/2,2018,48,1,0,0,8.125,35.9375,6.256706065,27.87448055,5.5742,21.9,1,20.9,12.08833333,1.043571429,52.39593812,9.489457259,990.2916989
Aysen,2018/12/9,2018,49,1,0,0,6.625,37,5.447915013,29.0056235,6.78915,29.62,3.4,26.22,16.205,1.3875,47.15956597,9.195680981,988.8837071
Aysen,2018/12/16,2018,50,2,0,0,4.5625,40.875,5.93155686,24.2591797,4.900925,21.6975,4.84,16.8575,12.9678125,8.085,53.45477431,11.67713766,983.2134636
Aysen,2018/12/23,2018,51,1,0,0,6.375,35.9375,6.216678688,24.22947835,4.8316,23.94,5.8,18.14,14.365,5.01,52.71514706,10.39434362,987.4669723
Aysen,2018/12/30,2018,52,1,0,0,5.45,30.85714313,4.898062163,22.39429532,4.9444,23.92,4.92,19,13.4225,15.465,54.74268308,11.28955828,981.0942169
Aysen,2019/1/6,2019,1,1,0,0,5.6875,36.6875,4.533620818,24.5058408,4.9726,21.68,2.68,19,12.0725,13.105,55.02197917,12.57923345,982.4665415
Aysen,2019/1/13,2019,2,1,0,0,6.8125,24.5625,4.178805025,19.7069768,6.5606125,24.59714286,1.56,23.03714286,10.6925,22.23571429,57.21068813,10.86512357,982.0692162
Aysen,2019/1/20,2019,3,1,0,0,6.1375,34.8125,5.026491288,22.90518843,4.2394,26.88,3.262857143,23.61714286,15.22625,3.729285714,47.4509984,10.68305456,987.9296842
Aysen,2019/1/27,2019,4,1,0,0,8.3375,34.4375,4.997950318,26.422515,2.9281,21.08,2.16,18.92,12.2405,28.686,54.22992424,12.32960671,983.7968555
Aysen,2019/2/3,2019,5,1,0,0,9.1875,34,5.088660613,26.42904425,5.217,33.92,5.52,28.4,14.783125,6.385,51.76748491,12.17837493,986.115241
Aysen,2019/2/10,2019,6,1,0,0,11.25,31.625,4.12699125,25.90303415,4.31695,33.92,5.58,28.34,16.5440625,0.136666667,45.24518332,10.63547472,984.6627561
Aysen,2019/2/17,2019,7,1,0,0,8.625,51.125,3.780147135,27.17924797,7.0359,27.66,2.886666667,24.77333333,16.527375,7.86,48.16531692,10.89540118,988.0343188
Aysen,2019/2/24,2019,8,1,0,0,9.9375,25.5,3.791054523,21.1538635,6.0066,22.9,2.02,20.88,10.89,15.985,52.4707884,10.89847154,983.8535183
Aysen,2019/3/3,2019,9,1,0,0,11.3125,32.25,4.836922825,22.10855255,6.7774,21.4,2.26,19.14,11.8625,5.85,59.23221469,7.967243794,987.9336816
Aysen,2019/3/10,2019,10,1,0,0,11.875,34,4.996700578,20.13738545,7.09935,25.625,0.82,24.805,10.935,54.46,62.5805506,8.940500992,983.2696288
Aysen,2019/3/17,2019,11,1,0,0,13.4375,36.16964313,4.219571243,20.51015148,7.1346,25.625,3.72,21.905,12.5425,6.13,60.30706859,6.166064226,989.3929763
Aysen,2019/3/24,2019,12,1,0,0,18.6875,41.375,5.322967868,21.20550068,9.96635,18.84,1.16,17.68,10.342125,7.3,63.68515501,7.598023562,989.5029835
Aysen,2019/3/31,2019,13,1,0,0,24.4375,35.75,5.114547523,22.39112257,9.62325,21.62,0.06,21.56,10.8775,5.425,63.46844905,7.012698681,988.4597185
Aysen,2019/4/7,2019,14,6,0,0,17.8125,39.6875,4.876599123,22.09076947,10.95335,18.58,4.22,14.36,11.35916667,12.85785714,61.35581401,11.44052267,984.6854125
Aysen,2019/4/14,2019,15,1,0,0,23.0625,37.0625,5.65484949,19.60163881,12.1025,18.78,1.82,16.96,9.554583333,36.39928571,73.98627459,8.234087837,983.555761
Aysen,2019/4/21,2019,16,2,0,0,25.1875,37.8125,6.143638983,18.54355339,17.70255,16.54,1.82,14.72,8.8575,25.62357143,68.52180871,8.947685185,985.2967693
Aysen,2019/4/28,2019,17,1,0,0,66.25,49.625,7.381552958,17.60796307,21.10535,15.12,-1.62,16.74,6.566369048,20.39285714,75.0488221,5.413546489,989.1632863
Aysen,2019/5/5,2019,18,1,0,0,39.375,34.0625,8.687218823,17.13621434,18.3253,13.13142857,-1.14,14.27142857,5.913416667,19.17,72.36742424,7.594480519,981.5794414
Aysen,2019/5/12,2019,19,2,0,0,37.84375,48.125,17.22634018,14.65369574,16.8777,17.28,1.271428571,16.00857143,8.020892857,16.68178571,74.25435169,6.868340596,986.1652717
Aysen,2019/5/19,2019,20,3,0,0,46.0625,53,15.45559713,18.32021849,20.00555,11.12,-0.48,11.6,5.816071429,41.1025,78.21177708,7.061533115,983.9208082
Aysen,2019/5/26,2019,21,5,0,0,47.4375,77.875,43.62177581,15.83494094,21.80565,12.52,-2.52,15.04,4.73,10.69,75.08506088,7.192086257,988.9899714
Aysen,2019/6/2,2019,22,7,0,0,71.0625,46.875,20.88483449,19.02029595,17.9728,10.52,-4.86,15.38,2.244285714,18.3275,82.31285814,5.155110385,984.4077485
Aysen,2019/6/9,2019,23,8,0,0,56.25,60.3125,5.998238153,15.99551394,21.56595,11,1.2025,9.7975,5.253214286,89.885,82.31038455,6.699587123,976.6324171
Aysen,2019/6/16,2019,24,4,0,0,57.625,53.25,4.724159663,17.38909869,22.71275,5.94,-1.96,7.9,1.878988095,22.655,84.66767649,4.762283704,990.0299998
Aysen,2019/6/23,2019,25,1,0,0,76.671875,82.5625,4.641956835,15.49068777,24.84655,11.06,-3.18,14.24,3.26225,23.66214286,85.24487391,5.447553097,985.2072109
Aysen,2019/6/30,2019,26,9,0,0,70.875,43.8125,4.234208855,18.29942632,16.2573,9.22,-7.22,16.44,1.1063125,37.465,74.43608781,6.548266784,978.1573394
Aysen,2019/7/7,2019,27,3,0,0,84.0625,51.4375,4.944621855,16.36632732,19.7964,9.8,-5.16,14.96,1.932083333,18.94,80.40815961,5.494736133,988.7531138
Aysen,2019/7/14,2019,28,2,0,0,124.5,43.34375,4.717884763,17.27742058,21.05365,8.62,-0.8,9.42,3.2925,10.86,90.76065341,4.829046792,984.0286582
Aysen,2019/7/21,2019,29,2,0,0,61.75,54.375,4.84016966,18.35495851,20.43795,9.98,-2.933333333,12.91333333,2.769,51.49142857,81.95166511,7.258286862,977.9338976
Aysen,2019/7/28,2019,30,2,0,0,55.25,57.3125,4.18284572,18.24636863,20.26875,10.24,-2.933333333,13.17333333,3.413511905,10.75857143,74.69389012,6.958648869,989.2659938
Aysen,2019/8/4,2019,31,1,0,0,54.6875,62.67857125,4.798105888,18.71707782,17.4793,11.46,-2.13,13.59,5.246473214,40.3125,78.46537836,7.44818589,983.8112603
Aysen,2019/8/11,2019,32,2,0,0,50.125,55.125,4.026571563,20.57115305,16.47115,12.12,-1.48,13.6,4.675714286,25.3025,72.60428977,8.573856371,987.6154515
Aysen,2019/8/18,2019,33,1,0,0,64.1875,57.8125,4.039900813,20.66890658,16.3372,10.13,-3.42,13.55,3.1425,2.585714286,70.08431097,4.992131007,995.0888336
Aysen,2019/8/25,2019,34,2,0,0,61.1875,58,3.966128818,16.02336897,14.71805,10.78,-3.5175,14.2975,4.511428571,16.74285714,66.79443577,6.058337467,992.7042627
Aysen,2019/9/1,2019,35,3,0,0,32.625,47.9375,3.903598915,19.42723703,15.8719,10.65,-1.975,12.625,3.921666667,33.34,64.69112689,8.750354112,987.1870705
Aysen,2019/9/8,2019,36,1,0,0,49.5625,43.3125,3.765842263,23.78338603,14.58645,12.62,-4.7,17.32,2.5225,1.745,60.9606626,6.408192158,996.1288056
Aysen,2019/9/15,2019,37,2,0,0,34.5,38.75,3.722204853,25.68383143,11.7218,11.66,-4.98,16.64,4.770625,3.797,66.18937063,7.704910033,989.4539779
Aysen,2019/9/22,2019,38,1,0,0,14.3125,35.625,3.886130065,26.5396887,12.9485,14.18,-1.18,15.36,6.337,3.917,57.28524208,12.15482971,987.7291393
Aysen,2019/9/29,2019,39,4,0,0,24.67857125,32.1875,4.714856698,28.22743,11.65365,19.14,-1.18,20.32,8.526666667,5.6025,60.17612866,9.790519448,989.0380204
Aysen,2019/10/6,2019,40,6,0,0,20.0625,33.50892875,3.86174114,25.14414665,9.8183,13.7,-2.14,15.84,6.03375,8.185,58.63810188,9.251690329,988.6096187
Aysen,2019/10/13,2019,41,3,0,0,16.25,41.75,4.599733898,22.5181019,13.20935,14.6,-1.24,15.84,7.82125,8.405,52.18891196,10.94870107,984.8625529
Aysen,2019/10/20,2019,42,3,0,0,15.1875,38.4375,3.998533633,26.7394176,10.2883,22.42,-1.54,23.96,9.4671875,4.725,46.53130458,8.683598543,992.2261388
Aysen,2019/10/27,2019,43,2,0,0,14.1875,38.1171875,4.737517078,28.5684553,10.42695,20.2,-0.36,20.56,9.210625,13.78,53.94560994,8.956460536,986.8180398
Aysen,2019/11/3,2019,44,1,0,0,12.1875,33.75,4.18223002,26.5585341,10.07915,15.18,-0.9,16.08,8.289553571,29.87428571,62.12031044,10.5330459,980.0415114
Aysen,2019/11/10,2019,45,3,0,0,10.1875,34.5625,4.384840843,27.92691055,9.353,20.34,1.3,19.04,9.959166667,19.41,53.30322574,12.92123191,984.4651105
Aysen,2019/11/17,2019,46,7,0,0,9.1375,23.125,4.529504143,25.1412777,8.3331,23.56,5,18.56,12.355,31.875,59.15666193,11.17062475,982.6999152
Aysen,2019/11/24,2019,47,3,0,0,11.6875,31.25,4.209994815,26.12040305,10.70425,21.02,3.48,17.54,10.83416667,34.95642857,59.30321806,10.48381496,983.4930054
Aysen,2019/12/1,2019,48,4,0,0,9.4375,41.125,4.308303765,25.6503926,8.00645,20.57,3.77,16.8,10.69375,27.61142857,58.70233512,10.32143829,980.5971643
Aysen,2019/12/8,2019,49,4,0,0,10.5,37.3125,4.621886325,25.6914595,8.26965,21.26,4.84,16.42,13.33458333,2.308571429,48.5938286,11.00778995,990.1815328
Aysen,2019/12/15,2019,50,1,0,0,8.25,30.75,4.371429718,23.6137517,8.89475,21.26,4.06,17.2,12.54035714,19.96,58.04809066,11.84926722,983.2790957
Aysen,2019/12/22,2019,51,1,0,0,8.9375,36.5,4.376448,23.66209388,8.97935,19.86,5.9,13.96,12.22625,36.905,58.85759348,11.69893532,983.589405
Aysen,2019/12/29,2019,52,1,0,0,9.3125,33.4375,4.358522943,23.944585,7.94535,23.8,2.98,20.82,12.15261905,31.76857143,60.1586535,11.13260294,980.3589821
Biobio,2015/1/4,2015,1,48,0,0,15.29550438,28.90824864,11.88215077,22.23105378,12.88193919,30.55,6.7,23.85,18.4375,0,47.26856061,11.71919192,1000.928712
Biobio,2015/1/11,2015,2,48,0,0,17.06788219,36.59935511,10.55294932,25.22631904,15.45055352,30.55,10.05,20.5,18.6,0,47.0040404,10.96319444,1000.359861
Biobio,2015/1/18,2015,3,41,0,0,17.46481281,38.83000227,10.37217364,26.00876023,20.95757431,29.95,10.85,19.1,19.38125,0,48.46477273,12.40416667,1000.994306
Biobio,2015/1/25,2015,4,18,0,0,16.60400656,30.63154375,9.143781071,22.99528411,27.41370421,29.05,10.7,18.35,19.04375,0,52.38396465,7.132986111,1001.87441
Biobio,2015/2/1,2015,5,21,0,0,16.43841219,37.08044591,10.938923,20.70947589,27.46282532,29.95,10.2,19.75,18.725,0,50.45852758,7.448958333,1000.602396
Biobio,2015/2/8,2015,6,35,0,0,16.99499594,38.71188125,10.65797922,21.44891761,23.44508913,29.95,10,19.95,19.1375,0,52.38863636,8.1875,1000.352361
Biobio,2015/2/15,2015,7,34,0,0,19.01251688,42.45324739,12.05150358,24.44818924,27.6540245,28.45,8.35,20.1,18.2375,0,47.16477273,11.39583333,1002.936944
Biobio,2015/2/22,2015,8,28,0,0,23.87225969,48.68184273,10.82237695,26.55470475,28.14542988,28,7.95,20.05,16.78125,0,49.84722222,10.1,1001.77375
Biobio,2015/3/1,2015,9,30,0,0,19.53164406,36.69255966,9.947311163,24.34361773,25.779078,27.8,9.35,18.45,17.24609375,1,53.03295455,5.934722222,1001.124028
Biobio,2015/3/8,2015,10,32,1,0.03125,18.01985781,46.23381364,11.13505148,22.00558334,34.70365367,27.1,8.45,18.65,17.48125,0,52.3951049,7.870454545,1001.437481
Biobio,2015/3/15,2015,11,46,0,0,21.57848344,57.41346364,12.8328889,24.98300831,36.9701718,29.35,6.85,22.5,17.6921875,0,44.75492424,10.38396465,1000.253308
Biobio,2015/3/22,2015,12,40,0,0,18.52031969,51.84553852,13.22092636,23.5218081,32.55855957,29.65,6.85,22.8,16.6921875,0,54.79261364,5.900992063,1002.529683
Biobio,2015/3/29,2015,13,38,0,0,19.71725009,38.75594523,12.93479714,19.51099707,39.27036344,29.1,6,23.1,15.90625,0.6,56.8472028,5.392361111,1003.629306
Biobio,2015/4/5,2015,14,50,0,0,16.98322281,38.29396386,10.68639476,20.49592886,42.42225952,26.1,3,23.1,14.55,0,60.74322552,7.994507576,1004.106856
Biobio,2015/4/12,2015,15,67,0,0,18.56543059,42.65697636,14.19381024,19.35521119,38.88189915,26.3,6.95,19.35,15.65,0.7,61.07517483,5.364583333,1001.891875
Biobio,2015/4/19,2015,16,57,1,0.01754386,21.59327997,44.28052466,10.95275463,21.47068819,35.75409145,26.2,2.1,24.1,12.73125,23.4,63.09003497,4.464393939,1003.863636
Biobio,2015/4/26,2015,17,63,0,0,23.36795594,57.4193058,11.67924147,21.17812205,42.6850804,22.45,5.55,16.9,11.69375,0.3,68.78693182,6.619318182,1004.387955
Biobio,2015/5/3,2015,18,77,0,0,28.46420781,65.84785898,12.62502262,20.53222108,42.23089473,22.2,0.1,22.1,10.6,9.4,74.47727273,4.275,1004.9375
Biobio,2015/5/10,2015,19,84,1,0.011904762,31.24075875,56.75958155,17.35438312,19.21635481,47.76202098,20.55,0.1,20.45,10.1,6.5,75.81818182,6.4875,1004.97625
Biobio,2015/5/17,2015,20,54,1,0.018518519,36.71978156,57.87372273,17.40714821,16.7410724,51.86842685,20.55,3.95,16.6,12.08125,0.5,79.375,5.0375,1004.12125
Biobio,2015/5/24,2015,21,93,5,0.053763441,27.212075,49.79386659,15.48842881,18.33563769,48.15708008,18.95,1.4,17.55,11.21875,26.65,84.60454545,6.288888889,1005.651667
Biobio,2015/5/31,2015,22,80,2,0.025,34.60340594,63.00600261,18.6676574,17.67253637,54.32941265,15.65,0.75,14.9,7.91875,20.2,86.39772727,5.7875,1006.65375
Biobio,2015/6/7,2015,23,110,21,0.190909091,18.04430156,57.395935,20.18030523,17.48254303,63.2441353,17.55,8,9.55,12.63125,108.35,91.125,10.075,1003.3125
Biobio,2015/6/14,2015,24,131,30,0.229007634,31.14208969,48.97329739,19.31298167,20.93633609,46.20703892,14,0.55,13.45,7.93125,35.7,87.70454545,4.5,1008.74375
Biobio,2015/6/21,2015,25,170,59,0.347058824,39.127205,73.22462102,34.00339655,19.52392542,70.94300262,15.3,0.25,15.05,7.08125,1.45,81.51542208,5.496153846,1009.2225
Biobio,2015/6/28,2015,26,176,44,0.25,29.92879156,70.00633784,21.67449509,16.28547524,69.74732262,17.25,1.5,15.75,9.30625,4.05,80.44724026,8.796153846,1005.2775
Biobio,2015/7/5,2015,27,196,72,0.367346939,33.26137688,72.31377011,22.84976722,17.11688372,66.56159563,14.25,-1.35,15.6,6.775,23.8,81.81818182,5.6125,1006.1325
Biobio,2015/7/12,2015,28,154,55,0.357142857,26.87604563,48.79374932,12.11025518,14.63990401,59.18425257,14.35,4.5,9.85,9.5,72.05,91.36363636,7.2375,1003.50875
Biobio,2015/7/19,2015,29,167,46,0.275449102,33.12887438,43.53205284,10.74232927,15.15245651,42.19209464,12.2,1.3,10.9,6.9125,54.2,88.61861888,6.942346542,1007.375649
Biobio,2015/7/26,2015,30,126,47,0.373015873,35.84039063,58.27517705,17.00659141,15.26456679,58.20719642,15.8,-2.2,18,7.6703125,33.1,86.12386364,3.935669192,1006.986787
Biobio,2015/8/2,2015,31,121,35,0.289256198,21.35934875,44.12483884,11.1250909,22.68965286,48.68309527,15.5,4.8,10.7,10.79375,82.35,89.0743007,8.620833333,1001.192708
Biobio,2015/8/9,2015,32,103,32,0.310679612,24.83868344,36.10188098,12.73214401,24.30412054,35.26394244,13.75,2.9,10.85,9.54375,70.25,86.76477273,6.141666667,997.9445833
Biobio,2015/8/16,2015,33,122,32,0.262295082,30.07872125,44.31699419,8.345874677,22.53242589,29.44050666,15.2,-0.55,15.75,7.40234375,11.1,73.16818182,7.169444444,1008.180833
Biobio,2015/8/23,2015,34,159,29,0.182389937,26.07569156,43.23569035,10.24820022,22.11897779,35.0684578,19.05,0.45,18.6,9.5625,29.65,77.39772727,7.9625,1005.02
Biobio,2015/8/30,2015,35,130,20,0.153846154,21.77644781,43.92383205,14.32546891,21.13844534,44.4288039,18.85,5.85,13,11.18125,69.9,89.43181818,7.4125,1002.29
Biobio,2015/9/6,2015,36,143,22,0.153846154,19.85090281,45.38125511,20.67232786,20.56425612,44.20273907,22.05,2.6,19.45,11.375,24.35,68.76704545,8.711363636,1005.145
Biobio,2015/9/13,2015,37,115,13,0.113043478,15.07561625,34.71596955,10.54792507,24.15277687,36.29984723,19.2,-1.55,20.75,8.8,32.4,76.27840909,8.686363636,1008.05875
Biobio,2015/9/20,2015,38,130,12,0.092307692,15.97415813,40.07945969,11.36057126,23.57552496,38.26766848,19.2,0.5,18.7,8.442857143,0.05,62.94920357,6.760984848,1004.141117
Biobio,2015/9/27,2015,39,116,3,0.025862069,16.47413844,34.44280591,9.688417173,26.50704123,33.77745041,17.9,4.15,13.75,10.8,60.65,74.10227273,6.356818182,1004.427159
Biobio,2015/10/4,2015,40,133,4,0.030075188,15.33832344,29.93313807,8.592468291,26.18178829,32.31225789,18.6,4.6,14,12.25,47.65,86.30681818,6.5875,1002.30625
Biobio,2015/10/11,2015,41,122,7,0.057377049,13.01019116,30.93044818,11.17629847,32.24693981,30.21983417,23,1.15,21.85,10.5671875,4.95,59.55681818,8.175,1007.625
Biobio,2015/10/18,2015,42,113,5,0.044247788,13.25069209,33.18136978,13.05205603,30.16402754,32.68381111,23,3.5,19.5,11.4109375,23.4,63.56984266,5.877083333,1003.477917
Biobio,2015/10/25,2015,43,94,7,0.074468085,12.97338406,31.40407739,11.86474749,26.682607,33.96942407,23.1,3.55,19.55,12.6375,17.45,63.28347902,6.777083333,1002.400417
Biobio,2015/11/1,2015,44,87,2,0.022988506,11.84076188,32.49766683,9.527795388,27.45354728,25.46959563,22.15,4.45,17.7,12.80625,1.1,60.84090909,10.2,1006.33125
Biobio,2015/11/8,2015,45,86,1,0.011627907,13.36175688,33.37930936,7.556959731,28.51537728,25.78437649,26.25,5.8,20.45,14.48125,1.4,59.78049242,6.556186869,1004.053447
Biobio,2015/11/15,2015,46,97,4,0.041237113,10.59540297,29.08692427,7.788523322,32.66300923,25.93684724,25.1,6.3,18.8,14.41875,2.15,64.2407197,8.390151515,1003.377689
Biobio,2015/11/22,2015,47,82,2,0.024390244,8.199979375,27.96065588,7.663127829,27.0349954,23.16494076,21.9,1.25,20.65,12.4875,4.9,59.19318182,7.375,1004.03
Biobio,2015/11/29,2015,48,83,2,0.024096386,7.76218,29.12189386,8.98732705,23.81270622,27.19748635,28.5,4.65,23.85,15.01875,7.85,55.48592293,10.57675189,1003.059498
Biobio,2015/12/6,2015,49,68,0,0,11.19294363,32.76252849,9.909110122,26.4967647,31.16728642,29.45,9.3,20.15,17.45535714,0,52.36477273,10.5625,1001.545909
Biobio,2015/12/13,2015,50,52,1,0.019230769,8.575052813,31.25843684,7.558802311,27.91222586,23.5688701,26.35,8.3,18.05,16.36339286,0.55,52.24084596,10.87361111,1002.13928
Biobio,2015/12/20,2015,51,30,1,0.033333333,8.563071031,31.74865307,7.297492485,25.32448748,25.47947409,24.75,6.8,17.95,14.875,1,53.37291667,8.7375,1002.656364
Biobio,2015/12/27,2015,52,38,0,0,10.04452969,31.17545091,8.806026653,21.97149379,25.24204712,28.25,7.75,20.5,16.25625,3.05,51.63181818,6.5375,1001.0425
Biobio,2016/1/10,2016,1,42,1,0.023809524,11.88255732,35.71504678,8.812612279,19.50038291,27.03864936,30.8,11,19.8,19.50909091,0,52.2214876,7.754545455,1000.300808
Biobio,2016/1/17,2016,2,33,0,0,8.364659406,34.72236841,8.555767069,21.18472609,26.29541877,29.3,10.55,18.75,18.55357143,0,54.49772727,8.7625,1002.78375
Biobio,2016/1/24,2016,3,33,0,0,11.00891656,37.02236375,9.260709313,22.06813349,29.3756808,31.9,11.9,20,20.31875,0.05,50.18181818,8.15,1000.51625
Biobio,2016/1/31,2016,4,27,0,0,9.1408475,31.2587942,8.123964018,18.79718982,30.55693603,33.3,9.15,24.15,19.0625,1.2,62.55681818,6.6,1001.09375
Biobio,2016/2/7,2016,5,32,0,0,10.69552188,35.94672114,8.632246048,21.34730521,25.32451785,31.55,9.75,21.8,20.40390625,0,49.82102273,8.95,999.715625
Biobio,2016/2/14,2016,6,23,0,0,10.40413906,37.61263398,10.13345358,21.655636,23.82490107,28.95,8.75,20.2,17.775,0,56.3125,9.006944444,1001.719722
Biobio,2016/2/21,2016,7,29,1,0.034482759,8.825130938,40.07165761,10.78619842,21.24740426,24.50169989,28,8.55,19.45,17.425,0,55.27840909,9.056944444,999.8934722
Biobio,2016/2/28,2016,8,32,0,0,9.692580625,42.1839133,12.04160397,22.70949725,28.78777689,29.75,8.45,21.3,17.5625,0,54.32954545,9.7875,1001.87125
Biobio,2016/3/6,2016,9,21,0,0,14.78920438,45.28826182,12.18860405,25.60957866,30.42552103,30.2,9.8,20.4,17.65,0.5,54.65909091,8.4375,1001.38375
Biobio,2016/3/13,2016,10,38,0,0,12.36195281,40.60703182,9.405804127,26.19058636,28.20939654,29,9.95,19.05,16.78125,0.5,57.81818182,7.264772727,1002.740682
Biobio,2016/3/20,2016,11,61,0,0,12.62618531,46.78166034,10.12816655,27.34021156,24.9307915,27.75,7.5,20.25,15.353125,0.6,59.16818182,8.613888889,1002.784722
Biobio,2016/3/27,2016,12,51,0,0,16.50327375,48.47423227,10.84947515,33.24165329,25.09789901,28.3,7.6,20.7,15.54375,0,54.01136364,8.25,1001.78375
Biobio,2016/4/3,2016,13,53,0,0,13.32924531,43.18287114,8.63209887,23.68019564,25.46880304,25.3,6,19.3,13.65859375,15.7,65.29141414,4.892708333,1003.571806
Biobio,2016/4/10,2016,14,54,0,0,16.14592397,40.24349534,9.31023419,20.40642032,22.67027386,21.5,4.05,17.45,11.94479167,12.7,65.01287879,6.839015152,1004.143384
Biobio,2016/4/17,2016,15,54,0,0,16.045341,39.93085372,8.440188258,18.88918652,29.45465889,24.45,4.05,20.4,12.73541667,25.9,74.44659091,8.840277778,1002.234444
Biobio,2016/4/24,2016,16,70,0,0,19.60020406,33.97413999,8.013075596,18.32994358,26.2349156,18.9,3.5,15.4,10.54765625,39.7,78.45340909,6.35,1003.48375
Biobio,2016/5/1,2016,17,52,0,0,47.19562156,55.6959524,11.40753908,18.64012332,34.75931494,21.6,1.3,20.3,10.50625,10.5,75.81818182,4.3,1004.54625
Biobio,2016/5/8,2016,18,59,0,0,40.31906406,47.62881739,9.05102056,17.04944894,30.92544598,18.45,7.25,11.2,12.08125,9.45,90.81818182,2.9875,1004.25125
Biobio,2016/5/15,2016,19,58,1,0.017241379,31.1845,45.65161841,9.649686237,14.88354843,35.20396997,20,4.4,15.6,12.21875,10.3,86.43655303,3.775,1003.2875
Biobio,2016/5/22,2016,20,88,2,0.022727273,35.48283,44.43342227,10.35795071,15.20113782,36.49980926,20,4.2,15.8,11.24285714,32.35,87.45265152,2.9375,1004.50625
Biobio,2016/5/29,2016,21,68,3,0.044117647,32.29083875,52.47913352,12.76654147,14.94633807,52.61990927,18.1,4.2,13.9,10.98046875,32.03125,89.33974359,2.639772727,1004.897955
Biobio,2016/6/5,2016,22,89,13,0.146067416,33.47525,34.47734511,9.825156087,15.52438213,42.07461227,14.85,3.55,11.3,9.063392857,15.75,89.34469697,1.975,1005.706528
Biobio,2016/6/12,2016,23,89,13,0.146067416,37.56789688,61.28031352,16.12078893,15.98710425,48.49312691,16.25,0.35,15.9,7.7171875,0.8,80.86458333,4.227272727,1010.209091
Biobio,2016/6/19,2016,24,108,22,0.203703704,31.95360188,65.82092057,15.41463664,14.96059737,50.64843728,16.05,0.8,15.25,7.895535714,0,82.30689103,4.807007576,1008.254867
Biobio,2016/6/26,2016,25,145,38,0.262068966,37.35503906,62.6919667,11.60623006,17.3670945,48.90518437,14.85,0.25,14.6,7.166964286,0.45,82.07291667,4.575,1007.90125
Biobio,2016/7/3,2016,26,188,46,0.244680851,47.85415094,59.78358455,12.05621158,18.69761184,42.49850157,14.85,-1.55,16.4,5.802678571,2.15,84.13541667,2.9125,1006.1425
Biobio,2016/7/10,2016,27,211,54,0.255924171,32.01197809,55.81684205,11.64703381,18.57299896,36.46716663,16.8,0.05,16.75,7.7140625,35.95,83.90625,4.95,1006.555
Biobio,2016/7/17,2016,28,201,72,0.358208955,29.08778531,42.74480697,10.55092052,22.74369808,58.78951878,13.6,-1.4,15,7.74875,121.3,92.10416667,6.1,1002.88125
Biobio,2016/7/24,2016,29,197,68,0.345177665,22.19713438,48.17965891,9.927047756,19.52229941,34.61449362,15.1,3.2,11.9,9.841964286,143.45,94.96073718,5.754707792,1003.920146
Biobio,2016/7/31,2016,30,203,48,0.236453202,24.92533469,44.12169961,9.625985521,19.83723534,32.82701658,15,1.55,13.45,8.891964286,49.75,91.03285256,3.756818182,1005.18125
Biobio,2016/8/7,2016,31,176,45,0.255681818,24.21124938,47.69752302,10.36033753,18.16612139,32.10391453,17.3,1.75,15.55,8.917857143,21.45,89.90870588,3.932255245,1008.024397
Biobio,2016/8/14,2016,32,168,30,0.178571429,22.28759188,52.14348968,13.48926087,19.66854187,32.35508612,18,2.6,15.4,9.440178571,15.6,83.39393939,6.775,1006.6375
Biobio,2016/8/21,2016,33,169,31,0.183431953,12.51492394,39.2974383,14.11967963,23.61373473,24.18524473,20.45,3.7,16.75,10.48125,36.25,82.625,10.5,1008.5325
Biobio,2016/8/28,2016,34,165,23,0.139393939,20.84038175,43.18352659,11.99520705,22.97476322,27.18416567,22.05,-0.05,22.1,9.425,4.55,75.1625,7.901388889,1006.581528
Biobio,2016/9/4,2016,35,167,23,0.137724551,20.48494406,42.61804409,17.2265524,27.47469751,24.77916392,20.85,0.4,20.45,8.28125,1.85,65.00284091,8.223863636,1011.071477
Biobio,2016/9/11,2016,36,173,20,0.115606936,16.85064394,50.13454943,22.0859902,26.1549181,30.73307434,21.95,0.5,21.45,11.075,8.6,60.48863636,6.1125,1006.53375
Biobio,2016/9/18,2016,37,141,12,0.085106383,12.10139875,41.07300841,11.77677922,28.00674944,26.03229014,22.5,5.4,17.1,11.65625,13.2,76.48863636,8.2625,1006.46125
Biobio,2016/9/25,2016,38,137,9,0.065693431,11.7920275,46.09421409,12.61028656,28.60333228,27.2735041,25.7,5.9,19.8,13.01875,0,62,8.0625,1004.305
Biobio,2016/10/2,2016,39,108,5,0.046296296,12.74835219,37.55311193,8.687057824,32.41503738,22.65166487,21.75,5.5,16.25,12.58359375,28.9,77.50227273,6.091666667,1004.148681
Biobio,2016/10/9,2016,40,114,4,0.035087719,10.9423,34.96778636,9.598783764,26.39851664,20.04395071,21.75,0.85,20.9,11.25625,3.85,63.48863636,8.575,1007.166875
Biobio,2016/10/16,2016,41,93,2,0.021505376,10.35295688,30.92728227,7.12502057,23.60114939,16.86713499,20.35,5.6,14.75,12.2875,46.6,80.125,9.4125,1002.325
Biobio,2016/10/23,2016,42,98,1,0.010204082,11.89160438,26.97106489,7.253334219,27.79888274,14.11115892,21.6,2.15,19.45,11.83984375,14.65,69.6155303,8.577272727,1003.905909
Biobio,2016/10/30,2016,43,92,0,0,8.558181344,31.40611648,7.989194886,28.60094475,15.08913157,28.85,9.25,19.6,15.50859375,8.15,60.56818182,9.8,1005.17375
Biobio,2016/11/6,2016,44,51,0,0,7.6294145,29.70911795,8.022381247,26.5933347,14.34818814,25.9,1.9,24,14.275,13.5,64.93522727,8.927777778,1005.928333
Biobio,2016/11/13,2016,45,74,5,0.067567568,8.4724225,36.2509192,11.08197035,27.89888286,15.70481512,24.1,6.65,17.45,14.73125,0,52.58479021,12.02916667,1004.26125
Biobio,2016/11/20,2016,46,57,0,0,7.642614875,36.37036955,8.955336916,27.74662185,15.27106916,27.65,6.65,21,15.58125,2.6,56.60227273,9.7375,1003.83875
Biobio,2016/11/27,2016,47,9,0,0,7.828507188,32.32908102,7.290004263,27.34800434,11.43931619,26.95,10.05,16.9,16.65,12,62.47115385,8.516477273,1002.104962
Biobio,2016/12/4,2016,48,58,2,0.034482759,7.237272188,38.53300705,8.599431203,29.35170284,12.98724486,34.65,9.8,24.85,18.075,12.7,56.30568182,10.56666667,1001.895972
Biobio,2016/12/11,2016,49,50,1,0.02,6.849201875,31.3006583,8.546154617,24.21954562,11.90753842,27.4,8.55,18.85,16.69375,13.35,63.92604618,9.741220238,1003.640461
Biobio,2016/12/18,2016,50,39,0,0,7.94926,36.42179761,9.696036526,25.60400834,14.14206776,29.3,8.7,20.6,17.325,1,55.13383838,9.696875,1003.445313
Biobio,2016/12/25,2016,51,37,1,0.027027027,5.441195281,37.59318136,8.789602593,24.62534996,12.35324112,27.3,8.45,18.85,16.45625,29.8,56.54318182,10.11527778,1002.175833
Biobio,2016/12/31,2016,52,38,2,0.052631579,6.351823286,30.85477156,8.251220944,25.02925243,11.12728418,30.6,10.65,19.95,17.65714286,15.9,67.31268731,10.08268398,1001.294892
Biobio,2017/1/8,2017,1,30,0,0,6.974763417,35.74191636,11.32242316,23.75889748,11.70183727,27.8,7.7,20.1,17.65347222,4.65,57.04040404,9.893939394,1003.063064
Biobio,2017/1/15,2017,2,60,0,0,6.668285125,33.38498284,12.36012831,23.50486941,10.5688047,29.5,9.95,19.55,18.46875,4.65,52.47045455,11.10138889,1002.263056
Biobio,2017/1/22,2017,3,57,0,0,8.347822938,44.76423759,12.67581506,27.95502638,13.99180089,32.15,10.5,21.65,20.58203125,0,47.88409091,12.50555556,1002.073611
Biobio,2017/1/29,2017,4,35,0,0,24.5953025,52.54142488,10.75924563,32.94831173,13.60123124,35.05,12.2,22.85,22.10859375,0,51.25113636,11.77222222,1001.710139
Biobio,2017/2/5,2017,5,33,0,0,12.93946031,45.02901132,10.51448025,32.29623008,12.89918519,29.65,10.3,19.35,18.696875,1.8,56.39760101,9.005555556,1001.112083
Biobio,2017/2/12,2017,6,21,0,0,7.570053125,38.17213875,11.34518321,29.7483116,13.2486873,29.2,10.2,19,18.68125,0,51.26136364,11.3875,1001.59875
Biobio,2017/2/19,2017,7,37,0,0,8.1388,38.61772477,10.41417564,26.85109534,12.23239543,31,7.3,23.7,17.70625,2.05,60.02272727,8.85,1002.19875
Biobio,2017/2/26,2017,8,27,0,0,8.370758406,36.70734159,10.94216263,19.33667798,11.6688397,32.05,9.35,22.7,21,0,59.60395854,10.35267857,1000.451399
Biobio,2017/3/5,2017,9,30,0,0,7.716305813,33.05518409,8.657543,21.46057196,10.95176504,25.4,8.5,16.9,17.25390625,11.3,65.91950341,7.92906746,1001.202024
Biobio,2017/3/12,2017,10,25,0,0,7.133113188,40.84903148,11.69294524,23.44293641,16.7088881,26.3,6.25,20.05,14.825,17.55,64.22727273,8.3875,1002.915
Biobio,2017/3/19,2017,11,49,0,0,11.73856497,46.56623138,11.49421929,25.91896956,17.43689795,28.55,8.7,19.85,16.2578125,0,59.16868687,10.69965278,1002.625
Biobio,2017/3/26,2017,12,77,0,0,10.45754844,43.23012,7.998754021,27.51348469,18.13050368,25.5,9.9,15.6,16.01875,6.3,71.05595862,8.177083333,1002.540556
Biobio,2017/4/2,2017,13,74,0,0,11.97627563,39.03643983,9.604081634,21.30482092,17.36027438,23.4,6.75,16.65,13.55,6.3,74.08181818,5.697222222,1003.735694
Biobio,2017/4/9,2017,14,66,0,0,10.69796844,39.15233693,9.560432696,19.71221337,21.77658708,22.3,5.95,16.35,12.5984375,37.35,76.46363636,5.640277778,1003.9325
Biobio,2017/4/16,2017,15,48,1,0.020833333,12.72792281,42.23504591,11.48638425,21.26587989,28.4428205,24.2,6.6,17.6,14.29375,0,71.6722028,6.170833333,1002.172917
Biobio,2017/4/23,2017,16,83,1,0.012048193,12.28599888,36.49102784,9.678557524,21.61368691,25.67065717,22.45,5.6,16.85,13.75,17.8,78,3.775,1004.01375
Biobio,2017/4/30,2017,17,51,0,0,20.05435969,48.55488364,20.76169914,21.67873686,34.55700203,22.05,2.75,19.3,11.73125,3.15,75.06439394,4.271590909,1006.253523
Biobio,2017/5/7,2017,18,67,0,0,19.27094594,48.65417295,9.305101938,25.82363069,30.3592871,21.65,4.9,16.75,12.5375,31.25,85.36647727,5.170454545,1002.075682
Biobio,2017/5/14,2017,19,75,0,0,19.4375,37.31125159,10.29072203,22.74149333,26.50498553,19.55,6.1,13.45,12.6625,31.45,83.06439394,5.425,1001.92375
Biobio,2017/5/21,2017,20,86,0,0,30.4375,43.40812227,9.845800901,22.77607465,30.48943757,16.85,0.3,16.55,8.882291667,29.1,85.31761364,4.730555556,1005.677917
Biobio,2017/5/28,2017,21,102,6,0.058823529,42.04296875,58.09180614,11.70690493,21.14061911,39.03489708,14.85,-2.2,17.05,5.81875,8.1,84.6875,4.582954545,1006.288182
Biobio,2017/6/4,2017,22,145,2,0.013793103,36.09375,55.19994602,10.03809128,20.99337944,39.80651018,15.15,0.3,14.85,6.790625,24,93.79261364,3.595454545,1007.770682
Biobio,2017/6/11,2017,23,171,12,0.070175439,31.6640625,54.08730659,14.53662139,19.35603457,42.0990938,16.05,-0.65,16.7,7.6,6.75,87.46440018,5.591171329,1009.685568
Biobio,2017/6/18,2017,24,193,26,0.134715026,28.171875,47.32173057,11.4266398,24.7473648,35.14436808,14.5,0.6,13.9,7.78828125,49.5,88.14452214,8.782954545,1003.687955
Biobio,2017/6/25,2017,25,175,38,0.217142857,26.3125,49.58192705,10.8615168,23.48951539,36.5968874,14.45,0.6,13.85,8.48828125,86.45,92.3219697,5.7125,1001.28125
Biobio,2017/7/2,2017,26,173,46,0.265895954,24.375,47.38625011,13.58502468,23.14789927,36.69879045,18.6,4.45,14.15,11.10390625,9.7,94.20833333,4.108333333,1004.949861
Biobio,2017/7/9,2017,27,180,56,0.311111111,27.55859375,53.25583023,12.21867484,19.50555765,39.41227242,14.95,5.1,9.85,9.23125,36.45,91.98295455,5.441666667,1006.707222
Biobio,2017/7/16,2017,28,203,59,0.290640394,22.125,47.26537898,11.14546258,23.77241958,32.21679625,13.9,-3.15,17.05,6.486607143,42.6,83.175,10.0375,1008.2375
Biobio,2017/7/23,2017,29,176,67,0.380681818,27.83035719,62.64001864,17.21718426,17.60085966,39.71688882,16.95,-3.15,20.1,6.75625,3.25,84.27272727,6.325,1009.45375
Biobio,2017/7/30,2017,30,144,37,0.256944444,40.625,56.1107258,12.08652348,17.57782788,37.05225378,15.4,-1.3,16.7,6.25625,0.65,83.66681235,5.121590909,1007.752525
Biobio,2017/8/6,2017,31,158,41,0.259493671,25.90625,56.8614567,12.11058896,22.19750691,35.16002027,15.4,-1.15,16.55,6.708333333,19.7,84.21022727,8.933712121,1007.582121
Biobio,2017/8/13,2017,32,165,37,0.224242424,17.19140625,36.44099,9.728101134,25.47140307,29.42889783,14.1,2.4,11.7,9.26875,146.55,91.41601107,7.734090909,1004.072386
Biobio,2017/8/20,2017,33,147,36,0.244897959,20.48958334,40.09325261,10.50477197,23.79191515,24.98066157,15.55,-0.1,15.65,8.4875,41.75,82.56704545,6.980555556,1008.841944
Biobio,2017/8/27,2017,34,124,33,0.266129032,18.34375,39.05099818,10.61090188,27.71947242,25.48087939,15,-0.1,15.1,7.925,105.1,90.47159091,6.115909091,1004.006932
Biobio,2017/9/3,2017,35,129,22,0.170542636,24.265625,38.00500261,10.79544682,29.77989761,24.72764165,15.05,0.3,14.75,7.408928571,46.55,80.94305556,5.307986111,1007.471528
Biobio,2017/9/10,2017,36,132,14,0.106060606,19.875,37.9689458,10.31041244,24.6751007,26.14103205,15.05,0.4,14.65,7.5375,11.75,76.7780303,6.001736111,1009.375903
Biobio,2017/9/17,2017,37,80,3,0.0375,16.77678572,39.97889852,13.03535818,27.04727198,27.99141283,22,1.2,20.8,9.11875,8.15,71.31401515,9.1875,1009.543523
Biobio,2017/9/24,2017,38,112,6,0.053571429,15.52846,35.20654159,11.50262563,29.2105121,22.82515121,19.75,3.85,15.9,10.45625,2.05,71,7.9375,1006.54875
Biobio,2017/10/1,2017,39,79,6,0.075949367,15.1875,37.410985,9.015583357,25.81196336,26.24905715,19.7,4.25,15.45,10.69196429,54.85,78.07689394,8.327777778,1005.035694
Biobio,2017/10/8,2017,40,85,3,0.035294118,10.8125,27.22809898,7.896844667,26.75692254,21.11791686,17.7,5.7,12,10.95625,45.35,83.9875,10.07361111,1004.632222
Biobio,2017/10/15,2017,41,93,3,0.032258065,11.05357144,30.24342818,8.370390148,26.23749896,19.32727779,21.95,3.2,18.75,11.46484375,0.9,66.82045455,10.7875,1006.635
Biobio,2017/10/22,2017,42,101,4,0.03960396,8.575892813,34.41872477,8.731434532,26.76980618,23.64632211,22.5,6.4,16.1,12.42410714,5.825,75.23863636,6.778125,1004.084844
Biobio,2017/10/29,2017,43,76,0,0,6.5,27.18216455,9.558207365,29.24396011,18.58457644,22.5,5.65,16.85,12.45625,11.3,65.65909091,8.3625,1004.86375
Biobio,2017/11/5,2017,44,79,0,0,9,25.18073443,8.466326164,24.52598838,19.3269818,18.65,6.4,12.25,11.76875,61.15,84.38636364,7.6375,1004.355
Biobio,2017/11/12,2017,45,82,4,0.048780488,8.5,30.55188409,10.04150154,22.34002292,18.86243638,25.65,9.2,16.45,15.4359375,2.15,69.69232955,7.543452381,1003.712718
Biobio,2017/11/19,2017,46,78,1,0.012820513,6.375,31.09835193,7.798254919,25.7059096,16.92808283,24.75,5,19.75,14.75625,0.4,60.00833333,9.845833333,1005.279167
Biobio,2017/11/26,2017,47,65,3,0.046153846,7.59375,35.15685159,10.09230347,27.40159686,19.25675799,25.05,7.1,17.95,15.11875,0,56.70454545,13.59305556,1004.647639
Biobio,2017/12/3,2017,48,71,1,0.014084507,9.9375,34.93341091,8.620308411,25.61773165,15.01341486,28.1,8.8,19.3,16.10234375,0,57.60681818,10.37638889,1001.546111
Biobio,2017/12/10,2017,49,72,3,0.041666667,9.1625,34.19433898,8.532606204,28.09230944,16.54183036,27.2,8.95,18.25,16.81875,0,56.63548951,9.068560606,1002.090473
Biobio,2017/12/17,2017,50,71,3,0.042253521,7.19921875,33.60883216,10.15810346,24.04204557,16.27255867,26.85,7.4,19.45,16.85625,2.1,69.13709207,10.08674242,1002.547216
Biobio,2017/12/24,2017,51,67,2,0.029850746,7.4375,37.41160841,14.55248189,25.55866889,16.02155376,25.55,7.4,18.15,16.17421875,0,53.75568182,12.5625,1002.98375
Biobio,2017/12/31,2017,52,36,0,0,7.00625,30.75144125,13.32670329,20.87885737,13.05373212,28.35,8.95,19.4,18.05390625,3.8,58.17552448,7.861111111,1003.247014
Biobio,2018/1/7,2018,1,52,1,0.019230769,6.5,31.28997875,10.95129516,19.47064496,13.31960906,32.6,8.85,23.75,17.46875,12.3,63.57897727,9.772474747,1003.778712
Biobio,2018/1/14,2018,2,42,0,0,8.25390625,32.81503818,9.685212913,20.28988147,12.82660856,32.6,10,22.6,19.00625,0,60.06853147,10.50277778,1001.098125
Biobio,2018/1/21,2018,3,37,0,0,8.71875,33.53941727,7.740930629,23.31562896,12.32343284,30.95,10.9,20.05,18.525,0.05,61.84466783,9.404166667,1001.337708
Biobio,2018/1/28,2018,4,43,2,0.046511628,9.125,36.97415716,9.995206728,23.30973733,12.35249476,27.75,8.85,18.9,17.94375,0,58.32891414,8.955555556,1000.05125
Biobio,2018/2/4,2018,5,30,0,0,11.0078125,41.98481852,9.638069943,24.81421924,13.24963159,31.05,10,21.05,18.940625,0,54.62108586,12.60842803,999.2528188
Biobio,2018/2/11,2018,6,36,0,0,7.21875,37.44635466,10.89538836,25.19424884,13.01903925,29.35,8.6,20.75,17.8625,0,55.13636364,11.81363636,1003.144659
Biobio,2018/2/18,2018,7,42,0,0,11.86458331,39.72862364,10.62015782,26.35243857,16.12245459,30,8.6,21.4,19.10625,0,53.53409091,8.4,1001.23875
Biobio,2018/2/25,2018,8,31,0,0,8.53125,30.51137807,9.335651989,21.39196571,15.52845367,27.85,10.6,17.25,18.125,11.65,62.95795455,5.911111111,1001.927576
Biobio,2018/3/4,2018,9,47,0,0,8.9375,33.86399284,8.229390722,22.23167975,18.0081037,28.75,9.85,18.9,18.26875,0,60.75,5.575,1002.54625
Biobio,2018/3/11,2018,10,45,0,0,11.875,40.78435886,8.675908807,24.61305678,19.9386918,29.15,5.75,23.4,15.98515625,3.6,60.45795455,8.0125,1002.06
Biobio,2018/3/18,2018,11,58,1,0.017241379,8.59375,44.12734795,9.564254129,22.51449403,23.32228155,24.1,4.35,19.75,13.34375,40.75,70.82159091,7.45,1002.7475
Biobio,2018/3/25,2018,12,90,1,0.011111111,11.09375,38.78835136,10.85656304,23.59900509,20.8447729,23.7,6.85,16.85,13.80625,16.5,70.1219697,8.347222222,1004.285243
Biobio,2018/4/1,2018,13,54,0,0,10.1875,42.66422409,12.11213228,23.41187011,23.91796459,24.55,6.85,17.7,14.7625,0,69.07992424,9.881944444,1003.179965
Biobio,2018/4/8,2018,14,77,3,0.038961039,17.1328125,40.0600425,11.04764363,20.3424899,20.67789352,23.45,3.65,19.8,12.425,13,76.40909091,5.0375,1002.655
Biobio,2018/4/15,2018,15,71,0,0,18.8828125,39.67133602,12.98879024,19.04268055,22.71942964,22.9,2.85,20.05,11.6125,77.25,81.01136364,4.8,1003.095
Biobio,2018/4/22,2018,16,75,3,0.04,20.90625,51.69272784,12.90217009,18.00817908,26.39766338,22.9,5.3,17.6,12.4375,0.2,79.57954545,5.0125,1004.71625
Biobio,2018/4/29,2018,17,86,3,0.034883721,29.62946428,55.95650182,11.59925418,16.84269534,31.04374088,19.2,3.2,16,10.18125,10.2,82.30681818,6.7625,1005.4775
Biobio,2018/5/6,2018,18,90,7,0.077777778,29.49739584,48.20961114,10.41953905,23.23691885,30.47653313,19.3,3.6,15.7,11.5125,10.9,90.93181818,2.7625,1004.433864
Biobio,2018/5/13,2018,19,96,8,0.083333333,26.85416666,45.45245716,12.19338981,17.10484276,28.3626247,18.75,4.55,14.2,11.7625,20.55,90.14772727,3.5875,1005.06125
Biobio,2018/5/20,2018,20,143,25,0.174825175,31.1875,57.53174386,14.37261601,17.38633821,35.33682957,16.15,3.55,12.6,10.13125,24.8,91.17708333,3.866666667,1006.064167
Biobio,2018/5/27,2018,21,129,19,0.147286822,43.34765625,70.0103158,17.85815436,18.75522812,41.41207953,17.45,2.45,15,8.70625,63.75,88.01041667,5.489583333,1005.624375
Biobio,2018/6/3,2018,22,176,33,0.1875,38.265625,48.24094,12.50394935,20.03156419,32.51659515,15.15,-1.35,16.5,7.413392857,103.75,90.86805556,4.350568182,1006.709479
Biobio,2018/6/10,2018,23,216,57,0.263888889,37.79296875,56.80716466,16.53904475,19.62027516,41.04470873,14.4,-1.35,15.75,6.30922619,61.45,91.70015054,4.816477273,1004.399517
Biobio,2018/6/17,2018,24,196,46,0.234693878,37.778125,60.64620886,16.89972129,18.74455426,38.69747115,16.65,-0.1,16.75,6.389375,16.55,90.00947603,3.46215415,1008.800375
Biobio,2018/6/24,2018,25,207,61,0.29468599,30.46354156,56.3750417,11.23342469,13.88335718,40.43849157,15.95,0.5,15.45,7.290863095,2.55,89.12689394,2.5125,1008.14875
Biobio,2018/7/1,2018,26,232,77,0.331896552,24.22395834,43.76985477,10.25265323,18.00290062,38.78144723,14.1,1.4,12.7,9.18125,50.7,93.98825758,5.881944444,1004.624811
Biobio,2018/7/8,2018,27,196,57,0.290816327,16.72526044,33.87459193,9.466199974,25.90773607,29.5628731,16.6,6,10.6,10.98125,80.35,93.83617424,7.356944444,1000.893333
Biobio,2018/7/15,2018,28,202,61,0.301980198,36.625,51.06055614,10.97777275,15.51764346,40.20303802,16.6,2.35,14.25,9.0375,3.3,88.14727564,3.488311688,1005.974886
Biobio,2018/7/22,2018,29,166,38,0.228915663,49.1875,39.10679693,11.84866003,17.93191438,27.83210045,13.85,-2.1,15.95,4.65,4.65,86.47632576,4.175,1009.7475
Biobio,2018/7/29,2018,30,154,40,0.25974026,63.0625,51.16879406,13.8152116,18.27488534,33.90028278,14.6,-1.75,16.35,5.18125,0.2,84.58333333,3.95,1009.7225
Biobio,2018/8/5,2018,31,132,32,0.242424242,38.234375,51.68654273,13.38380836,19.29928008,38.70067832,14.5,-1.05,15.55,7.109375,17.6,85.37594697,6.8875,1008.39375
Biobio,2018/8/12,2018,32,117,17,0.145299145,36.734375,50.36657636,15.42038394,21.05129021,36.9020312,17.25,1.4,15.85,8.70625,32.05,86.77272727,4.863636364,1005.457841
Biobio,2018/8/19,2018,33,129,15,0.11627907,28.5625,41.3270292,11.78087965,23.77270017,29.880579,16.55,1.4,15.15,8.3625,13.35,78.39318182,5.720833333,1010.025833
Biobio,2018/8/26,2018,34,136,7,0.051470588,24.3359375,41.36565568,10.40918402,24.94918447,31.23150177,18.5,0.3,18.2,8.26875,25.35,75.30681818,6.910416667,1008.210417
Biobio,2018/9/2,2018,35,149,5,0.033557047,24.15625,36.0790325,9.739463943,24.62846146,25.78096112,18.5,2.05,16.45,10.04375,2.8,80.87272727,2.616666667,1006.732778
Biobio,2018/9/9,2018,36,110,9,0.081818182,20.59375,46.34930182,16.84074397,23.42726015,27.87975317,21.35,3,18.35,9.9875,2.05,69.29265734,8.157323232,1007.442159
Biobio,2018/9/16,2018,37,133,6,0.045112782,19.35546875,40.03405273,12.89978569,25.30499099,24.97758788,19.85,2,17.85,9.90625,34.05,67.95454545,9.2375,1005.5475
Biobio,2018/9/23,2018,38,102,2,0.019607843,7.53125,26.65865477,10.011286,30.53691148,20.10344124,17.5,8.4,9.1,11.4375,102.2,87.61363636,9.1375,1003.38875
Biobio,2018/9/30,2018,39,113,4,0.03539823,10.8125,29.98872761,9.102243198,27.03102781,21.73259713,17.6,5.4,12.2,11.03125,50.55,77.50113636,7.9,1003.00625
Biobio,2018/10/7,2018,40,111,1,0.009009009,12.25,33.56804398,9.352905148,32.17838024,23.18141838,20.55,-0.15,20.7,9.88125,15.6,72.77272727,8.2,1006.10875
Biobio,2018/10/14,2018,41,95,4,0.042105263,11.6875,29.63947136,7.116286211,33.13595233,20.45143941,19.3,1.4,17.9,10.1625,17.9,68.56818182,8.4,1006.99125
Biobio,2018/10/21,2018,42,115,2,0.017391304,8.5625,26.69922,7.812578262,30.54006953,18.55616447,19.3,3.2,16.1,11.09375,29.15,74.42045455,7.025,1005.19125
Biobio,2018/10/28,2018,43,110,2,0.018181818,8.78125,30.43911284,9.074369411,28.57868283,20.32620821,21.3,3.2,18.1,13.0875,15.35,68.95075758,4.5,1005.197813
Biobio,2018/11/4,2018,44,79,1,0.012658228,7.9375,22.7088097,7.425824997,29.33784411,16.89469549,19.6,6.2,13.4,12.98125,24.2,80.33181818,8.654166667,1002.527083
Biobio,2018/11/11,2018,45,112,6,0.053571429,8.411458438,29.20675205,8.886816645,26.37440907,17.76721331,27.5,6.3,21.2,14.73125,46.75,66.16382576,8.782859848,1002.501288
Biobio,2018/11/18,2018,46,90,0,0,6.072916656,26.41606216,8.873287751,25.19249716,14.18447592,21.9,6.95,14.95,14.21875,17.4,72.40132576,6.888068182,1004.457955
Biobio,2018/11/25,2018,47,108,2,0.018518519,5.99453125,29.55556659,10.05125213,26.52169523,15.92544728,24.5,7.45,17.05,15.1875,3.6,61.35479798,12.721875,1004.321875
Biobio,2018/12/2,2018,48,84,0,0,7.854464281,31.69749432,8.462980097,29.31543825,14.43437075,27.2,7.9,19.3,16.1,0,57.08661616,10.671875,1003.765208
Biobio,2018/12/9,2018,49,80,0,0,8.304017844,29.56346534,6.611483475,31.51827796,14.08334984,29.65,10.25,19.4,17.55,0,56.87613636,6.220833333,1003.285556
Biobio,2018/12/16,2018,50,69,0,0,6.28125,30.18441125,8.207606011,24.98361408,13.44329215,24.7,6.7,18,15.89375,12.7,63.93295455,6.508333333,1005.031806
Biobio,2018/12/23,2018,51,65,0,0,7.875,32.90318307,8.804751564,23.94738535,13.83820988,28.15,8.9,19.25,17.48125,0.05,56.71590909,9.730555556,1002.430694
Biobio,2018/12/30,2018,52,61,1,0.016393443,7.42578125,30.92938216,9.977082944,22.36132217,12.57846454,29.6,7,22.6,16.875,2.65,57.26136364,9.794444444,1000.813472
Biobio,2019/1/6,2019,1,41,0,0,7.59375,34.8826333,8.51809219,24.99666094,13.92427235,28.85,7.6,21.25,16.59375,0,55.17222222,12.915625,1001.763715
Biobio,2019/1/13,2019,2,46,0,0,5.53125,25.8199792,8.684779079,21.13528386,11.60368918,27,7.5,19.5,15.8625,17.6,67.13131313,7.514583333,1003.483854
Biobio,2019/1/20,2019,3,40,0,0,8.96875,32.64962989,9.087825534,23.42311383,13.56247727,33.05,9.9,23.15,18.51875,0,55.54608586,7.757638889,1002.586771
Biobio,2019/1/27,2019,4,27,1,0.037037037,9.28125,37.36247216,7.706656182,25.98719961,16.01994542,28.9,8.1,20.8,18.34375,0,60.33207071,10.72619048,1001.457336
Biobio,2019/2/3,2019,5,35,0,0,9.59375,35.41918375,8.321359534,25.79224821,15.39374292,29.95,10.1,19.85,19.19375,0,55.12784091,10.99285714,1001.037143
Biobio,2019/2/10,2019,6,39,0,0,11.3375,35.23436784,7.782175258,25.63791169,16.05467319,30.15,10.8,19.35,18.78125,0.1,55.4775974,8.014583333,999.1527083
Biobio,2019/2/17,2019,7,44,0,0,18.81875,39.49261153,7.715365586,27.91506456,14.73779235,32.35,7.85,24.5,18.9625,0.1,59,7.8375,1000.78375
Biobio,2019/2/24,2019,8,41,0,0,7.075,32.40045216,8.674644722,20.93142757,12.55209566,27.1,9.5,17.6,18.35625,0.1,66.12987013,8.075,1001.82
Biobio,2019/3/3,2019,9,44,1,0.022727273,7.790625,32.96889602,9.236598959,21.24940003,17.23727303,26.05,7.45,18.6,15.9,0,60.86363636,9.693055556,1002.2775
Biobio,2019/3/10,2019,10,37,0,0,6.375,33.89852511,9.545408469,19.5862204,16.60492275,31.2,6.55,24.65,16.175,6.9,55.73776224,8.05979021,1001.979003
Biobio,2019/3/17,2019,11,70,0,0,8.828125,37.49808409,9.007856519,20.2030754,18.88904943,25.75,8.55,17.2,16.0125,0,59.75,7.801136364,1001.665227
Biobio,2019/3/24,2019,12,82,1,0.012195122,9.640625,44.58004591,10.47313187,21.26488011,23.56089826,24.65,5.15,19.5,13.88125,0,58.67045455,9.5,1005.22
Biobio,2019/3/31,2019,13,77,0,0,24.51171875,49.24403235,8.004656095,21.96560601,26.17666998,24.9,7.1,17.8,14.2625,0,66.82954545,5.8125,1002.175
Biobio,2019/4/7,2019,14,58,0,0,13.19270834,45.96995943,9.663094153,21.8213766,26.6839962,26.5,5.75,20.75,14.15,0.8,60.90378788,8.103409091,1004.241755
Biobio,2019/4/14,2019,15,84,0,0,13.671875,47.10356023,7.311177727,21.68681022,25.2553184,26.5,5.55,20.95,13.15,4.5,71.59583333,6.23125,1004.215313
Biobio,2019/4/21,2019,16,97,2,0.020618557,18.75,50.28449091,8.631571005,21.1641151,28.53778624,22.85,2.75,20.1,12.00078125,0,77.50284091,3.3625,1003.855
Biobio,2019/4/28,2019,17,88,2,0.022727273,30.125,47.87091636,8.469515228,19.93495634,27.83366485,20.05,6.3,13.75,11.50625,1.2,86.43402778,3.5375,1005.095952
Biobio,2019/5/5,2019,18,88,2,0.022727273,14.48214281,46.61218682,9.790604837,19.32728854,29.00632848,19.25,5.05,14.2,12.76160714,67.15,82.54924242,7.918055556,1003.750417
Biobio,2019/5/12,2019,19,106,1,0.009433962,29.07589284,48.27315102,8.735497235,18.0018552,29.06371723,19.4,3.35,16.05,11.25922619,0.75,85.36458333,2.6125,1005.6475
Biobio,2019/5/19,2019,20,120,1,0.008333333,28.125,57.71569932,10.72737555,21.10925543,33.89219115,22,1.3,20.7,10.3233631,11.7,79.15132576,5.143560606,1004.759268
Biobio,2019/5/26,2019,21,120,1,0.008333333,55.65625,63.40228636,12.27506444,20.49823689,32.75110753,18.85,0,18.85,7.404166667,23.15,82.39308608,3.293181818,1005.680016
Biobio,2019/6/2,2019,22,123,1,0.008130081,17.24609375,44.85465977,11.12574865,22.35111266,31.94913302,16.1,6.35,9.75,11.45822173,81.1,91.07481061,7.908333333,1002.610278
Biobio,2019/6/9,2019,23,178,3,0.016853933,23.28125,56.96703455,12.75006003,19.42308403,37.9406879,16.1,2.5,13.6,10.45625,20.5,93.06534091,4.766435185,1005.709028
Biobio,2019/6/16,2019,24,244,11,0.045081967,23.43303563,44.47420125,9.378219195,22.52456512,33.42850853,15.65,2.95,12.7,8.807886905,73,89.03693182,3.9375,1003.70125
Biobio,2019/6/23,2019,25,158,6,0.037974684,41.875,64.17170898,14.1029808,20.71742938,39.46119883,15.65,0.7,14.95,7.640625,11.3,87.59659091,3.075,1006.48125
Biobio,2019/6/30,2019,26,215,23,0.106976744,25.05357125,47.98845955,8.206351293,20.35828327,38.96581823,14.05,0.05,14,7.865178571,174.2,94.48062354,6.183333333,1004.195625
Biobio,2019/7/7,2019,27,193,36,0.186528497,25.34375,60.72726193,9.906261069,16.30246513,45.76216277,17.15,-1.05,18.2,8.658035714,2.1,84.08296911,6.949116162,1007.741414
Biobio,2019/7/14,2019,28,189,41,0.216931217,21.40625,55.9399867,9.048259146,17.53759747,45.16445378,14.45,2.55,11.9,10.17333333,23,89.16477273,6.3125,1005.87375
Biobio,2019/7/21,2019,29,172,50,0.290697674,33.9375,62.30195807,11.39629784,18.43625821,48.22575765,14.95,0.25,14.7,7.740833333,67.65,89.59375,7.3625,1005.62375
Biobio,2019/7/28,2019,30,182,43,0.236263736,24.99609375,50.51853068,9.461601415,19.28674067,38.79638618,15.2,0.95,14.25,7.71889881,16.05,84.04482323,7.677777778,1008.606071
Biobio,2019/8/4,2019,31,159,46,0.289308176,24.3375,52.04742864,12.23172597,19.67061108,37.3923775,17.95,2.5,15.45,9.208035714,15.5,79.35123106,8.918055556,1009.532917
Biobio,2019/8/11,2019,32,132,42,0.318181818,33.25,47.43555102,9.820918433,22.71948192,27.35174659,16.5,-0.85,17.35,6.941369048,11.45,80.41477273,7.081746032,1009.142262
Biobio,2019/8/18,2019,33,174,38,0.218390805,21.21875,47.9252233,11.08414004,21.14715424,24.83510567,16.25,3,13.25,8.914583333,33.9,84.02414773,6.280555556,1006.160595
Biobio,2019/8/25,2019,34,208,62,0.298076923,43.125,55.74616375,10.92678454,16.72942804,20.17506902,18.25,4.4,13.85,9.8625,11.55,86.65196678,2.532954545,1006.745795
Biobio,2019/9/1,2019,35,179,50,0.279329609,17.0625,45.69638011,11.19915365,21.16671406,16.71652648,16.75,1.25,15.5,9.95,19.3,81.01609848,8.25,1007.502361
Biobio,2019/9/8,2019,36,186,37,0.198924731,18.78125,40.66461284,8.081793808,27.82790764,16.06564346,17.9,1,16.9,8.598660714,29.5,69.78030303,8.0375,1004.7875
Biobio,2019/9/15,2019,37,172,33,0.191860465,17.96875,30.95578102,7.075779635,30.31753045,12.4983266,18.65,2.05,16.6,9.19375,41.75,77.76633523,5.129166667,1005.898333
Biobio,2019/9/22,2019,38,79,12,0.151898734,11.97265625,30.26132966,7.562224424,30.0029744,10.66172781,19.35,0.1,19.25,8.5875,1.15,67.49659091,10.84444444,1009.18256
Biobio,2019/9/29,2019,39,171,27,0.157894737,11.40625,36.92293853,7.671652523,31.94712045,12.03782671,23.8,5,18.8,12.275,2.8,67.23863636,10.05,1004.00625
Biobio,2019/10/6,2019,40,111,9,0.081081081,11.94140625,28.71208466,8.089891704,28.17695449,10.34691799,16.15,1.55,14.6,8.83125,17.4,77.40691288,7.430555556,1008.482756
Biobio,2019/10/13,2019,41,124,8,0.064516129,9.46875,41.92532568,12.3855074,25.17203647,12.72561601,21.85,5.6,16.25,12.475,2,65.78409091,6.386363636,1004.137273
Biobio,2019/10/20,2019,42,125,4,0.032,10.18303572,35.19962034,6.626798816,36.37740278,9.776977718,21.8,3.25,18.55,12.26875,7.4,64.39772727,8.461363636,1004.859545
Biobio,2019/10/27,2019,43,108,8,0.074074074,8.8515625,32.54667193,6.680185639,37.50688891,9.061019022,22.2,3.9,18.3,12.75625,3.15,63.06107955,8.840674603,1005.38125
Biobio,2019/11/3,2019,44,76,2,0.026315789,7.6171875,28.68362159,6.060307132,35.34860613,8.823136277,21.65,3.1,18.55,12.1875,28.95,66.99630682,10.22638889,1003.712471
Biobio,2019/11/10,2019,45,84,5,0.05952381,6.3984375,37.51192216,7.350857758,35.12835603,9.914863498,27.15,6.7,20.45,14.96875,0.5,54.43181818,9.418181818,1002.706818
Biobio,2019/11/17,2019,46,67,0,0,6.34375,36.73942034,8.699656356,31.30243113,8.304840193,27.15,8.55,18.6,16.8125,0.7,54.98522727,8.616414141,1002.880568
Biobio,2019/11/24,2019,47,52,1,0.019230769,6.15,37.72207216,8.015733062,32.98305701,9.369519148,26.95,8.55,18.4,16.7125,0.9,57.15075758,8.781791126,1002.816816
Biobio,2019/12/1,2019,48,40,1,0.025,6.1578125,33.2726958,7.029926753,33.85550691,8.650840033,29.05,2.2,26.85,14.2875,2.1,57.77689394,8.960416667,1004.893939
Biobio,2019/12/8,2019,49,51,2,0.039215686,7.78125,36.8790815,8.262280237,32.85412821,8.484876688,29.05,9.25,19.8,17.26796875,0,50.175,13.2625,1003.55125
Biobio,2019/12/15,2019,50,51,0,0,6.3671875,33.22968409,8.101054083,30.6319482,8.268224548,26.5,8.4,18.1,16.72946429,0,53.19482323,9.330902778,1003.865069
Biobio,2019/12/22,2019,51,68,0,0,6.93359375,33.70598284,9.685579582,29.09097531,8.20522381,28.55,7.9,20.65,17.68678571,0.15,53.0790404,12.91111111,1003.192674
Biobio,2019/12/29,2019,52,46,0,0,6.60546875,33.73999773,8.840037135,28.42068478,7.70024218,28.8,8.85,19.95,18.77864583,0,57.48587662,9.419047619,1001.634762
Coquimbo,2015/1/4,2015,1,6,1,0.166666667,9.29165625,33.055365,12.54709485,28.139328,9.6610192,20.5,12.5,8,15.625,0,80.625,9.982641168,955.0368447
Coquimbo,2015/1/11,2015,2,6,0,0,10.0182275,33.73851188,13.21497543,33.9428635,9.84186345,20.8,11.8,9,16.075,0,80.69791667,9.171199588,954.8402149
Coquimbo,2015/1/18,2015,3,9,0,0,16.9583325,39.4569675,12.06716522,33.83009,10.65083685,20.3,14.3,6,16.65,0,80.8125,9.357268637,955.8412629
Coquimbo,2015/1/25,2015,4,14,0,0,7.24569625,33.8017875,15.03618983,32.2560679,11.29769315,22.8,12.8,10,17.6625,0,78.22395833,7.125042202,955.4549048
Coquimbo,2015/2/1,2015,5,15,0,0,8.510983125,33.11328688,10.75025005,27.3873544,10.9145186,22.3,13.9,8.4,17.225,0,80.69791667,7.024764521,954.9074531
Coquimbo,2015/2/8,2015,6,15,0,0,9.22395875,35.81801,15.773448,30.527245,10.9304516,21.5,14.1,7.4,17.1125,0,80.703125,6.692418488,954.877752
Coquimbo,2015/2/15,2015,7,10,0,0,14.43772438,35.80318188,8.926918693,37.4494995,10.49560525,24.6,14.2,10.4,17.9125,0,78.453125,8.624687877,956.7485189
Coquimbo,2015/2/22,2015,8,10,0,0,22.2005375,43.78768125,14.13776563,38.0169685,11.7437114,23,13.8,9.2,17.3375,0,78.02083333,9.253908294,956.6494995
Coquimbo,2015/3/1,2015,9,11,0,0,11.56397813,41.35145125,15.3957488,29.2739475,10.7008989,23.1,12.6,10.5,17.4125,0,73.00520833,7.35333199,954.4302992
Coquimbo,2015/3/8,2015,10,19,0,0,14.0807275,42.18318688,18.5863848,24.859464,11.08811545,23.1,13,10.1,17.0875,0,77.21354167,6.066821274,954.3242531
Coquimbo,2015/3/15,2015,11,30,0,0,21.92186438,43.51327375,10.93511332,32.468968,10.45358255,23.1,13,10.1,17.2875,0,80.34895833,6.957938465,953.5891763
Coquimbo,2015/3/22,2015,12,14,0,0,27.24367375,52.76945188,13.669401,29.34032045,10.2914772,23.8,14.2,9.6,17.6125,0.2,80.11979167,6.686785685,954.6663523
Coquimbo,2015/3/29,2015,13,14,0,0,35.18422438,77.02950125,24.20851835,23.20301165,12.41405595,24.5,15.1,9.4,18.95,13.4,78.875,7.005227709,955.2865317
Coquimbo,2015/4/5,2015,14,18,0,0,18.54483813,54.33459125,18.28871678,25.1150235,11.5393413,22.1,13.4,8.7,16.6125,0.2,84.7201087,6.556979875,955.9226794
Coquimbo,2015/4/12,2015,15,14,0,0,24.30988688,105.1373219,14.93239198,29.0686865,11.06906165,21.3,11.9,9.4,16.05,0.4,83.60416667,6.084766672,953.2464853
Coquimbo,2015/4/19,2015,16,19,0,0,25.58071625,85.97970188,13.9782109,34.839441,12.63541655,21.1,10.3,10.8,15.4125,0,78.57291667,6.144553958,955.4680547
Coquimbo,2015/4/26,2015,17,9,0,0,35.32720375,49.56828813,15.85418985,32.89565265,12.55974185,19.7,9.9,9.8,14.6875,0,78.76041667,6.576896348,955.2998337
Coquimbo,2015/5/3,2015,18,16,1,0.0625,41.24737063,76.48898188,18.50186033,45.015663,12.82438005,19.7,10.4,9.3,14.7625,0,80.61979167,6.043426753,954.9985308
Coquimbo,2015/5/10,2015,19,21,1,0.047619048,44.5,144.208265,19.33340903,30.836631,13.43788515,23.8,7.9,15.9,14.2375,0,78.375,6.467394441,954.7821903
Coquimbo,2015/5/17,2015,20,13,1,0.076923077,47.84415,64.09777313,25.52709558,26.4564965,14.73895325,23.8,7.7,16.1,13,0,84.15625,5.364530751,955.0551152
Coquimbo,2015/5/24,2015,21,26,1,0.038461538,47.9956725,70.34086438,26.02784963,26.8767205,13.553672,18.9,7.5,11.4,12.575,0,83.265625,6.998429689,956.2618435
Coquimbo,2015/5/31,2015,22,19,1,0.052631579,88.29469375,66.56884875,27.9459287,31.9500825,16.52241995,20.7,7.5,13.2,12.0875,0,80.61979167,5.618601091,956.1744667
Coquimbo,2015/6/7,2015,23,21,7,0.333333333,75.0384125,78.22829625,28.35814968,25.110344,16.09246865,19.9,5.4,14.5,11.8375,0,73.33333333,6.803098584,955.2419746
Coquimbo,2015/6/14,2015,24,25,7,0.28,70.90807875,70.21924375,22.99096833,42.1482075,13.51657725,19.4,4.9,14.5,10.975,0,73.546875,7.939870729,959.0258869
Coquimbo,2015/6/21,2015,25,58,24,0.413793103,69.63696625,61.38322563,20.72096103,42.80273235,16.2223273,20.6,3.9,16.7,10.1,0,70.39583333,6.869910199,956.5193194
Coquimbo,2015/6/28,2015,26,34,14,0.411764706,121.025775,119.06151,13.5768662,46.429313,13.0381243,19.1,6.9,12.2,12.025,0,77.23958333,6.988647959,954.6362408
Coquimbo,2015/7/5,2015,27,33,18,0.545454545,101.325225,93.60706563,15.45633303,48.3687085,14.561305,17,4.8,12.2,9.9875,0,81.01041667,5.975883194,955.4249214
Coquimbo,2015/7/12,2015,28,33,22,0.666666667,84.49950625,76.89908688,18.07794072,40.4997985,14.33613975,17,7.4,9.6,11.3125,29.7,82.95833333,6.842394956,954.7565737
Coquimbo,2015/7/19,2015,29,35,19,0.542857143,50.30514375,53.31923313,11.97058809,53.8487215,12.8028376,19.2,6.3,12.9,10.975,29.9,81.73958333,7.278116972,959.0102321
Coquimbo,2015/7/26,2015,30,31,15,0.483870968,82.62975625,61.808255,28.91054951,46.964148,16.2194321,17.1,5.3,11.8,10.7125,0,84.53267045,6.370435276,957.878148
Coquimbo,2015/8/2,2015,31,17,4,0.235294118,75.96398125,80.4710025,15.1440454,45.6808625,12.41908025,19,7.4,11.6,11.7375,0,81.28267045,6.972834854,953.2502992
Coquimbo,2015/8/9,2015,32,19,4,0.210526316,65.51444563,84.318335,9.93353481,58.6478795,9.97408902,23.1,9,14.1,13.3625,22.2,76.77604167,9.710718795,949.5013119
Coquimbo,2015/8/16,2015,33,29,2,0.068965517,75.910825,86.33369438,16.1523917,64.2409355,10.7602411,16.3,6.9,9.4,11.775,0.2,82.75,6.670622037,958.4387831
Coquimbo,2015/8/23,2015,34,25,9,0.36,78.81834375,83.62353625,17.79777463,57.473717,11.0492394,18.6,6.2,12.4,11.6125,0.8,83.70833333,7.306841211,955.734836
Coquimbo,2015/8/30,2015,35,34,5,0.147058824,63.55550375,73.47986625,25.0232008,32.65243625,12.34116835,21.2,7.6,13.6,12.7875,0,84.57291667,7.988998935,953.3933896
Coquimbo,2015/9/6,2015,36,31,3,0.096774194,37.90673438,58.18468938,16.07094573,36.923852,10.17289855,17.2,10.1,7.1,13,0.4,88.04166667,8.547944689,956.4887113
Coquimbo,2015/9/13,2015,37,18,2,0.111111111,30.46268688,44.92689,18.39433225,40.216995,9.98713105,20.1,8,12.1,13.3,0,79.8125,8.205014752,956.8501967
Coquimbo,2015/9/20,2015,38,33,4,0.121212121,35.3166875,40.78226938,21.9672852,40.7711115,11.505083,20.1,6.9,13.2,12.8625,0,81.28442029,6.932484765,954.612365
Coquimbo,2015/9/27,2015,39,14,3,0.214285714,48.61906875,63.76785875,16.12023775,41.0142005,9.39156115,20.5,6.4,14.1,12.825,6.8,76.82087862,6.685278844,955.5269055
Coquimbo,2015/10/4,2015,40,19,3,0.157894737,43.17089063,64.59669938,19.13999408,47.047644,9.28283605,21.5,8.4,13.1,14.1625,0.2,81.94791667,7.316135379,954.364924
Coquimbo,2015/10/11,2015,41,25,1,0.04,33.2651025,58.79942375,11.02764878,57.272768,9.3633494,21.5,7.2,14.3,13.2375,0,73.06770833,8.627910717,956.651549
Coquimbo,2015/10/18,2015,42,19,0,0,20.17551,51.64848688,12.8505891,49.81880225,9.7732834,20.7,7.4,13.3,13.175,36.5,78.75,7.716555137,956.3219246
Coquimbo,2015/10/25,2015,43,19,1,0.052631579,17.87395125,49.14696,12.79092188,43.473241,9.3948112,21.4,10,11.4,14.6375,0,76.453125,7.160467524,954.873524
Coquimbo,2015/11/1,2015,44,11,0,0,13.87483688,39.45289875,12.00061525,44.6011965,8.5729786,21.4,10.1,11.3,15.1625,0,77.52083333,7.743772435,957.5220818
Coquimbo,2015/11/8,2015,45,8,1,0.125,10.82702125,44.85948813,14.65611953,49.1676045,9.25775685,19.5,10.5,9,14.775,0,75.53645833,7.975229586,957.8588867
Coquimbo,2015/11/15,2015,46,15,1,0.066666667,7.647103125,38.21488063,14.02451613,33.1655275,8.38281425,21.3,8.5,12.8,14.925,0,75.85416667,8.587406963,956.7619625
Coquimbo,2015/11/22,2015,47,13,1,0.076923077,12.47574375,32.31822938,20.21541565,33.9034675,9.0144543,20.5,8.7,11.8,14.5625,0,75.3125,8.925200828,956.2336087
Coquimbo,2015/11/29,2015,48,17,1,0.058823529,8.50899125,29.829395,18.7849808,30.8650265,8.3095342,22.2,9.8,12.4,15.2875,0,75.10416667,9.165499221,955.2160882
Coquimbo,2015/12/6,2015,49,16,0,0,10.47258813,36.50863875,13.9656218,37.26989,7.71075655,20.4,10.7,9.7,15.75,0,79.04393116,8.550312064,955.4922327
Coquimbo,2015/12/13,2015,50,11,0,0,8.998595625,27.996585,14.59089135,37.3714425,7.82750455,20.2,12.8,7.4,15.95,0,79.57518116,8.690236736,956.0246845
Coquimbo,2015/12/20,2015,51,10,0,0,10.80030875,29.063175,21.99945225,33.369588,9.18309735,21.5,10.6,10.9,16.125,0,76.36616848,8.308208557,955.7038455
Coquimbo,2015/12/27,2015,52,12,0,0,10.08663125,27.479825,23.21117605,26.790603,9.2744254,22.9,12.1,10.8,16.275,0,76.87771739,7.557891858,953.637146
Coquimbo,2016/1/10,2016,1,10,0,0,9.099310909,31.01730273,18.56622509,24.24089157,8.991486255,24.7,12.5,12.2,18.04545455,0,77.50428195,6.999450591,954.2174925
Coquimbo,2016/1/17,2016,2,6,0,0,6.544791063,30.71930438,21.70804275,26.3685415,10.54601745,24.5,14,10.5,18.6875,0,74.8428442,7.396679238,955.2207023
Coquimbo,2016/1/24,2016,3,5,1,0.2,8.692636875,33.7230875,24.84051803,15.64890705,9.0151969,25.8,15,10.8,19.4625,0,75.96354167,7.385158626,954.9100377
Coquimbo,2016/1/31,2016,4,3,0,0,8.66066875,33.64054438,17.18870323,9.5862424,8.6377258,25.8,14.9,10.9,19.9640625,0,73.30328526,6.57032425,955.6153772
Coquimbo,2016/2/7,2016,5,5,0,0,12.58730788,37.72878313,10.40907333,18.19507445,7.4711012,25.7,15.3,10.4,19.7,0,74.6481675,8.197255076,956.0182511
Coquimbo,2016/2/14,2016,6,12,0,0,7.276453688,31.154135,17.86696883,17.8026114,8.199056,24.7,14.2,10.5,18.8125,0,75.18229167,7.94893954,956.1960367
Coquimbo,2016/2/21,2016,7,11,0,0,7.372483125,34.39458063,19.4058684,16.64612565,8.6450672,23.2,13.6,9.6,17.725,0,78.72916667,7.950228671,953.7550315
Coquimbo,2016/2/28,2016,8,17,0,0,10.3612275,32.99433063,15.20350958,17.250842,14.37171405,24.2,13,11.2,17.9125,0,79.04895833,7.307141402,954.6340833
Coquimbo,2016/3/6,2016,9,12,0,0,14.52154,36.74144813,18.854568,23.95514205,9.9545248,21.3,12.5,8.8,16.3875,0,81.746875,7.028594588,955.893409
Coquimbo,2016/3/13,2016,10,19,0,0,14.63223625,37.95966563,22.59136265,25.9300405,11.369676,23.1,12.4,10.7,17.3875,0,77.39583333,7.656045195,956.9354552
Coquimbo,2016/3/20,2016,11,30,0,0,15.89517938,36.56025813,12.8823959,28.5641923,10.953209,23.1,12,11.1,16.4,0.2,82.58854167,8.231433292,956.7817497
Coquimbo,2016/3/27,2016,12,19,0,0,27.16904438,40.24769563,13.42597713,40.522608,11.33226635,21.8,12,9.8,16.375,0,79.08854167,7.806212365,956.3696944
Coquimbo,2016/4/3,2016,13,16,0,0,21.35349563,42.04935313,15.04875273,32.8560925,12.99564805,22.4,13,9.4,16.975,0.2,80.421875,5.839389281,956.495362
Coquimbo,2016/4/10,2016,14,15,0,0,40.52796875,58.72128625,11.31837053,29.6347688,11.47860085,28.5,10.4,18.1,16.0625,0,80.11979167,6.620985556,955.9897204
Coquimbo,2016/4/17,2016,15,20,0,0,46.811705,66.3840375,5.183418153,25.6267501,12.2455492,24.7,10.4,14.3,16.425,0,79.41666667,7.076379077,954.2155029
Coquimbo,2016/4/24,2016,16,19,0,0,39.76914625,57.32778625,10.60395548,27.720476,10.53039465,21.7,10.2,11.5,15.7,0,79.578125,6.876519037,955.9253605
Coquimbo,2016/5/1,2016,17,21,0,0,136.7189688,153.934245,18.5832932,30.1149492,13.11007895,22.3,7.7,14.6,14.275,0,75.171875,5.522169493,955.025658
Coquimbo,2016/5/8,2016,18,20,0,0,135.3272313,121.2800019,18.59274485,29.9475995,13.15032035,20.8,10.7,10.1,14.7625,0,83.80729167,5.023660714,953.8553919
Coquimbo,2016/5/15,2016,19,19,0,0,64.302485,66.48426625,11.94831481,18.0066033,12.33190818,21.8,8.8,13,14.3375,0.2,78.35416667,5.514968644,952.6469309
Coquimbo,2016/5/22,2016,20,24,0,0,147.8171888,160.8687256,12.0989504,20.15699035,12.7453754,20,8.7,11.3,13.775,0,79.6875,5.580077755,954.5785951
Coquimbo,2016/5/29,2016,21,33,2,0.060606061,167.78755,164.2675381,24.25823613,14.15238335,16.51924275,22.8,7.9,14.9,13.5875,4.8,81.875,5.178450784,955.0553828
Coquimbo,2016/6/5,2016,22,35,1,0.028571429,118.7797938,123.4566531,12.07159433,22.1342261,12.1443253,19.2,10.2,9,13.575,7.2,82.21875,5.86772805,956.2681019
Coquimbo,2016/6/12,2016,23,26,4,0.153846154,79.15978125,76.54982188,16.50122505,20.7962419,12.30256138,28.4,4.8,23.6,11.9625,0,75.5625,5.836179465,960.5504606
Coquimbo,2016/6/19,2016,24,33,2,0.060606061,96.1634625,98.27525438,14.2941305,20.5374778,11.21408767,28.4,7.4,21,13.0125,0,80.52604167,5.27896086,959.2197756
Coquimbo,2016/6/26,2016,25,52,3,0.057692308,118.2591063,117.2353888,14.47856213,22.95363105,12.56885045,16.9,5.1,11.8,10.4125,0,80.63020833,6.344886241,958.8883992
Coquimbo,2016/7/3,2016,26,47,9,0.191489362,117.597825,116.449125,9.385484848,26.41200205,11.98916655,15.9,5.3,10.6,10.85,2,81.16666667,5.81887942,956.6349183
Coquimbo,2016/7/10,2016,27,65,19,0.292307692,76.28449,59.86307563,12.32819811,32.010622,12.04333875,18.4,5,13.4,11.425,2,78.86865942,5.176645626,957.4115448
Coquimbo,2016/7/17,2016,28,63,25,0.396825397,74.28082875,77.92550688,11.91133548,33.48549015,10.1726424,18.3,5.2,13.1,11.475,4.4,85.27604167,8.005148619,954.9418358
Coquimbo,2016/7/24,2016,29,87,36,0.413793103,98.17511875,107.3438913,20.10259845,27.5483635,12.04811865,25.8,5.6,20.2,11.425,21.2,81.50384964,5.732638234,955.2046685
Coquimbo,2016/7/31,2016,30,54,18,0.333333333,110.4361563,119.51703,21.35328493,29.40992495,11.6638913,18.5,8.4,10.1,12.225,21.2,85.62973485,5.224824065,956.3584609
Coquimbo,2016/8/7,2016,31,64,34,0.53125,94.44826875,101.0210888,24.8000554,30.289987,12.727929,18.7,5.8,12.9,11.275,0,82.29640152,5.00713919,958.2954423
Coquimbo,2016/8/14,2016,32,67,35,0.52238806,49.8165875,56.2107825,26.28366643,29.328754,13.18145785,16.6,8,8.6,11.45,0.2,88.19791667,5.824474533,957.5891744
Coquimbo,2016/8/21,2016,33,89,48,0.539325843,57.315075,82.77569813,21.33282928,36.76127,10.75070245,26,5.3,20.7,12.25,0,73.921875,7.62439073,959.04378
Coquimbo,2016/8/28,2016,34,69,33,0.47826087,48.7524625,66.2290675,17.75926718,41.7327365,8.58701045,21.6,6.3,15.3,12.1625,0,76.328125,6.534420836,957.3489424
Coquimbo,2016/9/4,2016,35,60,18,0.3,66.14263125,87.09340375,14.5647503,42.180523,7.9971487,17,3.5,13.5,10.95,0,75.41666667,7.773898101,960.8605799
Coquimbo,2016/9/11,2016,36,44,13,0.295454545,59.85557938,77.6324075,14.4475708,43.1711315,9.9595162,18.1,4.6,13.5,11.225,0.4,79.4375,6.372764468,957.7980663
Coquimbo,2016/9/18,2016,37,40,6,0.15,35.638085,58.3803975,17.78108523,43.2584495,11.39165555,20.3,7.8,12.5,12.55,0,79.125,7.24743013,958.3302344
Coquimbo,2016/9/25,2016,38,43,13,0.302325581,38.03463125,62.2855675,13.17378903,38.1452015,11.0348292,16.7,7.8,8.9,12.5125,0.2,84.08854167,6.628279768,957.2657198
Coquimbo,2016/10/2,2016,39,25,2,0.08,34.1441975,61.8118675,14.67564508,44.4196025,9.27596935,19,8.4,10.6,12.725,0.4,79.93229167,6.574223904,956.5695715
Coquimbo,2016/10/9,2016,40,21,2,0.095238095,27.26756125,51.3187325,16.64999193,40.5474265,11.16600385,20.9,8,12.9,13.4375,0,78.72078804,6.83634431,958.2008338
Coquimbo,2016/10/16,2016,41,20,0,0,19.35753188,39.13996313,16.86817898,31.0522065,10.5648104,21.9,9,12.9,14.075,1,81.10597826,7.11856576,954.8873388
Coquimbo,2016/10/23,2016,42,13,0,0,22.76447813,49.55029938,10.6742337,42.4547025,8.87171765,19.7,7.4,12.3,14.0125,0,69.359375,7.463142685,956.879814
Coquimbo,2016/10/30,2016,43,18,0,0,13.35192313,34.72591313,13.0743633,43.0268265,9.46954825,22.6,9.6,13,15.1125,0,73.83854167,7.946664264,957.5033227
Coquimbo,2016/11/6,2016,44,7,0,0,12.2435025,30.91600375,12.61872238,37.8308665,9.13911475,21.2,9.1,12.1,15.0625,0,76.55729167,7.571853741,957.1913583
Coquimbo,2016/11/13,2016,45,10,0,0,13.31841375,32.31465438,19.18493035,34.826995,9.51817915,19.9,11.4,8.5,14.6375,0,83.13020833,7.984509453,957.1917967
Coquimbo,2016/11/20,2016,46,13,0,0,15.12287,35.05489625,16.47627283,31.041059,9.7161361,21.7,10.4,11.3,15.6125,0,76.74479167,8.391496599,955.778793
Coquimbo,2016/11/27,2016,47,17,0,0,9.521638125,36.183305,15.19663535,26.142823,8.52053835,22.7,10.8,11.9,16.55,0,69.51041667,7.814664362,955.503988
Coquimbo,2016/12/4,2016,48,14,0,0,10.189485,36.83380813,18.62748933,34.828759,8.6425104,22.7,10.8,11.9,16.6375,0,74.81770833,8.161109179,956.146382
Coquimbo,2016/12/11,2016,49,11,0,0,8.20911125,31.49501875,18.5031736,28.14694015,9.06135325,23.6,12.3,11.3,17.325,0.6,71.21875,7.677947846,956.7592188
Coquimbo,2016/12/18,2016,50,15,1,0.066666667,15.26114813,26.53522188,17.6952704,28.98733915,9.7675729,22.9,14,8.9,17.625,0,77.47916667,8.229563492,955.6653414
Coquimbo,2016/12/25,2016,51,5,0,0,8.9545775,29.58031375,19.478259,25.8666345,10.01062635,22.1,13,9.1,17.1625,0,75.0932971,8.419930119,955.3414475
Coquimbo,2016/12/31,2016,52,7,0,0,8.624492857,30.21693571,12.04554357,27.642664,9.953724458,24.3,13.4,10.9,17.68571429,0,71.32142857,8.386783285,954.8351389
Coquimbo,2017/1/8,2017,1,6,0,0,11.52550667,29.01502111,17.15978607,25.115244,10.26150373,23.4,12.8,10.6,17.57777778,0,75.4537037,8.087082098,955.7442427
Coquimbo,2017/1/15,2017,2,10,0,0,9.763562,26.14313,12.12199003,26.58186055,8.69741345,23.3,14.1,9.2,17.575,0,79.78125,7.976731347,954.8423392
Coquimbo,2017/1/22,2017,3,5,0,0,12.41477688,25.06852438,11.56668758,31.594416,8.98719195,25.7,15,10.7,18.8125,0,78.484375,7.238538278,955.5558474
Coquimbo,2017/1/29,2017,4,5,0,0,49.58639813,29.48416875,11.90657035,38.1495625,9.8752875,27.1,17.6,9.5,21.05,0,76.59375,8.376841115,955.7756738
Coquimbo,2017/2/5,2017,5,7,0,0,19.40619063,34.83647063,17.1103816,34.4593725,11.7288829,25.2,14.9,10.3,19.5625,0,76.58333333,7.539526644,955.035248
Coquimbo,2017/2/12,2017,6,10,0,0,8.02910625,34.54751063,25.79296008,28.5804505,10.4295914,23.4,13.2,10.2,17.6625,0,75.79166667,8.195613662,955.8033019
Coquimbo,2017/2/19,2017,7,14,0,0,9.83317125,36.071135,20.41711963,24.62544,9.83073385,24.4,13.4,11,18.575,0,73.828125,7.517182024,956.3813669
Coquimbo,2017/2/26,2017,8,9,0,0,9.653698125,33.27831438,14.42259893,20.864984,8.4773712,26.9,15.4,11.5,19.7625,0,75.54166667,7.335359977,955.318676
Coquimbo,2017/3/5,2017,9,8,0,0,9.496113125,32.05979,18.89101548,25.07687455,8.7336998,26.9,13.9,13,19.95,0,76.69270833,7.284970238,954.6998599
Coquimbo,2017/3/12,2017,10,13,0,0,15.53180125,40.24385188,18.02481073,29.795528,9.948631,23.2,11.5,11.7,16.75,0,77.72916667,8.236422762,955.5898168
Coquimbo,2017/3/19,2017,11,27,0,0,16.27781813,39.91624188,12.9159974,34.8013435,9.1674064,21.6,11.5,10.1,15.9375,0,79.296875,7.792713487,956.4769059
Coquimbo,2017/3/26,2017,12,23,2,0.086956522,19.91214625,47.18156438,12.7332131,36.055964,10.12247225,21.5,12.6,8.9,16.275,0,79.88020833,6.927724954,956.6252625
Coquimbo,2017/4/2,2017,13,19,1,0.052631579,31.8931375,56.3103925,21.95822655,24.1055745,11.64137125,22.2,11.3,10.9,15.9625,0,77.015625,6.327732331,955.9900004
Coquimbo,2017/4/9,2017,14,27,1,0.037037037,23.86786625,54.08967375,19.93277005,26.9797185,12.5481446,22,9.6,12.4,15.4125,0,75.078125,6.980349518,956.3489197
Coquimbo,2017/4/16,2017,15,22,1,0.045454545,72.913845,102.7789775,17.0323449,21.3545969,11.92942015,22.3,9.6,12.7,14.575,0,75.95153986,6.847019567,953.832127
Coquimbo,2017/4/23,2017,16,30,1,0.033333333,43.05122125,63.53020063,20.0444672,21.3202479,12.0343688,23.7,11.2,12.5,15.95,0,77.875,6.257832923,955.5717415
Coquimbo,2017/4/30,2017,17,23,1,0.043478261,30.89521875,41.91968938,14.84027605,24.5824474,11.7485195,21.2,7.1,14.1,12.9125,0,79.36458333,6.454610251,957.2543676
Coquimbo,2017/5/7,2017,18,19,0,0,51.8546625,61.51440063,10.67316278,32.684715,9.1845191,20.9,9.4,11.5,14.2125,0,77.734375,6.345977689,954.3954951
Coquimbo,2017/5/14,2017,19,33,2,0.060606061,91.171875,106.8213325,9.039,30.38,8.84775,21.5,9.4,12.1,14.9375,108.6,79.51041667,6.419763938,953.4953954
Coquimbo,2017/5/21,2017,20,15,1,0.066666667,55.046875,63.38813688,14.3969,34.3,10.2037,18.9,6.5,12.4,13.2125,7.8,78.078125,6.226293399,957.8574251
Coquimbo,2017/5/28,2017,21,33,5,0.151515152,63.625,58.12247063,19.7155,24.255,12.925,19.5,7.8,11.7,12.875,0.2,81.8136646,5.280418435,957.4570329
Coquimbo,2017/6/4,2017,22,40,2,0.05,86.6875,78.2257375,15.402325,31.115,12.972,18.7,6.8,11.9,11.9625,0,81.88839286,6.364316588,958.9321113
Coquimbo,2017/6/11,2017,23,35,5,0.142857143,46.8125,44.24410313,16.7942,26.46,12.46205,19,6,13,11.525,0,77.58854167,7.090141012,960.3864422
Coquimbo,2017/6/18,2017,24,24,4,0.166666667,74.265625,77.00851313,9.45165,31.819375,9.6585,18.6,8.2,10.4,12.525,9.4,80.86979167,7.988070487,954.0809155
Coquimbo,2017/6/25,2017,25,46,5,0.108695652,84.30357188,99.60314875,9.258425,30.594375,10.2366,18.4,7.4,11,11.9625,0,82.97826087,7.46718654,950.9813904
Coquimbo,2017/7/2,2017,26,48,6,0.125,100.125,106.010135,9.264975,29.4,9.57625,18.4,7.6,10.8,12.325,35.2,86.41666667,7.114362122,952.9998626
Coquimbo,2017/7/9,2017,27,40,15,0.375,103.6875,103.9968681,12.828175,28.91,10.77680625,19.1,6.9,12.2,12.0625,0,85.46875,6.185064562,957.9857311
Coquimbo,2017/7/16,2017,28,36,12,0.333333333,73.0625,78.463035,9.4451,35.525,9.95695,18.3,3.4,14.9,10.45,0,83.546875,8.474155656,959.7012498
Coquimbo,2017/7/23,2017,29,31,10,0.322580645,74.0625,57.3875325,11.478875,32.585,11.51265,19.1,3.4,15.7,10.05,0,79.890625,7.267520562,960.171697
Coquimbo,2017/7/30,2017,30,32,9,0.28125,66.375,63.18733438,17.53435,29.645,11.20245,16.5,5.7,10.8,10.4,0,88.51041667,7.101678853,958.8803651
Coquimbo,2017/8/6,2017,31,27,14,0.518518519,80.1875,65.28695375,14.9209,35.525,10.387,20.5,4.5,16,10.5,0,83.90104167,7.202504386,958.591191
Coquimbo,2017/8/13,2017,32,22,8,0.363636364,66.625,88.77451688,14.079225,35.525,10.152,18.3,5.5,12.8,10.925,6,81.265625,6.689325458,956.9948572
Coquimbo,2017/8/20,2017,33,18,9,0.5,44.5,45.23792125,14.740775,32.585,9.98985,18.2,5.5,12.7,11.225,0,84.47916667,6.072513796,959.7318093
Coquimbo,2017/8/27,2017,34,13,3,0.230769231,54.0625,55.03576063,11.603325,40.67,9.5551,18.8,5.5,13.3,11.725,1,81.06770833,7.307827989,956.646941
Coquimbo,2017/9/3,2017,35,19,4,0.210526316,78.13541875,65.78864,10.090275,39.2,9.49635,18.6,6.1,12.5,11.5625,0,79.16145833,6.484062664,958.9794674
Coquimbo,2017/9/10,2017,36,19,2,0.105263158,40.53646063,53.6228775,14.0956,39.935,12.4409,18.7,5.1,13.6,11.7375,0,75.31770833,7.409583968,960.6112681
Coquimbo,2017/9/17,2017,37,13,1,0.076923077,20.875,38.48741688,14.53445,37.485,10.55855,19.6,5.8,13.8,11.6125,0.4,75.578125,8.148761498,961.149887
Coquimbo,2017/9/24,2017,38,12,1,0.083333333,17.3125,33.40646375,18.362925,38.955,9.15325,20.3,7,13.3,12.1375,0.2,82.83084239,7.048344702,959.0949924
Coquimbo,2017/10/1,2017,39,7,0,0,25.875,44.77794688,21.074625,35.28,10.03685,19.7,8.1,11.6,12.75,0,85.0625,8.368065039,956.476519
Coquimbo,2017/10/8,2017,40,11,0,0,20.5625,37.35117875,13.398025,34.3,10.03215,19.7,7,12.7,13.0875,0,78.41666667,8.170182668,957.3074398
Coquimbo,2017/10/15,2017,41,11,0,0,19.0625,41.6661025,14.80955,38.465,9.6444,18.4,5.7,12.7,12.175,0,73.52604167,10.182779,959.5776402
Coquimbo,2017/10/22,2017,42,7,0,0,14.38392856,35.407255,15.5104,38.71,10.95335,19.9,7.7,12.2,13.1875,0,79.859375,7.706458226,956.0360134
Coquimbo,2017/10/29,2017,43,3,0,0,13.45535713,30.13347125,12.183,37.485,9.92875,21.4,6.6,14.8,12.8375,0.2,82.9375,6.854331077,957.5452118
Coquimbo,2017/11/5,2017,44,10,0,0,15.625,34.41496875,23.5538,31.36,10.69015,20.9,6.6,14.3,13.5125,0,75.07291667,7.203484371,956.3608278
Coquimbo,2017/11/12,2017,45,14,0,0,13.625,33.63449563,21.015675,33.565,9.93345,21.5,9.2,12.3,14.9,0,80.90104167,6.226144475,955.5281149
Coquimbo,2017/11/19,2017,46,13,1,0.076923077,10.8125,27.97346688,16.987425,35.28,9.96534279,19.7,9.2,10.5,14.5875,0,79.15625,9.340708092,957.5923721
Coquimbo,2017/11/26,2017,47,11,0,0,11.5625,32.32661063,16.5715,36.505,10.4575,20.2,9.6,10.6,14.2875,0.2,80.45833333,10.52229679,958.3356101
Coquimbo,2017/12/3,2017,48,15,0,0,10.125,35.86954313,11.360975,36.015,10.0486,21,7.6,13.4,15.1625,0.4,77.078125,8.971144593,956.9827657
Coquimbo,2017/12/10,2017,49,6,0,0,7.5,32.88064813,16.56495,37.24,11.6748,21,7.6,13.4,15.25,0,76.828125,8.690701099,957.1340833
Coquimbo,2017/12/17,2017,50,14,0,0,6.9375,29.19427188,13.529025,27.93,9.29895,21.9,11.6,10.3,16.225,0,79.75,8.221082273,956.1093581
Coquimbo,2017/12/24,2017,51,7,0,0,9.75,27.98802063,15.638125,30.135,8.66445,21.4,12.3,9.1,16.3,0,79.91145833,8.348126969,956.4347073
Coquimbo,2017/12/31,2017,52,7,0,0,7.7109375,22.6599575,16.244,23.765,8.2532,22.2,12.3,9.9,16.4875,0,80.13020833,7.184173298,956.4818868
Coquimbo,2018/1/7,2018,1,10,0,0,7.6875,24.12694125,9.30755,28.175,8.7185,22.8,13.4,9.4,16.9875,0,80.27083333,7.834070885,957.5174204
Coquimbo,2018/1/14,2018,2,10,0,0,7.625,24.48345375,6.762875,23.275,8.1968,23.1,14.2,8.9,18.0125,0,77.83854167,7.662262459,955.8888108
Coquimbo,2018/1/21,2018,3,7,0,0,7.9125,28.3368525,7.260675,27.195,8.0981,23.8,12.2,11.6,17.6875,0,76.63020833,8.766639323,956.8463687
Coquimbo,2018/1/28,2018,4,7,0,0,9.0625,31.63081375,16.9645,22.05,10.1332,23.8,12.9,10.9,17.5875,0,76.75,9.202488828,954.9334285
Coquimbo,2018/2/4,2018,5,4,0,0,10.3125,29.58928625,13.050875,22.05,8.9676,23.3,11.9,11.4,16.95,0,80.01041667,9.810769006,954.4993876
Coquimbo,2018/2/11,2018,6,1,0,0,9.4375,31.67863625,21.696875,26.46,10.5656,23.3,13.2,10.1,17.8375,0,78.08854167,7.962718581,956.1890588
Coquimbo,2018/2/18,2018,7,6,0,0,9.9375,27.59522875,16.23745,19.6,9.2355,22.8,13.2,9.6,17.3625,0,79.74479167,6.96158975,956.1291355
Coquimbo,2018/2/25,2018,8,6,0,0,8.1875,28.15846,29.6715,18.62,10.8241,23.5,14.2,9.3,17.825,0,81.65104167,6.076835317,955.7997685
Coquimbo,2018/3/4,2018,9,7,0,0,8.9375,28.50231563,31.047,18.13,10.28057861,22.2,12.8,9.4,17.075,0,80.21354167,6.53588455,957.1617684
Coquimbo,2018/3/11,2018,10,12,0,0,11.4375,30.7440625,10.29005,26.705,8.92295,23.7,12.1,11.6,16.875,0,77.6875,8.603148261,955.7670062
Coquimbo,2018/3/18,2018,11,19,0,0,13.25,33.45465813,9.081575,27.685,9.4094,22.5,9.7,12.8,15.5,0,78.10416667,7.783266477,955.4832965
Coquimbo,2018/3/25,2018,12,19,0,0,24.25,46.13762063,13.99735,27.195,11.55495,21.3,10.6,10.7,14.4375,0,83.30729167,7.333188067,955.8059974
Coquimbo,2018/4/1,2018,13,15,0,0,15.6875,31.64688,8.6067,31.115,10.38465,18.9,10.2,8.7,14.0125,0,87.546875,7.560491285,956.0924477
Coquimbo,2018/4/8,2018,14,17,0,0,22.5625,39.78040563,11.321675,34.79,9.67965,20.3,10.8,9.5,14.975,0,80.72395833,6.958175897,956.1618155
Coquimbo,2018/4/15,2018,15,20,1,0.05,31.125,47.27719938,13.49955,28.42,9.2543,22.8,10.1,12.7,14.925,0.2,80.63541667,6.960752566,956.5005791
Coquimbo,2018/4/22,2018,16,18,0,0,26.36607125,37.86077125,20.681625,31.605,11.22595,18.3,9.9,8.4,13.35,0.2,87.65104167,5.979026099,957.11047
Coquimbo,2018/4/29,2018,17,11,0,0,40.25,48.53965625,23.288525,26.46,12.06255,19.5,9.7,9.8,12.9375,0.2,88.16259058,6.076839827,956.5377505
Coquimbo,2018/5/6,2018,18,19,2,0.105263158,65.1875,77.06656563,17.118425,31.115,10.97685,17.9,8.4,9.5,12.5625,0,88.09759964,6.418960008,955.106808
Coquimbo,2018/5/13,2018,19,19,2,0.105263158,71.0234375,78.71652188,16.90555,31.605,11.0638,21.3,8.2,13.1,13.075,0,79.63541667,6.226678877,955.9708394
Coquimbo,2018/5/20,2018,20,8,1,0.125,60.5625,74.07090063,20.7897,29.4,14.1705,20.4,6.7,13.7,12.25625,0,78.36299819,5.736682066,956.2250513
Coquimbo,2018/5/27,2018,21,26,5,0.192307692,62.2421875,50.2603125,20.537525,34.055,14.7909,16.2,5.7,10.5,10.3625,0,87.69791667,5.928439551,956.1296668
Coquimbo,2018/6/3,2018,22,22,10,0.454545455,116.5625,129.2511525,15.552975,42.63,12.88505,18.3,4.2,14.1,11.45,0,82.36979167,6.899743297,956.2732194
Coquimbo,2018/6/10,2018,23,15,2,0.133333333,123.609375,139.4657019,17.21995,39.99625,14.0295,18,3.4,14.6,10.1875,37.4,75.94270833,6.489194708,957.5842832
Coquimbo,2018/6/17,2018,24,24,8,0.333333333,142.8125,151.3585238,17.766875,38.22,12.03905,16.1,4.6,11.5,9.85,26.8,81.13541667,5.764200814,959.5185718
Coquimbo,2018/6/24,2018,25,20,12,0.6,64.875,64.9201175,16.2702,32.095,12.77225,14.5,4.5,10,10.05,0.2,90.14583333,6.134890963,959.8240947
Coquimbo,2018/7/1,2018,26,23,6,0.260869565,66.16071438,62.52548313,14.12835,36.75,11.74295,17.5,5.5,12,10.6828125,0,85.024333,5.89710739,956.6476928
Coquimbo,2018/7/8,2018,27,28,12,0.428571429,123.75,178.1957381,9.644875,47.285,9.78775,19.5,7,12.5,12.3625,4.6,82.9645504,7.948782857,950.7952907
Coquimbo,2018/7/15,2018,28,30,8,0.266666667,105.625,126.0086281,13.443875,38.71,12.03435,15.9,5.1,10.8,10.4,0,87.32291667,6.476390457,957.6730765
Coquimbo,2018/7/22,2018,29,22,6,0.272727273,73.8125,76.06240875,12.25505,48.51,12.44795,17.6,3.4,14.2,10.175,0.2,77.9375,6.396473146,960.1265189
Coquimbo,2018/7/29,2018,30,23,3,0.130434783,106.125,99.63284875,13.980975,48.265,12.173,16.6,2.5,14.1,9.4375,1.8,81.19270833,6.343471709,959.0795473
Coquimbo,2018/8/5,2018,31,31,10,0.322580645,71.5625,70.84063188,14.413275,44.345,13.28455,17.6,3.4,14.2,9.4375,0,79.75,5.597259069,959.2256127
Coquimbo,2018/8/12,2018,32,20,2,0.1,103.8125,112.9994681,19.26355,44.1,13.0801,24.5,5.5,19,11.425,0.2,81.640625,5.340206487,957.2193502
Coquimbo,2018/8/19,2018,33,14,2,0.142857143,54.75,59.8026575,19.790825,47.775,12.49965,19,6.2,12.8,11.1875,0,83.14583333,6.816877827,959.0528429
Coquimbo,2018/8/26,2018,34,18,4,0.222222222,43.1875,66.52032188,9.35995,49.735,9.99455,17.3,3.9,13.4,10.3125,0,78.72916667,7.613506757,958.7722928
Coquimbo,2018/9/2,2018,35,19,1,0.052631579,58.375,74.03199875,6.84475,50.47,9.5222,17.5,6.1,11.4,11.175,0.2,82.63541667,5.381869222,958.1833356
Coquimbo,2018/9/9,2018,36,16,3,0.1875,36.8671875,57.60812563,16.61735,32.585,11.55495,17.8,6.3,11.5,11.6125,0.2,84.71875,6.292448456,958.5473256
Coquimbo,2018/9/16,2018,37,18,1,0.055555556,26.0625,48.23803938,13.280125,40.67,10.54915,16.9,6.8,10.1,11.475,0,83.578125,6.486129597,958.650491
Coquimbo,2018/9/23,2018,38,16,0,0,25.875,37.89036125,15.926325,36.26,10.93925,21.9,6.6,15.3,12.6,0,79.484375,7.073926446,956.0145549
Coquimbo,2018/9/30,2018,39,18,0,0,27.25,40.56655938,9.29445,39.935,9.588,19.1,8.3,10.8,13.075,0,84.73188406,7.850540985,954.681151
Coquimbo,2018/10/7,2018,40,22,0,0,20.8125,37.2473725,10.8206,43.855,9.48225,20,7.8,12.2,12.5625,0,81.62975543,8.345997471,957.7047774
Coquimbo,2018/10/14,2018,41,18,0,0,15.875,27.69062875,10.529125,45.08,9.5786,18.5,7.1,11.4,12.675,0,78.13541667,8.17594142,959.9392553
Coquimbo,2018/10/21,2018,42,13,0,0,19.75,36.37655063,17.03655,35.035,10.12615,18.6,7.1,11.5,12.8625,0,78.72305254,6.482036565,957.3723194
Coquimbo,2018/10/28,2018,43,17,0,0,19.75,36.239325,13.214625,33.565,10.24365,19.2,8.1,11.1,13.45,0,81.90398551,6.796413937,956.4873621
Coquimbo,2018/11/4,2018,44,2,0,0,13.0625,30.99196813,12.7725,30.87,9.2026,20.1,9.9,10.2,14.05,0,85.66666667,7.392763065,955.7222707
Coquimbo,2018/11/11,2018,45,23,0,0,15.1875,32.85230313,13.365275,29.4,7.9759,20.1,9.8,10.3,14.2625,0,84.49479167,7.034382086,954.4198115
Coquimbo,2018/11/18,2018,46,14,0,0,8.67857125,26.65293063,16.5191,29.4,8.0793,22.9,10.5,12.4,16.075,0,75.671875,6.888727139,956.9272528
Coquimbo,2018/11/25,2018,47,4,0,0,11.33928563,25.56301063,12.67425,32.095,7.81375,21.4,11.3,10.1,15.525,0,82.22237319,6.056798856,957.205982
Coquimbo,2018/12/2,2018,48,9,0,0,9.625,26.72979625,8.144925,36.505,7.1628,19.6,12,7.6,15.55,0,80.93138587,6.708106884,957.9533935
Coquimbo,2018/12/9,2018,49,8,1,0.125,8.3125,27.43708375,12.9035,31.36,8.1216,22.4,12.3,10.1,16.8625,0,73.13541667,6.391003956,957.026157
Coquimbo,2018/12/16,2018,50,10,0,0,6.0625,28.05254125,20.563725,26.215,7.1299,22.4,11.3,11.1,16.425,0,73.97146739,9.970028871,957.9138732
Coquimbo,2018/12/23,2018,51,10,0,0,7.3125,26.2786625,13.653475,24.99,6.642275,21.1,11.3,9.8,16.0875,0,80.34895833,9.137100413,957.0811413
Coquimbo,2018/12/30,2018,52,9,0,0,7.1875,23.64044063,17.33785,24.745,7.7221,21.2,11.5,9.7,16.3625,0,80.75520833,9.221542163,955.6070681
Coquimbo,2019/1/6,2019,1,6,0,0,8.1875,23.5301525,5.0173,26.705,7.61635,23,11.5,11.5,16.625,0,77.28645833,9.887998637,955.4665385
Coquimbo,2019/1/13,2019,2,7,0,0,8.6875,22.45443188,9.441825,19.845,8.86185,23,13.4,9.6,17.5375,0,72.42708333,6.562309934,956.9076589
Coquimbo,2019/1/20,2019,3,10,0,0,7.75,26.0378925,12.35985,29.4,10.5421,22.6,12.5,10.1,17.075,0,77.04166667,7.968173836,957.3297292
Coquimbo,2019/1/27,2019,4,7,0,0,8.2875,25.04169125,10.29005,36.26,8.57045,22.2,12.6,9.6,17.2125,0,81.33854167,7.59187516,955.8253738
Coquimbo,2019/2/3,2019,5,3,0,0,9.625,23.6364525,5.46925,36.26,6.9231,24.2,15,9.2,18.275,0,82.046875,7.327492028,955.740564
Coquimbo,2019/2/10,2019,6,5,0,0,14.625,29.49402563,9.350125,38.71,8.4882,23.8,15.3,8.5,18.1625,0,83.29800725,6.97228383,954.2102713
Coquimbo,2019/2/17,2019,7,3,0,0,11.8125,26.7411,11.865325,34.3,9.0334,22.7,11.9,10.8,17.4375,0,78.4375,8.298291951,954.7846195
Coquimbo,2019/2/24,2019,8,2,0,0,12.3125,24.95485688,13.221175,32.83,9.14855,24.2,13.5,10.7,18.4625,0,79.36458333,6.683538188,954.4055533
Coquimbo,2019/3/3,2019,9,3,0,0,15.984375,25.80892688,14.524625,34.79,9.1415,21.7,12.7,9,16.9,0,80.86458333,7.202330278,955.9417366
Coquimbo,2019/3/10,2019,10,8,0,0,13.9375,29.99098938,12.3271,29.4,8.07225,21.7,12.9,8.8,16.7875,0,78.359375,7.394290831,955.4138742
Coquimbo,2019/3/17,2019,11,18,0,0,14.6875,35.67998188,15.2615,31.85,9.59035,21.7,10.3,11.4,16.025,0,80.05729167,7.032704857,955.3036915
Coquimbo,2019/3/24,2019,12,18,1,0.055555556,19,38.24926125,11.943925,36.75,9.2308,19.8,10.3,9.5,14.175,0,84.36979167,7.596149936,957.4764075
Coquimbo,2019/3/31,2019,13,11,0,0,32.1875,40.80096313,11.760525,41.895,13.70285,20.3,9.6,10.7,14.375,0,85.078125,6.030485237,956.1890564
Coquimbo,2019/4/7,2019,14,12,0,0,19.5,31.40093938,13.51265,39.445,13.5501,24.1,10.9,13.2,15.4625,0,82.625,6.55783499,957.058846
Coquimbo,2019/4/14,2019,15,15,0,0,21.5,34.14146938,12.363125,43.61,15.4207,19.2,8.7,10.5,14.375,0,82.796875,5.962166166,957.0370192
Coquimbo,2019/4/21,2019,16,7,0,0,28.6015625,39.12702188,14.44275,33.81,15.83665,19.4,8.7,10.7,13.825,0,83.08355978,5.556356008,955.5881715
Coquimbo,2019/4/28,2019,17,9,1,0.111111111,72.6875,74.85758563,18.30725,30.87,19.3405,19.3,8.4,10.9,13.1375,0.2,80.38541667,5.170956014,956.6985443
Coquimbo,2019/5/5,2019,18,11,2,0.181818182,40.1875,45.04188,27.1956,26.46,18.3582,19,8.4,10.6,12.8625,0.8,88.05729167,6.770012144,955.6641426
Coquimbo,2019/5/12,2019,19,15,1,0.066666667,46.375,52.26664438,20.341025,30.38,16.3278,19,6.5,12.5,12.55,0,83.953125,5.443335424,957.8925614
Coquimbo,2019/5/19,2019,20,14,6,0.428571429,56.39583375,53.0587075,19.4011,35.28,20.42385,17.5,7.9,9.6,11.5375,0,84.703125,5.963905184,956.3216814
Coquimbo,2019/5/26,2019,21,17,4,0.235294118,69.36718813,42.39884875,18.45135,32.83,31.255,21.1,5.6,15.5,11.9375,0,70.07291667,6.18543956,956.1801349
Coquimbo,2019/6/2,2019,22,18,2,0.111111111,74.5625,78.00565688,6.6941,33.565,16.88005,20.5,7.8,12.7,13.55,4.8,74.82246377,6.548139587,953.6692611
Coquimbo,2019/6/9,2019,23,21,4,0.19047619,59.5625,58.60843438,14.75715,27.93,21.39205,20.5,5.1,15.4,11.05,0,78.74147727,6.148365424,957.5949155
Coquimbo,2019/6/16,2019,24,34,12,0.352941176,54.25,62.38209563,4.588275,28.42,14.67575,17.6,4.2,13.4,10.6625,0,79.11979167,6.819832115,955.4930393
Coquimbo,2019/6/23,2019,25,34,13,0.382352941,79.1875,70.2094675,10.214725,26.95,19.8246,26.6,4.2,22.4,11.025,6.4,72.51041667,5.962145476,957.1373834
Coquimbo,2019/6/30,2019,26,30,15,0.5,60.75,67.51570875,8.24645,36.505,15.9377,17.6,5.8,11.8,10.6875,0,80.375,7.24394514,957.3356824
Coquimbo,2019/7/7,2019,27,38,14,0.368421053,81.953125,81.54025375,11.085875,30.135,18.39815,16.1,4.6,11.5,10.05,0,82.828125,7.413577946,958.1965444
Coquimbo,2019/7/14,2019,28,39,19,0.487179487,120.8125,112.9059088,17.49505,30.135,20.8586,16.4,4.5,11.9,10.4375,0,80.76041667,6.00567083,956.895991
Coquimbo,2019/7/21,2019,29,25,15,0.6,60.125,60.43522563,13.188425,33.075,17.86,20.1,4.1,16,10.2875,0,80.45833333,5.839576152,958.2430314
Coquimbo,2019/7/28,2019,30,16,8,0.5,57.125,52.89675188,9.546625,36.995,16.9858,17.4,4.1,13.3,9.5375,0,76.52604167,6.781169238,959.5622772
Coquimbo,2019/8/4,2019,31,21,8,0.380952381,50.4375,55.51141063,10.705975,38.71,18.07385,21.5,4.5,17,11.025,0,74.44791667,7.490294245,959.9469885
Coquimbo,2019/8/11,2019,32,20,9,0.45,52.4375,51.30729,10.11975,46.55,21.26985,15.6,3.7,11.9,9.9625,0,77.515625,7.092276693,961.1783933
Coquimbo,2019/8/18,2019,33,18,5,0.277777778,58.0625,69.9111875,8.35125,39.445,17.0657,22.9,5.6,17.3,11.4375,0,72.42708333,6.434924451,957.2842281
Coquimbo,2019/8/25,2019,34,13,0,0,59.8125,69.7257775,12.631675,29.4,21.53775,22.3,5.6,16.7,11,0,84.90104167,6.018193084,956.3086207
Coquimbo,2019/9/1,2019,35,17,1,0.058823529,35.5625,44.31667125,11.004,33.81,20.1113,25.4,7.5,17.9,12.7625,0,79.53125,7.74617027,957.6399114
Coquimbo,2019/9/8,2019,36,15,0,0,42.25,59.87178125,8.773725,42.875,17.5874,16.7,6.6,10.1,11.275,0,82.22916667,6.9157111,956.5958333
Coquimbo,2019/9/15,2019,37,23,3,0.130434783,33.3125,41.81935188,7.9386,48.02,14.241,17.7,5.7,12,11.6875,0,73.375,7.995057576,958.7222091
Coquimbo,2019/9/22,2019,38,7,0,0,14.5,24.97198688,9.166725,44.1,14.68985,17.6,5.7,11.9,11.5875,0,75.38541667,9.152194532,960.6079632
Coquimbo,2019/9/29,2019,39,11,0,0,21.375,34.133595,10.5324,49.49,12.9203,17.3,7,10.3,12.2875,0,79.21875,7.673962457,957.6188672
Coquimbo,2019/10/6,2019,40,14,0,0,21.4375,34.65942,10.55205,46.55,14.91075,18.6,5.5,13.1,12.2875,0,73.75,7.210160618,959.6818802
Coquimbo,2019/10/13,2019,41,15,0,0,15.6875,32.47093313,12.828175,44.1,15.2797,18.6,7.8,10.8,12.5625,0,83.078125,6.733000792,955.7272216
Coquimbo,2019/10/20,2019,42,10,0,0,13.6875,33.882145,10.7682,44.59,14.30915,20.1,8.3,11.8,13.5625,0,75.125,8.073783327,957.5826338
Coquimbo,2019/10/27,2019,43,13,0,0,13.75,32.5709225,13.0083,40.425,12.72995,19.2,9,10.2,13.8375,0,77.890625,7.561211358,957.1192036
Coquimbo,2019/11/3,2019,44,11,0,0,12.8125,29.68692813,13.083625,36.995,13.1083,21,9.5,11.5,14.2375,0,75.39583333,8.251359442,956.5690693
Coquimbo,2019/11/10,2019,45,12,0,0,9.5,27.881315,9.906875,38.22,10.45045,19,10.1,8.9,14.0875,0,83.00520833,7.893511784,955.6595912
Coquimbo,2019/11/17,2019,46,9,0,0,7.7875,22.51040375,13.89255,32.34,12.86155,20.2,10.4,9.8,15.2375,0,81.95833333,7.197969043,956.8749434
Coquimbo,2019/11/24,2019,47,7,0,0,11.875,29.51849563,10.1787,33.62625,14.13525,21.8,12.2,9.6,16.75,0,75.72916667,7.133164883,956.0304543
Coquimbo,2019/12/1,2019,48,5,1,0.2,9.8125,27.79859563,11.334775,36.07625,13.62295,22.6,11.2,11.4,15.7375,0,74.46875,7.897551729,957.5225018
Coquimbo,2019/12/8,2019,49,1,0,0,9.9375,29.25982438,15.8117,36.26,15.4583,19.5,11.1,8.4,15.0375,0,81.13020833,8.618317744,957.739995
Coquimbo,2019/12/15,2019,50,7,0,0,8.625,21.74925875,16.6632,34.055,13.0942,21,11.1,9.9,15.5875,0,79.23958333,6.949784478,956.8262995
Coquimbo,2019/12/22,2019,51,10,0,0,8.8125,22.59341,16.48635,31.36,12.925,20.6,11.9,8.7,15.5625,0,81.578125,7.242121914,956.2418215
Coquimbo,2019/12/29,2019,52,11,0,0,9.3125,24.1079175,15.2746,34.545,11.67715,20.7,12.4,8.3,15.875,0,82.265625,6.880327258,955.3311043
La.Araucania,2015/1/4,2015,1,7,0,0,8.55729,33.05234375,3.55770455,38.033114,22.3491956,29.5,2.2,27.3,15.05,0,73.14583333,5.067708333,1005.375521
La.Araucania,2015/1/11,2015,2,8,0,0,7.026039375,30.632075,3.729455375,44.7341335,30.1704985,29.5,3,26.5,15.425,0,70.44451993,5.724071558,1004.717403
La.Araucania,2015/1/18,2015,3,9,0,0,6.43907875,33.01898125,3.848730875,56.391405,31.12998,29.5,3,26.5,16.3375,0,72.82891757,5.947690217,1006.041259
La.Araucania,2015/1/25,2015,4,4,0,0,6.20904,23.74664375,3.14174025,56.770371,29.473512,35.8,4.5,31.3,18.6125,0,71.75520833,5.15625,1004.979948
La.Araucania,2015/2/1,2015,5,6,0,0,7.036831563,31.744,5.384624983,47.109678,32.1812995,29.4,2.4,27,17.075,0,70.91927083,5.161458333,1003.94974
La.Araucania,2015/2/8,2015,6,7,0,0,8.01029625,32.97226875,2.867420683,48.98138,33.6428397,30,6.2,23.8,16.5625,0.2,73.90482955,4.807291667,1003.880421
La.Araucania,2015/2/15,2015,7,7,0,0,7.502599375,44.3125375,3.371104875,56.6406435,38.6100582,28.7,1,27.7,14.675,0.2,69.359375,5.15625,1006.876823
La.Araucania,2015/2/22,2015,8,13,0,0,8.84165,46.88314375,2.8669612,59.9690175,36.958262,29,1.9,27.1,14.425,0,70.36662138,5.604166667,1005.799445
La.Araucania,2015/3/1,2015,9,8,0,0,11.84702313,24.72639375,2.697561825,51.776193,29.1474025,34,3.8,30.2,17.3375,0.1,69.24943388,5.127604167,1003.697622
La.Araucania,2015/3/8,2015,10,13,0,0,9.25780125,29.22800625,2.831627225,45.377626,36.247105,28.2,4.2,24,16.1875,1.8,74.11820652,4.45776721,1004.319441
La.Araucania,2015/3/15,2015,11,12,0,0,8.865441563,44.74958125,4.464358825,53.2580265,48.904957,30.2,0.2,30,14.6625,0,70.6484375,4.747395833,1003.922135
La.Araucania,2015/3/22,2015,12,19,0,0,9.363563125,32.1322,6.72170825,49.9504285,52.096492,30,2.9,27.1,15.575,0.1,67.57291667,3.635416667,1004.735677
La.Araucania,2015/3/29,2015,13,14,0,0,14.1732325,28.61833563,2.85376295,40.2132857,40.6010675,32.2,3.5,28.7,16.1,1.3,65.93127264,3.953917572,1005.447951
La.Araucania,2015/4/5,2015,14,19,0,0,10.53361938,32.3062125,3.752393475,46.8883597,47.88078,27,0.5,26.5,14.1625,6.5,80.078125,4.25,1006.61875
La.Araucania,2015/4/12,2015,15,12,0,0,16.02865125,32.49344375,3.8796436,51.0184325,53.631042,27.3,4.5,22.8,15.575,4.4,80.87239583,3.34375,1003.911198
La.Araucania,2015/4/19,2015,16,17,0,0,36.4191375,34.450775,2.768590025,58.0615455,50.932067,24.3,4.8,19.5,11.3625,34.2,83.10989583,3.420833333,1005.729323
La.Araucania,2015/4/26,2015,17,13,0,0,69.19253125,33.0140625,7.41655845,67.016565,70.9058215,22.4,-1.6,24,9.6375,1,87.59114583,2.552083333,1007.111719
La.Araucania,2015/5/3,2015,18,10,0,0,54.75906875,57.817025,4.8012941,71.474879,68.99741,23.8,0.7,23.1,10.3375,18.5,89.72916667,2.776041667,1006.823438
La.Araucania,2015/5/10,2015,19,10,0,0,89.48181875,37.03855,5.314575025,51.613219,75.8902655,21.5,1.1,20.4,9.975,9,87.83072917,3.6484375,1006.392969
La.Araucania,2015/5/17,2015,20,13,1,0.076923077,63.3968375,40.34179375,6.317475,34.464689,68.9607265,20.5,6.1,14.4,12.9,78.4,88.90104167,4.010416667,1005.152604
La.Araucania,2015/5/24,2015,21,18,0,0,56.1504875,27.88629375,3.241735825,29.5893409,61.136143,20.3,-1.8,22.1,10.775,78,89.10869565,4.70482337,1006.367176
La.Araucania,2015/5/31,2015,22,48,0,0,94.9945875,38.557625,5.095601975,33.5083462,70.257245,16.1,-3.2,19.3,7.15,105,92.07518116,4.433537138,1007.746196
La.Araucania,2015/6/7,2015,23,30,1,0.033333333,30.03295625,51.0862,4.8881733,23.0784267,83.02952555,18.7,6.6,12.1,12.4375,207.3,88.72395833,7.942708333,1001.88125
La.Araucania,2015/6/14,2015,24,32,1,0.03125,49.577775,36.75903125,3.277675675,43.9020155,93.8737345,14.4,3.7,10.7,8.075,62.5,91.26302083,4.294270833,1008.996354
La.Araucania,2015/6/21,2015,25,49,6,0.12244898,97.7401,55.16981875,7.8220624,35.2057895,110.1965995,13,-2.1,15.1,6.15,27.6,92.86447011,3.452219203,1010.722985
La.Araucania,2015/6/28,2015,26,41,9,0.219512195,106.5455625,44.75260625,9.1936586,33.622183,110.150046,17.3,-3.3,20.6,6.675,2.1,88.75679348,3.780570652,1008.067595
La.Araucania,2015/7/5,2015,27,52,15,0.288461538,96.5417375,53.8381625,5.916867175,34.629133,104.643761,13.2,-3.3,16.5,5.325,50.7,94.50724638,3.000452899,1008.30916
La.Araucania,2015/7/12,2015,28,66,20,0.303030303,54.58018125,28.52846875,3.504256878,22.9060202,84.425536,13.2,2,11.2,8.1375,57.7,90.984375,6.174479167,1003.52474
La.Araucania,2015/7/19,2015,29,56,25,0.446428571,49.83196875,25.87715625,3.71478272,33.25353885,71.004028,11.6,-0.6,12.2,6.3125,82,87.59895833,5.846354167,1007.778906
La.Araucania,2015/7/26,2015,30,50,29,0.58,78.5056625,38.36783125,4.76086095,28.534366,114.0473095,17.6,-2.4,20,8.4125,8.2,86.93489583,4.9921875,1008.353385
La.Araucania,2015/8/2,2015,31,34,10,0.294117647,30.79180625,22.79482688,4.770944675,25.295662,76.243353,15.9,5.6,10.3,10.225,69,85.49479167,7.8125,1000.802344
La.Araucania,2015/8/9,2015,32,58,28,0.482758621,44.36576875,24.853565,5.0677743,31.17720305,56.8611405,17.8,2.9,14.9,9.4,79.9,84.66145833,5.809895833,998.6039062
La.Araucania,2015/8/16,2015,33,58,27,0.465517241,102.0828688,25.66758688,3.74727465,40.155794,52.9809615,16.2,-3.1,19.3,5.6,13.2,85.90625,3.893229167,1009.796354
La.Araucania,2015/8/23,2015,34,59,20,0.338983051,51.23194313,27.89216206,3.1590126,35.2436175,67.302308,17.2,-3.1,20.3,8.4875,19.7,87.65625,4.486979167,1007.228646
La.Araucania,2015/8/30,2015,35,63,18,0.285714286,28.42887313,34.33665625,3.89750545,23.85100725,71.690933,16.2,6.6,9.6,11.2875,60,86.36197917,6.494791667,1001.972396
La.Araucania,2015/9/6,2015,36,55,13,0.236363636,50.58717875,36.3237875,4.47484865,28.51708615,79.513425,22.2,-1.3,23.5,9.325,31,81.4375,3.90625,1008.280729
La.Araucania,2015/9/13,2015,37,49,8,0.163265306,57.19063688,27.81186875,3.593248125,31.7719675,53.908436,16.6,-2.3,18.9,7.0375,45.4,83.4375,4.578125,1009.977865
La.Araucania,2015/9/20,2015,38,52,10,0.192307692,71.81760625,33.2014575,2.840698975,36.019312,67.0041964,20.9,-3.8,24.7,6.175,3.6,78.97395833,3.088541667,1007.446615
La.Araucania,2015/9/27,2015,39,53,5,0.094339623,36.066825,22.25317188,2.7048356,37.7057695,56.07991825,20.9,1.5,19.4,10.425,30.9,83.17708333,4.8046875,1005.273958
La.Araucania,2015/10/4,2015,40,55,8,0.145454545,25.7764225,18.4544175,2.6997397,33.008556,48.0948274,21.6,4.9,16.7,12.2,61.4,86.79427083,4.994791667,1003.226563
La.Araucania,2015/10/11,2015,41,45,7,0.155555556,22.1901,27.7164425,2.72166255,45.556721,38.317972,22.8,-0.3,23.1,10.2125,12.6,67.78385417,5.755208333,1009.609375
La.Araucania,2015/10/18,2015,42,53,5,0.094339623,25.64742563,22.69224375,2.92530205,39.169669,42.816436,22.8,-0.7,23.5,10.1,26.7,76.2109375,4.489583333,1005.783333
La.Araucania,2015/10/25,2015,43,41,2,0.048780488,14.47953563,21.06477375,2.7036959,38.0006025,39.2177165,26,2.5,23.5,12.2625,19.5,77.08333333,4.213541667,1004.80625
La.Araucania,2015/11/1,2015,44,35,2,0.057142857,12.96928063,30.68539125,2.6388771,36.3377875,32.518783,21.7,1.5,20.2,11.3125,6.3,76.59895833,5.1875,1009.665625
La.Araucania,2015/11/8,2015,45,45,4,0.088888889,9.335500625,24.578015,2.62,41.415437,30.8732237,24.8,1.7,23.1,12.8125,2.2,79.49852808,4.681725543,1006.801993
La.Araucania,2015/11/15,2015,46,45,2,0.044444444,6.99487375,23.064585,2.644677125,33.8039975,35.8193157,23.4,5,18.4,13.2375,2.3,80.046875,4.299479167,1005.714063
La.Araucania,2015/11/22,2015,47,36,3,0.083333333,11.8857675,26.83533125,2.67253755,19.62926525,35.0180315,20.7,0.4,20.3,11.225,20.2,80.0390625,4.2265625,1005.851042
La.Araucania,2015/11/29,2015,48,20,1,0.05,6.960239,27.94309375,2.717912675,25.85596965,31.4846655,26.9,2.3,24.6,13.775,5.7,75.24479167,5.046875,1005.375521
La.Araucania,2015/12/6,2015,49,18,0,0,4.93414625,26.06958125,2.670490675,31.87548,43.0159745,30.2,5.8,24.4,16.075,0,75.2265625,5.143229167,1004.847396
La.Araucania,2015/12/13,2015,50,10,1,0.1,4.14591875,27.67158125,2.6235108,38.516989,39.9037285,23.4,3,20.4,14.025,42.3,76.37567935,5.908061594,1005.175034
La.Araucania,2015/12/20,2015,51,12,0,0,4.604131875,28.5341375,2.657528225,36.380491,39.0147,23.9,1,22.9,12.9125,35.8,77.51822917,5.192708333,1005.316927
La.Araucania,2015/12/27,2015,52,16,1,0.0625,4.3977875,27.1471,3.06066435,29.453606,37.930927,26.4,1.8,24.6,14.1,9.8,79.09499547,4.435688406,1003.371071
La.Araucania,2016/1/10,2016,1,14,0,0,6.760171364,25.71485909,2.666974218,27.37744037,38.75790909,31.5,3.9,27.6,17.49090909,0,73.34280303,4.412878788,1002.998485
La.Araucania,2016/1/17,2016,2,10,0,0,4.250298125,32.5657375,2.73332155,32.6599455,42.5997895,28.6,5.5,23.1,17.3578125,0,73.93112458,4.506845736,1005.037877
La.Araucania,2016/1/24,2016,3,10,1,0.1,3.641390625,34.004825,2.740084425,24.55132995,38.93910285,33.3,6.8,26.5,18.575,0.2,71.87760417,4.690104167,1003.057031
La.Araucania,2016/1/31,2016,4,9,0,0,3.795128563,32.73254375,2.6268251,16.23513325,38.88615735,33.5,7.4,26.1,17.675,11.8,74.76302083,4.638020833,1003.878906
La.Araucania,2016/2/7,2016,5,8,0,0,5.720038125,32.296225,2.62,23.4557855,39.315077,33.5,4.1,29.4,17.45,0,71.02604167,5.178894928,1003.29349
La.Araucania,2016/2/14,2016,6,13,0,0,8.344879375,34.11873813,2.636375,19.93213915,40.251599,31.4,5.1,26.3,16.625,2.3,74.03125,5.005208333,1004.473438
La.Araucania,2016/2/21,2016,7,6,0,0,6.34659125,40.80179813,2.7440963,17.82608975,44.1848175,28.5,3.6,24.9,15.8,3.8,74.99739583,4.143229167,1003.113021
La.Araucania,2016/2/28,2016,8,9,0,0,7.054166875,42.794675,2.9415919,18.31952955,56.1194805,28.5,4.2,24.3,15.2,1.1,74.02604167,4.510416667,1005.014583
La.Araucania,2016/3/6,2016,9,8,0,0,10.39610625,39.6472625,3.227358575,31.364067,62.962704,30.5,3,27.5,15,0,74.29947917,4.390625,1004.939063
La.Araucania,2016/3/13,2016,10,25,0,0,10.27819625,31.78090625,2.9800666,34.077785,51.6890255,30,4.5,25.5,15.3,0.1,75.60416667,4.065104167,1005.686458
La.Araucania,2016/3/20,2016,11,21,0,0,12.60822438,37.01252188,2.791488825,39.2752395,56.3808945,27.8,-0.7,28.5,13.4203125,0.3,74.36222826,4.639968297,1006.164647
La.Araucania,2016/3/27,2016,12,13,0,0,14.68186875,51.38474875,3.408204075,48.892984,58.3681015,31.9,3,28.9,14.75,0.2,72.14583333,4.125,1004.989323
La.Araucania,2016/4/3,2016,13,13,0,0,21.58345188,40.15359375,2.6611864,43.4359765,60.585162,27,0.3,26.7,12.675,29.7,82.05638587,3.420289855,1005.748777
La.Araucania,2016/4/10,2016,14,16,0,0,35.6526625,40.792675,2.845100575,40.6558145,63.456251,23.8,-1.5,25.3,9.7,4.2,81.5078125,4.049479167,1006.435677
La.Araucania,2016/4/17,2016,15,15,0,0,27.44531188,38.09766375,3.2500183,37.039198,60.771,26.7,-0.1,26.8,12.3125,10.5,76.07291667,6.135416667,1003.13151
La.Araucania,2016/4/24,2016,16,16,0,0,49.76031875,22.456495,2.6778234,35.9967475,55.678738,18.6,-1.6,20.2,9.4375,45,84.09589461,5.203737745,1004.334222
La.Araucania,2016/5/1,2016,17,19,1,0.052631579,93.06999375,42.773825,3.2228358,40.1018205,91.6943445,23,-1.4,24.4,9.6125,5.9,78.38756127,3.412071078,1006.945159
La.Araucania,2016/5/8,2016,18,14,0,0,84.46853125,41.97876875,2.78082215,36.694385,80.358579,20.6,6.4,14.2,11.55,19.6,91.859375,2.2265625,1005.567188
La.Araucania,2016/5/15,2016,19,18,5,0.277777778,76.318275,28.00314,3.427985075,29.815667,77.8986695,22.1,3,19.1,12.2375,2.4,87.47916667,3.171875,1005.191927
La.Araucania,2016/5/22,2016,20,18,4,0.222222222,103.0807563,25.05876563,3.427808225,29.47507045,53.53532885,21.4,1.7,19.7,9.6625,37.2,86.8515625,3.09375,1007.045833
La.Araucania,2016/5/29,2016,21,27,16,0.592592593,89.06803125,38.42204375,4.791793325,24.7179667,53.1824975,18.8,1.7,17.1,10.2,18.9,88.94372736,3.511888587,1006.62192
La.Araucania,2016/6/5,2016,22,56,22,0.392857143,69.52130625,25.39053875,2.792091425,35.026817,26.7371955,15,0.2,14.8,7.5625,3.6,91.10677083,2.369791667,1007.609635
La.Araucania,2016/6/12,2016,23,52,23,0.442307692,108.8476563,45.6405375,4.9624634,30.939874,52.0099415,15.4,-2.7,18.1,6.6875,14.9,88.890625,3,1012.49375
La.Araucania,2016/6/19,2016,24,68,34,0.5,143.6943188,44.49014375,4.16435245,29.348354,58.21232,15.3,-3.1,18.4,5.85,1.3,92.14583333,2.377604167,1011.339323
La.Araucania,2016/6/26,2016,25,49,29,0.591836735,122.0265813,49.55596875,4.2659233,33.912704,51.8726075,17.8,-3.1,20.9,4.75,4.1,89.25260417,3.236979167,1010.420833
La.Araucania,2016/7/3,2016,26,59,30,0.508474576,144.9465313,41.66931563,5.082135175,25.8595442,46.387496,13.9,-3.7,17.6,3.0625,10.2,94.40104167,2.575520833,1008.195573
La.Araucania,2016/7/10,2016,27,43,21,0.488372093,108.4308,38.71597188,5.53002745,23.2557969,47.428029,14.9,-3,17.9,6.525,45,93.8125,3.471354167,1008.673958
La.Araucania,2016/7/17,2016,28,52,14,0.269230769,54.62255625,34.9496625,4.536399,21.85994125,36.04806235,14.9,0,14.9,7.6625,123.1,90.0703125,5.057291667,1004.069792
La.Araucania,2016/7/24,2016,29,51,19,0.37254902,60.84710625,39.29326875,5.80588725,19.1673643,41.903085,16.2,1,15.2,7.975,82.4,91.609375,4.2421875,1005.527865
La.Araucania,2016/7/31,2016,30,34,11,0.323529412,60.56928125,34.95282375,4.7974296,20.3498421,34.6271936,16.8,-0.4,17.2,8.45,41.2,88.0859375,3.994791667,1006.389323
La.Araucania,2016/8/7,2016,31,43,12,0.279069767,53.53843125,44.09006875,4.7185676,21.8590764,38.92557155,14.8,1.2,13.6,8.7375,32.5,90.8203125,5.044270833,1008.951302
La.Araucania,2016/8/14,2016,32,56,14,0.25,70.91485,44.13491875,5.7357695,16.5953592,51.255098,15.6,1.9,13.7,8.6,47.1,91.609375,4.28125,1008.434115
La.Araucania,2016/8/21,2016,33,65,14,0.215384615,47.223025,47.22068125,4.07506285,21.0249396,27.139351,15.6,-1.4,17,8.8875,64.1,84.95833333,6.3671875,1008.732552
La.Araucania,2016/8/28,2016,34,69,13,0.188405797,67.4390125,40.7504125,4.338814975,21.60270105,30.3421378,18.1,-1.4,19.5,7.875,9.9,86.00520833,3.734375,1008.761719
La.Araucania,2016/9/4,2016,35,46,5,0.108695652,60.12719938,40.42730625,4.21347745,24.22869435,28.5142232,18.6,-4.3,22.9,8.275,4.5,67.4765625,5.6328125,1014.579948
La.Araucania,2016/9/11,2016,36,51,7,0.137254902,50.08754375,50.68781875,9.005038578,23.1727076,71.91587735,19.8,-0.9,20.7,10.2875,23.8,72.38983243,4.011775362,1009.115093
La.Araucania,2016/9/18,2016,37,50,6,0.12,39.48641875,43.03837313,7.3787453,26.3182528,67.29355895,21.8,-0.6,22.4,10.1125,9.2,84.70572917,4.377604167,1008.424219
La.Araucania,2016/9/25,2016,38,44,5,0.113636364,32.19793125,45.3072875,11.0948092,24.6943046,66.33935555,26.3,-1.2,27.5,10.525,0.2,78.69479167,3.480729167,1007.875104
La.Araucania,2016/10/2,2016,39,43,2,0.046511628,24.66183938,32.704175,6.27334765,25.3672216,67.595024,25.1,0.3,24.8,11.4,2.1,83.11197917,4.044270833,1006.682552
La.Araucania,2016/10/9,2016,40,31,1,0.032258065,27.58356875,34.52621875,5.82530145,21.08536885,49.6441965,21.5,-1,22.5,9.2375,3.7,82.36571558,3.578125,1010.064278
La.Araucania,2016/10/16,2016,41,35,1,0.028571429,22.86192875,20.50866,5.1050569,15.99494505,36.599464,20.2,2.9,17.3,10.9625,57.7,83.81453804,4.805706522,1003.811968
La.Araucania,2016/10/23,2016,42,38,0,0,20.57766,19.31784563,5.575055425,22.651622,34.32652285,22.2,2.8,19.4,11.8375,7.8,80.23211051,4.642549819,1005.877548
La.Araucania,2016/10/30,2016,43,36,0,0,10.52430625,26.75208063,4.8437774,21.5580792,31.14784,28.2,4.6,23.6,13.29375,4.3,79.93648098,4.557518116,1008.444984
La.Araucania,2016/11/6,2016,44,17,0,0,11.750385,36.02087563,3.302559125,19.23593,28.4360575,24.8,2.2,22.6,12.8,22.6,83.18229167,4.5703125,1008.564323
La.Araucania,2016/11/13,2016,45,28,0,0,9.845320625,28.1116,3.049054475,17.50332675,32.0805315,20.6,0.7,19.9,11.4,0.7,77.9453125,4.578125,1008.11849
La.Araucania,2016/11/20,2016,46,24,1,0.041666667,10.50698919,28.83565625,3.714855425,16.84072915,31.38519235,24.3,0.1,24.2,12.2625,25.6,79.04947917,5.3546875,1006.800781
La.Araucania,2016/11/27,2016,47,21,1,0.047619048,11.6755825,18.83760688,2.71055375,19.50518255,23.6286484,32,6.1,25.9,15.246875,9.3,79.97950634,4.171308877,1004.385179
La.Araucania,2016/12/4,2016,48,27,0,0,6.495859375,23.54981125,3.226317125,22.4039564,39.333501,32.3,6.2,26.1,15.7,11.9,76.6484375,5.1953125,1004.752865
La.Araucania,2016/12/11,2016,49,20,0,0,5.99919,27.74113375,2.7597115,17.91826365,31.75880945,28.1,2.8,25.3,14.5125,31.5,81.07291667,5.796875,1005.718229
La.Araucania,2016/12/18,2016,50,17,0,0,5.58777,32.039775,3.1857366,18.66524415,41.2688905,28.2,1.8,26.4,14.9625,3.1,78.37239583,4.640625,1006.566406
La.Araucania,2016/12/25,2016,51,26,1,0.038461538,6.33400375,25.82921438,2.623258625,16.52405685,33.5334989,24.6,2.2,22.4,14.0375,49.1,76.49479167,4.713541667,1004.545052
La.Araucania,2016/12/31,2016,52,19,0,0,5.909629286,17.02120929,2.705153744,16.12051728,31.93453407,28.9,4.9,24,16.08571429,27.2,80.69345238,4.520833333,1003.455655
La.Araucania,2017/1/8,2017,1,9,0,0,6.465398889,33.07479611,2.753660757,14.79130116,35.59586151,25.8,3.5,22.3,15.56666667,23.8,78.3793277,4.91284219,1005.405857
La.Araucania,2017/1/15,2017,2,9,0,0,5.080785125,27.37999125,2.62,13.6994102,32.6001259,26.1,3.3,22.8,15.475,14,79.89594656,4.789855072,1004.710383
La.Araucania,2017/1/22,2017,3,10,0,0,4.2873225,39.4609225,3.9160354,16.2475425,48.752536,28.8,5,23.8,16.65,0,75.40364583,4.596354167,1006.277865
La.Araucania,2017/1/29,2017,4,11,0,0,4.165185625,50.76070625,3.43427635,22.18707015,42.7484035,35,7.2,27.8,18.75,0,74.38802083,4.799479167,1005.795052
La.Araucania,2017/2/5,2017,5,9,0,0,5.58695,46.3297125,3.1157433,18.11734575,39.936699,27.6,3,24.6,15.4625,26.2,74.8984375,4.247395833,1004.120833
La.Araucania,2017/2/12,2017,6,12,0,0,4.90281375,42.18640625,2.909539475,12.7728594,35.3901305,28.5,4.3,24.2,15.3875,0.1,73.56770833,4.421875,1005.075
La.Araucania,2017/2/19,2017,7,10,0,0,4.51833825,39.19394375,3.4624741,11.20402885,33.8669545,30.3,6.9,23.4,16.6375,30.8,80.0625,5.5390625,1004.094531
La.Araucania,2017/2/26,2017,8,12,0,0,1.825258125,33.048675,4.84308965,8.53478325,37.70025805,29.8,12.8,17,19.9875,0.2,83.31510417,4.979166667,1003.861458
La.Araucania,2017/3/5,2017,9,6,0,0,5.1434,33.6024125,4.48542035,12.5052361,28.78903455,28.3,3.8,24.5,15.0625,17.3,79.35484601,3.842957428,1003.887002
La.Araucania,2017/3/12,2017,10,16,0,0,8.4561725,56.01353125,4.7973772,15.1273633,48.363094,25.2,4,21.2,13.25,52.5,81.3125,4.361979167,1005.526823
La.Araucania,2017/3/19,2017,11,27,0,0,8.303345625,38.00994375,4.061985775,15.99455305,52.972431,27.4,2.8,24.6,13.8125,0.1,79.48697917,3.947916667,1006.521354
La.Araucania,2017/3/26,2017,12,19,0,0,18.76177625,30.69354375,2.795359875,18.0644625,49.222348,28.4,3.4,25,14.3,4.1,83.02909873,3.24852808,1005.094746
La.Araucania,2017/4/2,2017,13,17,0,0,16.72237438,32.90775625,2.69740135,13.45343755,45.822744,24.5,4.3,20.2,13.3625,8.4,87.24479167,3.145833333,1005.579948
La.Araucania,2017/4/9,2017,14,16,0,0,32.07956875,35.98894375,2.69576385,16.51456555,48.4079555,20.7,3.2,17.5,11.7125,58.6,90.87760417,3.4921875,1006.179688
La.Araucania,2017/4/16,2017,15,11,0,0,33.76655813,33.0469375,3.269684675,16.37763015,61.975469,27.2,3.2,24,13.025,0.3,81.14266304,3.349977355,1005.208639
La.Araucania,2017/4/23,2017,16,16,0,0,31.1106625,34.91013125,2.631079325,13.6126263,49.762754,26.9,4.6,22.3,12.425,10,83.55016447,3.871436404,1005.735115
La.Araucania,2017/4/30,2017,17,17,0,0,36.86815625,46.574075,4.166150425,15.95725915,72.2404805,21.2,4.6,16.6,11.1875,12.1,90.0395154,3.582540761,1008.731895
La.Araucania,2017/5/7,2017,18,14,1,0.071428571,37.07128125,37.9506375,4.54329615,17.7185617,72.534536,21.2,2.4,18.8,12.325,54.5,87.44270833,4.958333333,1003.109375
La.Araucania,2017/5/14,2017,19,21,2,0.095238095,44.5625,16.6875,2.937675,14.945,46.6099,20.4,3.8,16.6,11.775,16.5,84.5234375,5.359375,1002.402083
La.Araucania,2017/5/21,2017,20,21,0,0,52.875,26.0178575,4.182175,17.15,56.19555,15.4,-0.7,16.1,7.8125,45.4,87.96252264,4.691123188,1007.256624
La.Araucania,2017/5/28,2017,21,28,2,0.071428571,111,35.3125,5.472525,11.27,72.0275,13.9,-1.9,15.8,4.009375,9.9,95.49159357,2.489903143,1009.376078
La.Araucania,2017/6/4,2017,22,29,3,0.103448276,73.8125,37.875,5.48235,23.94875,81.7236,14.8,0.8,14,6.3,30.5,95.39322917,3.5625,1009.817969
La.Araucania,2017/6/11,2017,23,49,7,0.142857143,74.3125,35.8125,5.3972,19.11,74.17775,14.5,0.7,13.8,7.05,34.1,93.4375,4.479166667,1011.407292
La.Araucania,2017/6/18,2017,24,38,7,0.184210526,91.3125,23.9375,4.771675,25.235,56.7807,13.5,-2.7,16.2,5.65,134.9,91.46354167,5.2265625,1005.598177
La.Araucania,2017/6/25,2017,25,55,20,0.363636364,81.5625,22.3125,4.581725,21.56,55.225,15.5,-2.7,18.2,6.6875,63.3,90.18229167,5.296875,1002.907292
La.Araucania,2017/7/2,2017,26,44,19,0.431818182,57.3125,25.875,4.391775,21.315,59.596,16.3,7.8,8.5,11.89375,46.46333333,79.89598053,3.75657269,1006.1927
La.Araucania,2017/7/9,2017,27,61,37,0.606557377,56.9375,30.8125,3.730225,19.355,65.91045,15.55,9.85,5.7,12,33.59166667,53.15432518,3.11220389,1009.400547
La.Araucania,2017/7/16,2017,28,63,37,0.587301587,115.1875,28.171875,3.75315,24.77999899,59.18945,15.55,1.05,14.5,7.775,44.6,45.04755435,4.874082001,1009.17879
La.Araucania,2017/7/23,2017,29,45,20,0.444444444,121.3125,37.0703125,6.153725,21.805,80.4264,14.8,1.05,13.75,6.160416667,9.7,47.26041667,3.236979167,1012.507292
La.Araucania,2017/7/30,2017,30,60,27,0.45,63,38.3125,3.04575,20.09,77.86725,16.4,-3.2,19.6,6.466666667,14.5,75.63756793,4.977355072,1009.691497
La.Araucania,2017/8/6,2017,31,47,21,0.446808511,116.0625,32.8046875,3.4584,23.489375,74.6125,16.2,-4.2,20.4,4.5015625,13.4,84.00439312,4.569814312,1010.14481
La.Araucania,2017/8/13,2017,32,46,15,0.326086957,26.4375,22.4375,2.79685,24.31625,58.4868,14,3.3,10.7,8.8875,95.6,87.07438859,8.611865942,1003.933616
La.Araucania,2017/8/20,2017,33,43,13,0.302325581,51.8671875,28.3125,6.311860668,22.05,58.40925,15,-0.3,15.3,8.225,54.6,87.30989583,7.015625,1009.138281
La.Araucania,2017/8/27,2017,34,49,12,0.244897959,41.25,23.5,5.079525,27.44,57.28125,15.8,-1.1,16.9,7.15,59.4,85.34375,6.3828125,1004.525521
La.Araucania,2017/9/3,2017,35,52,19,0.365384615,64.875,23.125,7.5325,29.645,54.208625,14.8,-1.3,16.1,6.8,43.2,88.328125,3.684895833,1008.484375
La.Araucania,2017/9/10,2017,36,53,11,0.20754717,56.5,30.8125,8.695125,28.91,57.44105,13.7,-2.6,16.3,6.3275,12.7,83.7165933,3.47012883,1011.583313
La.Araucania,2017/9/17,2017,37,34,9,0.264705882,40.25,38.140625,10.17215,31.115,61.6922,20.9,-2,22.9,7.7125,10,80.49621212,4.017518939,1012.641951
La.Araucania,2017/9/24,2017,38,42,6,0.142857143,33.875,34.4375,9.238775,35.035,52.68465,20.7,0,20.7,8.7875,4.2,86.6263587,3.352694746,1009.43185
La.Araucania,2017/10/1,2017,39,33,7,0.212121212,29.125,40.8125,8.701675,31.85,70.5752,20.7,-1.9,22.6,9.4625,37.4,82.70833333,5.122395833,1006.500781
La.Araucania,2017/10/8,2017,40,19,6,0.315789474,13.875,22.25,8.95385,31.115,46.46294745,17.6,3.7,13.9,10.1625,64.3,85.36277174,7.668365036,1004.354314
La.Araucania,2017/10/15,2017,41,17,3,0.176470588,14.375,27.8125,8.950575,18.62,30.81121895,24.8,1.1,23.7,10.4125,7.3,79.64572011,4.956861413,1010.218886
La.Araucania,2017/10/22,2017,42,17,2,0.117647059,14.875,31.1875,8.524825,23.03,42.6753702,24.8,-0.8,25.6,10.875,21,79.91145833,4.3671875,1006.84974
La.Araucania,2017/10/29,2017,43,16,4,0.25,11.4140625,27.3125,8.71805,32.095,29.93847125,21.5,3.8,17.7,10.76071429,8.225,82.875,4.900065104,1007.196094
La.Araucania,2017/11/5,2017,44,14,1,0.071428571,12.9140625,24.0625,8.040125,31.36,29.97155455,18.5,4.4,14.1,11.25,34.1,85.03419384,6.768568841,1004.959432
La.Araucania,2017/11/12,2017,45,21,0,0,6.9375,30.25,8.1482,30.38,31.6175721,23.6,2.2,21.4,13.525,0.1,81.45595562,3.908740942,1006.253589
La.Araucania,2017/11/19,2017,46,22,0,0,6.25,36.5,8.400375,32.585,28.58371975,23.6,0.9,22.7,12.15,8.1,82.04427083,4.893229167,1007.946875
La.Araucania,2017/11/26,2017,47,16,2,0.125,6.25,33.5,9.3602775,33.81,47.25984185,22.6,0.6,22,11.35,0,76.73697917,5.5234375,1008.76849
La.Araucania,2017/12/3,2017,48,18,1,0.055555556,6.875,23.875,9.6772975,34.79,34.968,28.5,1.6,26.9,13.5375,0,77.66927083,5.3359375,1004.927865
La.Araucania,2017/12/10,2017,49,15,0,0,4.375,26.1875,9.166725,36.26,33.85175,26.4,5.6,20.8,14.2625,0,80.66813859,5.259397645,1005.663361
La.Araucania,2017/12/17,2017,50,22,0,0,4.875,27.1875,8.57395,28.175,34.27005,25.3,1.7,23.6,15.5125,13.5,82.46354167,4.986979167,1005.910417
La.Araucania,2017/12/24,2017,51,18,0,0,4.6875,38.1875,9.2224,30.625,39.71735,24.5,1,23.5,12.7,2.9,75.55457428,5.097146739,1007.442708
La.Araucania,2017/12/31,2017,52,14,0,0,3.1875,28.25,10.365375,25.235,26.28945,25.6,3.5,22.1,15.8625,16.8,78.84035326,4.698369565,1005.960768
La.Araucania,2018/1/7,2018,1,11,0,0,2.9375,33.625,10.601175,27.685,27.65245,29.6,3.9,25.7,15.625,23.9,79.53385417,5.278645833,1006.969531
La.Araucania,2018/1/14,2018,2,17,0,0,3.05,22.8125,10.555325,31.85,33.17495,29.9,5,24.9,17.0375,0,76.46875,4.934895833,1004.576823
La.Araucania,2018/1/21,2018,3,11,0,0,4.125,26.4375,10.29005,32.095,29.9813,31.4,5,26.4,16.6625,0,73.859375,5.424479167,1004.902083
La.Araucania,2018/1/28,2018,4,15,2,0.133333333,5,36.6428575,10.358825,34.055,34.5027,26.9,3.9,23,15.3625,1,73.34363678,5.169044384,1003.396048
La.Araucania,2018/2/4,2018,5,15,0,0,4.375,39.625,10.99745,31.605,41.32475,31.6,4.9,26.7,17.0125,0,70.43874547,5.894361413,1002.920958
La.Araucania,2018/2/11,2018,6,10,0,0,4.5625,42.9375,11.0433,34.79,39.6492,33.2,3.3,29.9,15.859375,1.4,72.80723991,4.872192029,1006.303731
La.Araucania,2018/2/18,2018,7,11,0,0,4.8125,38.3125,11.478875,21.805,47.2585,31.7,3.3,28.4,16.25833333,0,60.15999051,5.177558751,1004.576238
La.Araucania,2018/2/25,2018,8,5,0,0,5.5625,27.5859375,10.142675,14.7,35.09255,30.4,7.766666667,22.63333333,17.4375,10,54.66785038,3.992881068,1004.625863
La.Araucania,2018/3/4,2018,9,10,0,0,5.0625,28.7109375,9.84465,18.62,42.72065,29.2,8.6,20.6,16.775,1.7,78.85575181,4.203125,1005.567584
La.Araucania,2018/3/11,2018,10,13,0,0,8.575,38.5,9.592475,27.685,48.918775,31.9,3.4,28.5,15.025,20.7,77.69100996,4.169723732,1004.93228
La.Araucania,2018/3/18,2018,11,20,0,0,17.425,44.8125,9.198539333,27.195,51.80575,22.2,1.3,20.9,12.028125,52,79.6497962,4.747735507,1004.581737
La.Araucania,2018/3/25,2018,12,22,0,0,18.5375,35.8125,9.8823125,26.705,53.7727,23.5,1,22.5,12.0625,39.6,82.55208333,4.130208333,1006.123438
La.Araucania,2018/4/1,2018,13,9,0,0,15.625,37.90625,10.522575,28.91,68.4226,23.7,1,22.7,12.65,0.2,82.99569746,3.460824275,1006.825917
La.Araucania,2018/4/8,2018,14,18,0,0,34.25,27.375,9.47785,32.095,57.9322,23.8,-1.2,25,11.25,35.9,83.97225996,3.184782609,1005.367584
La.Araucania,2018/4/15,2018,15,14,0,0,45.375,27.375,8.28575,29.645,59.80045,23.1,-0.4,23.5,10.925,89.3,87.66145833,4.229619565,1004.709998
La.Araucania,2018/4/22,2018,16,21,0,0,50.625,40.25,10.142675,34.3,79.3271875,23.1,0.6,22.5,11.9375,5.6,86.06145833,3.229619565,1007.294112
La.Araucania,2018/4/29,2018,17,23,0,0,72.359375,40.453125,9.854475,30.135,87.70435,20.4,-1.4,21.8,8.2125,19.8,86.49895833,3.557291667,1007.359896
La.Araucania,2018/5/6,2018,18,21,0,0,69.734375,34.4375,8.0827,29.155,80.99275,24,1.1,22.9,10.925,19,88.98489583,3.231770833,1006.083073
La.Araucania,2018/5/13,2018,19,21,0,0,56.625,36.0625,8.197325,28.175,56.44151745,18.7,4.9,13.8,12.0375,17.5,91.23229167,2.994791667,1006.839583
La.Araucania,2018/5/20,2018,20,18,0,0,61.3125,50.4375,8.4495,29.645,86.3719799,16.8,2.2,14.6,9.725,33.7,91.30855978,3.917119565,1007.594022
La.Araucania,2018/5/27,2018,21,18,0,0,139.1875,51.5,12.89695,31.115,109.7586324,16.8,-1.8,18.6,7.15,46,93.57838542,2.934895833,1008.070833
La.Araucania,2018/6/3,2018,22,33,6,0.181818182,94.5,33.9375,8.433125,34.5800007,72.12385235,15.4,-3.4,18.8,5.875,55.6,89.28828125,4.25634058,1008.421105
La.Araucania,2018/6/10,2018,23,38,12,0.315789474,89.125,40.0625,9.710375,28.021875,88.4627279,13.4,-2.3,15.7,5.375,82.6,92.82838542,3.80321558,1006.558084
La.Araucania,2018/6/17,2018,24,42,16,0.380952381,100.8125,33.375,9.179825,26.796875,80.60735,17.5,-1.9,19.4,5.075,18.7,96.44036458,2.447916667,1011.44401
La.Araucania,2018/6/24,2018,25,37,18,0.486486486,77.8125,34.75,10.6896,20.58,94.5358,14.2,3.6,10.6,8.567708333,6.1,93.79192088,3.555059524,1011.209716
La.Araucania,2018/7/1,2018,26,56,37,0.660714286,55.4375,31.0625,9.681309375,20.335,82.1231,14.96666667,5.366666667,9.6,9.64125,88.4,79.52957486,5.344447545,1005.791748
La.Araucania,2018/7/8,2018,27,51,29,0.568627451,65.9375,18.8125,9.232225,26.705,56.10155,16.1,-0.8,16.9,9.94125,12.1,83.64854009,6.567866162,1003.305204
La.Araucania,2018/7/15,2018,28,52,32,0.615384615,80.1875,30.8125,11.27255,24.99,80.44285,15.6,-1.5,17.1,8.21875,28.1,88.534024,4.66870471,1007.357779
La.Araucania,2018/7/22,2018,29,44,23,0.522727273,89.9375,36.25,10.457075,37.975,55.6292,13.5,-1.6,15.1,4.7125,17.3,90.84921875,2.78125,1011.872917
La.Araucania,2018/7/29,2018,30,48,20,0.416666667,124.75,35.9375,12.0651,42.385,71.45645,13.7,-3.2,16.9,3.6875,1.5,89.98515625,2.671875,1011.864323
La.Araucania,2018/8/5,2018,31,33,11,0.333333333,83.25,39.4375,12.53015,37.73,85.7309375,14.1,-3.8,17.9,5.85,42.7,88.57175663,4.954308712,1009.99536
La.Araucania,2018/8/12,2018,32,40,13,0.325,93.1875,37.5,12.00053567,35.525,75.51822995,17.9,-1,18.9,8.1,46.6,91.2140625,4.700520833,1006.647917
La.Araucania,2018/8/19,2018,33,47,14,0.29787234,84.25,42.5625,10.6896,39.935,50.02445,17.9,-2.9,20.8,6.4875,18.5,86.94505208,3.78125,1012.84401
La.Araucania,2018/8/26,2018,34,56,10,0.178571429,68.9375,34.6875,10.810775,45.815,48.53925,18.6,-2.9,21.5,6.6625,20.4,84.20651042,3.677083333,1011.072917
La.Araucania,2018/9/2,2018,35,44,4,0.090909091,58.1875,28.5,9.6809,41.405,38.1546,16.6,1.4,15.2,8.825,14,90.71536458,3.03125,1009.129948
La.Araucania,2018/9/9,2018,36,36,7,0.194444444,60.75,39.8125,10.430875,40.915,54.1346,20.4,-2.2,22.6,8.1859375,11.3,83.64262153,3.845920139,1010.271788
La.Araucania,2018/9/16,2018,37,40,9,0.225,39.6875,36.875,9.926525,29.89,40.56805,20.4,-0.9,21.3,8.0625,16.5,85.62109375,3.7109375,1008.914063
La.Araucania,2018/9/23,2018,38,41,6,0.146341463,21.5625,27.3125,8.6067,30.87,48.03148315,17.7,3.3,14.4,10.6125,91.7,88.43020833,7.375,1002.641146
La.Araucania,2018/9/30,2018,39,35,2,0.057142857,28.6875,31.6875,8.603425,31.85,50.4598721,16.8,1.6,15.2,9.3125,27.4,83.30928442,6.177196558,1004.12286
La.Araucania,2018/10/7,2018,40,25,2,0.08,28.28571438,36.75,8.6722,40.915,47.55695,24.7,-1.1,25.8,8.5625,14.4,81.57447917,4.723958333,1008.913281
La.Araucania,2018/10/14,2018,41,13,1,0.076923077,28.3125,32.25,8.67875,43.61,34.37345,18.6,-1.5,20.1,8.9125,18.8,80.91354167,5.122395833,1009.327083
La.Araucania,2018/10/21,2018,42,10,0,0,17.375,26.375,8.937475,37.975,27.1924375,19.4,2.6,16.8,10.825,43.2,81.3578125,5.5546875,1006.739583
La.Araucania,2018/10/28,2018,43,14,1,0.071428571,19.4375,30.375,7.06745,34.79,32.2514,22.3,1.1,21.2,12.475,32.7,83.40520833,3.643229167,1007.546354
La.Araucania,2018/11/4,2018,44,10,0,0,12.8125,21.5,6.026,34.055,26.3999,21.9,1.5,20.4,12.21785714,27.2,85.25819444,5.351215278,1003.710243
La.Araucania,2018/11/11,2018,45,17,2,0.117647059,14.3125,34.6875,6.7989,34.3,42.88015625,26.2,0.5,25.7,12.875,30.3,81.20755208,4.682291667,1004.524219
La.Araucania,2018/11/18,2018,46,14,0,0,12.7421875,33.3125,7.56525,31.36,34.62225625,21.3,4.5,16.8,12.2125,11.7,82.89114583,3.682291667,1007.058854
La.Araucania,2018/11/25,2018,47,19,1,0.052631579,7.8671875,39.3125,10.240925,33.565,30.18105,22.5,2.4,20.1,12.75,4.8,78.7484375,4.9296875,1007.626042
La.Araucania,2018/12/2,2018,48,24,1,0.041666667,7.5,35.5,10.55205,37.24,31.04115,28,2.5,25.5,13.4375,0.5,74.36640625,5.096354167,1007.390365
La.Araucania,2018/12/9,2018,49,11,0,0,8.3671875,26.1875,10.60445,43.12,30.3385,31.8,4.6,27.2,17.25,1,70.76171875,4.5703125,1004.801302
La.Araucania,2018/12/16,2018,50,22,1,0.045454545,6.921875,36.375,10.73545,33.075,27.14955,22.6,2.5,20.1,14.003125,20.6,80.74474432,4.493607955,1006.825213
La.Araucania,2018/12/23,2018,51,19,1,0.052631579,5.5625,31.3125,11.71327134,32.83,33.09975,25.3,3,22.3,14.725,0,78.8546875,5.333333333,1006.430208
La.Araucania,2018/12/30,2018,52,12,1,0.083333333,7.4375,32.625,12.6939,27.93,26.24245,28,3,25,15.275,14.6,78.82727582,4.895380435,1004.037726
La.Araucania,2019/1/6,2019,1,5,0,0,6.1875,46.125,13.489725,28.42,28.388,28.2,2.6,25.6,14.3,0,73.68072917,5.098958333,1005.350521
La.Araucania,2019/1/13,2019,2,21,1,0.047619048,5.709375,24.75,13.72225,23.765,20.6283,27.2,-0.2,27.4,14.0375,9.2,77.42578125,4.671875,1005.596354
La.Araucania,2019/1/20,2019,3,12,0,0,6.063988125,35.75,13.65429375,27.195,26.30153605,33.9,3.8,30.1,16.35,0.3,73.52005208,4.776041667,1005.7875
La.Araucania,2019/1/27,2019,4,1,0,0,7.1875,39.625,13.84533531,42.14,41.2629779,28.3,3.1,25.2,14.7,0.1,75.14479167,4.9609375,1005.213281
La.Araucania,2019/2/3,2019,5,15,0,0,7.875,40.4375,12.304175,44.835,37.59295,40.7,2.8,37.9,17.325,0,65.4078125,5,1004.782292
La.Araucania,2019/2/10,2019,6,9,0,0,13.234375,34.625,8.9866,45.325,39.1839,40.7,5,35.7,17.85,2.3,69.08567708,5.080729167,1002.602083
La.Araucania,2019/2/17,2019,7,5,0,0,14.25,39.5625,9.05865,35.525,33.35825,41.1,0.9,40.2,18.3625,2.3,66.46536458,5.669270833,1003.836198
La.Araucania,2019/2/24,2019,8,7,0,0,5.9375,34.8671875,9.68745,29.155,31.7737625,27.6,2,25.6,16.5,2.8,78.55867301,4.148324275,1004.752808
La.Araucania,2019/3/3,2019,9,8,0,0,7.3125,35.5625,8.10235,27.195,24.99695,28.7,0.6,28.1,13.325,2.5,74.6859375,4.7578125,1006.295833
La.Araucania,2019/3/10,2019,10,11,0,0,10,34.75,7.352375,23.765,24.2896,34.5,3.4,31.1,15.3875,25.8,66.83705019,5.94625947,1004.764039
La.Araucania,2019/3/17,2019,11,13,0,0,10.7625,33.6875,8.655825,28.665,42.392825,29.1,3.1,26,14.8,0.1,75.1796875,4.796875,1004.755729
La.Araucania,2019/3/24,2019,12,12,0,0,10.05,55.125,9.70055,29.89,112.6966,24,-1.2,25.2,12.05,2.9,78.46536458,4.026041667,1009.340625
La.Araucania,2019/3/31,2019,13,22,0,0,22.375,32.1875,8.40365,32.095,112.6966,33.2,1.5,31.7,13.7125,0,77.4375,3.442708333,1005.188542
La.Araucania,2019/4/7,2019,14,17,3,0.176470588,18.25,33.8125,5.448664333,31.36,108.7607425,25.4,-0.7,26.1,12.6625,6.7,83.62863451,3.447350543,1007.721128
La.Araucania,2019/4/14,2019,15,13,0,0,20.125,41.1875,2.66585,38.22,68.432,25.4,3.6,21.8,12.375,3.6,85.50703125,3.515625,1006.839844
La.Araucania,2019/4/21,2019,16,10,1,0.1,41.57142875,41.9375,2.74445,28.91,65.3817,23.7,1.3,22.4,11.025,0.7,87.947226,2.263700181,1006.761832
La.Araucania,2019/4/28,2019,17,12,1,0.083333333,51.125,33.75,2.62,39.2,66.0397,19.9,1.5,18.4,10.8875,18.5,90.19244792,2.697916667,1007.134375
La.Araucania,2019/5/5,2019,18,14,0,0,25.625,40.625,2.623275,32.83,67.51315,20.2,-0.8,21,12.4,82.1,89.63489583,5.127490942,1004.712002
La.Araucania,2019/5/12,2019,19,27,3,0.111111111,29.625,31.0625,2.67895,33.32,64.52865,19.9,4.7,15.2,11.3125,9.6,89.48098958,2.869791667,1007.985156
La.Araucania,2019/5/19,2019,20,44,5,0.113636364,73.875,39.5390625,3.1571,42.14,81.5309,18.6,0.4,18.2,8.9875,22.3,90.28797554,3.723731884,1007.34863
La.Araucania,2019/5/26,2019,21,25,6,0.24,100.3125,45.46614563,3.98895,45.815,72.5962,15.9,-1.9,17.8,5.3625,1.5,91.57994792,2.559895833,1009.210938
La.Araucania,2019/6/2,2019,22,54,5,0.092592593,49.6875,35.625,2.642925,38.71,60.08245,16.7,3,13.7,10.10714286,46.5,88.97036911,6.617074275,1003.278385
La.Araucania,2019/6/9,2019,23,60,11,0.183333333,29.375,37.46875,2.62655,31.605,82.56255,17.9,4.6,13.3,10.6875,27.9,90.76510417,6.088541667,1006.036719
La.Araucania,2019/6/16,2019,24,63,16,0.253968254,65.125,20.9375,2.629825,39.935,61.63345,18.4,-2.7,21.1,7.55,48.6,85.05963542,4.6796875,1006.741146
La.Araucania,2019/6/23,2019,25,63,24,0.380952381,69.6875,35.92708313,2.6593,31.115,81.15725,18.4,-1.9,20.3,8.525,22.7,83.38984375,4.704936594,1008.481069
La.Araucania,2019/6/30,2019,26,62,17,0.274193548,35.4375,26.89583313,2.62,26.980625,62.745,15.3,0.7,14.6,7.0375,135.6,91.9586761,5.996675313,1003.814478
La.Araucania,2019/7/7,2019,27,48,16,0.333333333,65,32.25,2.629825,23.765,72.34945,16.8,-2.7,19.5,6.5375,11.2,88.16378429,4.740327381,1009.978622
La.Araucania,2019/7/14,2019,28,51,22,0.431372549,31.1875,27.125,2.62,27.44,68.14765,17.2,4.1,13.1,10.0125,31.7,84.46484375,6.7578125,1006.246875
La.Araucania,2019/7/21,2019,29,55,22,0.4,56.125,35.5,2.6331,27.44,81.61315,13.5,-1.2,14.7,7.915625,80.5,90.27685174,6.493360919,1006.105659
La.Araucania,2019/7/28,2019,30,68,28,0.411764706,87.625,28.1875,2.852525,35.28,61.84495,14.8,-3.2,18,5.925,10.9,87.84156476,4.375566123,1010.304586
La.Araucania,2019/8/4,2019,31,31,8,0.258064516,65.6875,39.0625,3.0392,24.255,69.4049,15.9,-1.4,17.3,8.303571429,36.85,90.80740673,5.582990405,1009.795513
La.Araucania,2019/8/11,2019,32,39,10,0.256410256,62.125,32.8125,3.114525,35.77,58.8581,14,-3.2,17.2,5.3,32.5,89.91796875,4.302083333,1011.272396
La.Araucania,2019/8/18,2019,33,51,9,0.176470588,56.125,31.1875,2.826325,27.44,59.64535,19.3,-2.8,22.1,7.975,23,85.2560709,4.642549819,1007.663677
La.Araucania,2019/8/25,2019,34,44,11,0.25,52.625,36.1875,2.8427,18.375,70.84545,17.6,1.6,16,9.3,11.9,87.3806952,3.136322464,1008.778929
La.Araucania,2019/9/1,2019,35,50,16,0.32,37.1328125,36.6875,3.029375,23.52,57.39405,17.2,-2.7,19.9,8.625,19.1,88.09166667,4.526041667,1009.984635
La.Araucania,2019/9/8,2019,36,62,12,0.193548387,46.5,29,2.98025,33.075,47.4888,18.3,-4.2,22.5,7.025,5.9,70.78905529,5.476799242,1007.647058
La.Araucania,2019/9/15,2019,37,58,8,0.137931034,30.9375,21.4375,2.675675,38.465,38.21540625,16.7,-1.6,18.3,8.5125,19,83.94577672,4.725656703,1007.862998
La.Araucania,2019/9/22,2019,38,38,2,0.052631579,27.6875,38.6875,2.859075,34.79,30.6299,18.6,-1.7,20.3,7.0625,12.7,85.30651042,4.791666667,1012.51224
La.Araucania,2019/9/29,2019,39,56,5,0.089285714,18.6875,25.375,2.629825,41.405,46.4501,26,-1.5,27.5,11.625,9.3,80.28300498,4.414628623,1007.58091
La.Araucania,2019/10/6,2019,40,30,3,0.1,26.125,30.375,2.62,42.14,34.27475,16,-0.3,16.3,7.95,24,84.17357635,4.529873427,1010.200153
La.Araucania,2019/10/13,2019,41,17,0,0,20.3125,40.4375,2.62,34.3,55.883,25.2,-0.1,25.3,10.9625,6.5,80.14105525,4.249660326,1007.323019
La.Araucania,2019/10/20,2019,42,16,1,0.0625,18.125,29.1875,2.620467998,35.28,31.89449375,25.2,-0.4,25.6,12.05,3.1,68.42135417,5.335824275,1007.368591
La.Araucania,2019/10/27,2019,43,16,1,0.0625,14.375,30.1875,2.627953665,34.545,22.78589375,21.9,-0.6,22.5,11.425,9.8,78.48255208,4.359375,1007.933854
La.Araucania,2019/11/3,2019,44,11,4,0.363636364,15,29.25,2.6855,31.36,19.7306,20.1,2.1,18,10.975,29.6,79.97213542,5.86484375,1005.420573
La.Araucania,2019/11/10,2019,45,12,1,0.083333333,11.25,37.875,2.924575,29.89,39.4518,26.5,0.3,26.2,11.95,1.9,75.73193109,5.256690705,1006.592432
La.Araucania,2019/11/17,2019,46,12,1,0.083333333,6.875,32.5,2.62,24.99,31.05525,26.5,6.6,19.9,14.9625,2.8,80.6734375,5.090104167,1005.722135
La.Araucania,2019/11/24,2019,47,17,0,0,8.3125,44.5,2.62,24.775625,29.5489,29.2,3.4,25.8,14.8,1.2,76.35774457,4.546988225,1005.312715
La.Araucania,2019/12/1,2019,48,14,1,0.071428571,9.875,46.9375,2.62,27.93,23.99585,26.4,3,23.4,12.7875,17.3,78.37395833,5.606770833,1007.171354
La.Araucania,2019/12/8,2019,49,15,0,0,6.75,36.4375,2.623275,28.42,28.6465,26.4,3.4,23,13.95,0,75.71393795,5.796648551,1007.891837
La.Araucania,2019/12/15,2019,50,15,1,0.066666667,6,31.375,2.629825,38.465,31.9553,24.2,1.6,22.6,13.95,0.2,77.94801178,5.043432971,1007.268433
La.Araucania,2019/12/22,2019,51,10,1,0.1,6.1953125,44.5625,2.656025,31.605,28.21175,26.6,3.3,23.3,14.7875,3,75.91681386,4.775475543,1006.866633
La.Araucania,2019/12/29,2019,52,4,0,0,5.9375,36.9375,2.708425,27.685,26.4845,27.2,1.4,25.8,15.625,11.6,76.22213542,4.5078125,1004.595052
Los.Lagos,2015/1/4,2015,1,38,0,0,9.282885,30.1391,16.6775052,38.518361,10.6586224,25.85,4.76875,21.08125,15.39791667,0.15,59.47010417,6.723472222,996.0949167
Los.Lagos,2015/1/11,2015,2,34,0,0,6.97659,40.293005,15.45919767,41.38271725,11.33625195,25.85,6.75,19.1,14.33333333,0.7,56.95802083,7.840070346,995.1811574
Los.Lagos,2015/1/18,2015,3,24,0,0,6.89764125,46.7911625,7.96353454,42.177142,11.15883165,25.625,6.375,19.25,15.55,1.725,62.56200397,6.897760642,996.5071243
Los.Lagos,2015/1/25,2015,4,16,0,0,8.199759375,21.3009,7.00445472,38.326918,10.23638615,32.025,8.075,23.95,17.74947917,0.625,58.06534,5.282860999,995.0035157
Los.Lagos,2015/2/1,2015,5,20,0,0,8.429345,36.0774875,14.37356563,35.889658,12.16580195,27.525,5.575,21.95,15.99930556,4.6,56.83502292,6.133247495,993.6875041
Los.Lagos,2015/2/8,2015,6,15,0,0,9.1503025,41.484,7.333321705,35.231245,12.4575756,28.525,5.5,23.025,16.25052083,9.2,58.97337621,6.287982071,992.9224694
Los.Lagos,2015/2/15,2015,7,14,0,0,8.18228625,60.43935,13.14203364,43.07688,15.7934194,25.9,4.875,21.025,13.7921875,3.175,58.77532197,7.399614899,995.6742759
Los.Lagos,2015/2/22,2015,8,23,0,0,9.38021,64.9460375,10.94364503,43.521261,12.4573641,25.9,6.35,19.55,13.94583333,0.275,57.16718434,7.402561328,995.8412302
Los.Lagos,2015/3/1,2015,9,17,0,0,12.66394875,26.5102,10.85662991,36.2217555,10.2611575,30.775,6.325,24.45,16.8125,0.525,57.46909722,5.981607143,994.3083839
Los.Lagos,2015/3/8,2015,10,23,0,0,10.32682875,31.70655,11.78975765,35.669648,11.219276,24.25,3.1,21.15,14.28333333,13.675,65.48420912,5.797360392,992.9571889
Los.Lagos,2015/3/15,2015,11,25,0,0,11.332865,48.0238375,12.16574403,43.080555,16.22906475,25.075,2.15,22.925,12.5875,5.925,60.36448323,5.910445249,993.7984953
Los.Lagos,2015/3/22,2015,12,35,0,0,11.78781875,40.1075375,13.7613404,39.206811,15.6728268,22.325,1.325,21,11.35,22.125,66.09990079,6.519373196,994.795871
Los.Lagos,2015/3/29,2015,13,29,0,0,20.5105775,32.0979875,13.79402163,24.44304485,17.95448175,26.475,1.325,25.15,12.80833333,4.725,57.29578704,4.959517797,997.0373671
Los.Lagos,2015/4/5,2015,14,39,0,0,21.0661025,25.8951,16.80206,33.8130625,14.9401156,19.575,4.6,14.975,10.75,34.225,71.07861111,6.598610059,994.2649969
Los.Lagos,2015/4/12,2015,15,36,0,0,39.6267,27.3531175,13.55064983,33.919074,14.754663,21.7,3.45,18.25,11.3875,22.875,79.94705396,4.336729174,993.6943929
Los.Lagos,2015/4/19,2015,16,40,0,0,37.48351875,31.0930625,19.36834345,35.6069525,14.8324668,18.6,4.325,14.275,9.258333333,64.875,81.81381563,4.981556013,994.9917067
Los.Lagos,2015/4/26,2015,17,38,0,0,104.55795,50.2340375,18.118348,33.21838135,17.2728149,18.15,0.5,17.65,8.933333333,9.8,78.11833333,4.259430014,998.1337619
Los.Lagos,2015/5/3,2015,18,44,0,0,66.693525,79.175425,15.76276168,35.834337,14.81398405,17.3,-0.475,17.775,8.241666667,10.9,82.92883087,3.584600469,996.6513251
Los.Lagos,2015/5/10,2015,19,46,1,0.02173913,81.7812375,38.2341375,17.68085058,26.13086455,15.86638831,15.85,1.95,13.9,8.008333333,24.25,83.09953704,4.735722102,994.3811405
Los.Lagos,2015/5/17,2015,20,49,0,0,39.65415,38.95155,17.90384533,26.1365755,24.457531,17.875,5.5,12.375,11.00416667,112.7,82.5215873,7.862577561,989.1510694
Los.Lagos,2015/5/24,2015,21,49,0,0,48.8129625,26.9595625,12.41096948,25.4100623,18.4181203,14.225,0.825,13.4,7.889583333,85.95,86.26262731,5.28988952,991.720603
Los.Lagos,2015/5/31,2015,22,30,4,0.133333333,62.741325,54.08219125,16.247144,21.86784005,24.70403895,12.475,-0.2,12.675,6.989583333,67.775,86.58825893,5.350171206,993.1910675
Los.Lagos,2015/6/7,2015,23,42,9,0.214285714,23.28078625,45.79135875,16.89723478,15.0017371,28.56127725,14.1,3.675,10.425,7.779166667,164.375,89.01081349,6.339088203,985.2188005
Los.Lagos,2015/6/14,2015,24,40,9,0.225,62.6327,40.18806,11.16630245,20.6924599,18.10983085,9.825,1.95,7.875,5.495833333,43,84.78009921,5.832714646,994.8255109
Los.Lagos,2015/6/21,2015,25,54,13,0.240740741,103.2108875,34.0403,16.62924153,16.19342935,29.14040655,12.525,-3.525,16.05,5.083333333,30.725,82.59292478,5.340316558,996.4645988
Los.Lagos,2015/6/28,2015,26,50,12,0.24,133.8813875,29.3761375,18.55677553,17.5076265,26.1150095,12.6,-4.7,17.3,4.075,27.1,84.20525463,4.473582251,997.222455
Los.Lagos,2015/7/5,2015,27,69,28,0.405797101,77.6480625,42.33985,21.63209223,17.55819695,28.8457565,11.225,-1.1,12.325,4.1,34.7,87.98210648,4.396114268,996.8927158
Los.Lagos,2015/7/12,2015,28,73,21,0.287671233,68.43395,24.7339125,16.06817508,10.38314655,21.68302935,11,-0.025,11.025,4.504166667,84.45,87.24699176,6.092596454,989.9255071
Los.Lagos,2015/7/19,2015,29,90,32,0.355555556,72.4562375,30.3176,10.09515606,16.9209985,11.9707167,8.15,-0.025,8.175,3.529166667,109.875,85.72736442,6.954878547,992.2761913
Los.Lagos,2015/7/26,2015,30,85,30,0.352941176,40.24205,29.4698375,13.68606125,13.4507548,20.5411573,13.325,-0.4,13.725,7.025,97.85,86.89398313,8.022178181,993.878234
Los.Lagos,2015/8/2,2015,31,77,30,0.38961039,32.9191125,18.2593625,16.70357093,11.5741234,18.02031465,12.1,1.85,10.25,6.291666667,101.075,89.13947421,6.740979437,987.3509494
Los.Lagos,2015/8/9,2015,32,98,38,0.387755102,39.406075,26.1896375,11.66234378,18.94168745,14.3952164,10.275,0.225,10.05,4.679166667,64.2,85.52573413,4.875022547,987.6446329
Los.Lagos,2015/8/16,2015,33,98,40,0.408163265,88.2296125,39.63979,9.670907975,23.86045445,9.0097684,13.45,-2.05,15.5,4.079166667,30.825,80.26729458,4.913674797,999.0827457
Los.Lagos,2015/8/23,2015,34,130,28,0.215384615,59.873425,31.06822125,13.75662113,27.42395495,11.65909495,12.575,-0.075,12.65,5.991666667,62.125,83.81460317,5.514116162,994.1415774
Los.Lagos,2015/8/30,2015,35,126,30,0.238095238,21.8228375,23.5604625,17.74288563,22.2462156,15.6857048,12.925,5.325,7.6,7.220833333,138.05,87.68262807,7.180573593,987.1921347
Los.Lagos,2015/9/6,2015,36,134,19,0.141791045,34.0603375,36.52375,11.48719678,29.665825,12.7949886,15.9,0.175,15.725,5.883333333,24.025,75.80861174,5.567205087,1001.502168
Los.Lagos,2015/9/13,2015,37,166,19,0.114457831,42.185425,23.6240875,10.95084511,25.20139335,8.7250001,13.125,-0.95,14.075,5.7375,38.5,73.96525794,6.925803571,997.0208284
Los.Lagos,2015/9/20,2015,38,140,18,0.128571429,52.770425,28.6729625,11.89480491,30.9483265,10.8291901,16.85,-0.725,17.575,5.286979167,1.575,66.22520172,6.574988426,996.1642166
Los.Lagos,2015/9/27,2015,39,104,13,0.125,32.948225,19.73925125,12.32193533,31.3326335,9.2951571,17,1.125,15.875,8.041666667,25.15,74.67582977,5.965588879,994.1794206
Los.Lagos,2015/10/4,2015,40,103,9,0.087378641,23.3790475,17.42799625,15.1230723,27.7363275,8.99472605,20.65,2.65,18,8.929166667,20.15,71.02180406,7.177770736,993.0532192
Los.Lagos,2015/10/11,2015,41,79,2,0.025316456,28.1513975,29.19809375,7.1713854,33.688774,8.13563655,19.95,-1.075,21.025,6.979166667,25.175,64.6460797,6.524939875,999.2293489
Los.Lagos,2015/10/18,2015,42,78,7,0.08974359,29.3934625,28.275625,11.82479688,33.83997575,8.36744525,19.95,-0.95,20.9,8.283333333,9.975,62.7323634,6.71699954,995.3192043
Los.Lagos,2015/10/25,2015,43,82,10,0.12195122,19.150425,27.805975,9.032184725,34.194895,8.6709313,20.025,-0.35,20.375,9.975,9.925,61.88584554,7.09795177,995.4884206
Los.Lagos,2015/11/1,2015,44,29,1,0.034482759,15.27928625,27.51243125,10.4441191,36.9701815,6.09210945,20.1,1.8,18.3,10,8.025,62.48277854,8.191997993,999.7796116
Los.Lagos,2015/11/8,2015,45,49,2,0.040816327,7.88394875,27.8284675,8.209268925,38.2847535,5.836670325,25.1,3.075,22.025,12.7875,3.825,57.55561869,7.30428966,997.6111305
Los.Lagos,2015/11/15,2015,46,45,3,0.066666667,6.7034065,24.2437,8.8055711,37.6085045,4.8002228,22.925,6.3,16.625,12.87916667,7.175,68.68456349,8.34640873,994.233828
Los.Lagos,2015/11/22,2015,47,39,2,0.051282051,13.41219625,18.9756125,6.2438399,35.55293,3.7100907,18.025,2.025,16,9.1125,51.275,72.92046627,8.337920274,991.8384232
Los.Lagos,2015/11/29,2015,48,33,1,0.03030303,10.24175875,22.7109125,8.303968825,34.7292155,4.36965345,21.925,3.25,18.675,12.19166667,14.325,66.32230159,7.877544192,994.0085337
Los.Lagos,2015/12/6,2015,49,30,0,0,4.116915,33.992175,12.66474923,39.186231,6.4603991,28.95,7,21.95,15.6859375,2.2,57.41662127,7.805946669,995.6114885
Los.Lagos,2015/12/13,2015,50,32,4,0.125,4.3975,33.5713625,9.849212075,39.5733065,5.72982405,19.475,6.925,12.55,12.60416667,24.45,66.00145382,9.129189665,993.6264118
Los.Lagos,2015/12/20,2015,51,20,1,0.05,6.24407125,28.5265125,9.430044498,40.1795345,5.97143695,22.7,2.075,20.625,11.68402778,10.6,62.62019345,7.831952336,994.3851245
Los.Lagos,2015/12/27,2015,52,10,0,0,6.02344125,23.8547,12.1778124,40.0269975,6.5794548,23.95,4.575,19.375,13.12708333,27.175,69.63221756,8.708652673,990.1728567
Los.Lagos,2016/1/10,2016,1,25,0,0,3.513035818,33.93821818,9.711070492,32.44689127,6.268678836,29.1,5.35,23.75,16.54545455,0.125,55.67932507,6.887122743,994.0298064
Los.Lagos,2016/1/17,2016,2,16,0,0,3.99734425,25.901725,11.7599224,38.277232,7.05568935,25.75,6.825,18.925,16.14166667,3.125,62.95801532,7.179500846,993.7454342
Los.Lagos,2016/1/24,2016,3,12,0,0,3.52895025,34.273375,7.60564385,35.6812365,6.94444035,30.95,6.4,24.55,17.67083333,0.275,58.05646241,6.468593828,993.2434618
Los.Lagos,2016/1/31,2016,4,17,0,0,2.33977225,24.4001025,10.85509885,28.439796,8.9354473,30.375,5.975,24.4,15.625,11.45,63.10578144,7.463804113,993.2388252
Los.Lagos,2016/2/7,2016,5,9,0,0,3.1928125,39.44635,5.560127975,34.537895,7.96181645,32.75,6.775,25.975,17.00416667,10.225,54.00030754,7.131907468,994.0815347
Los.Lagos,2016/2/14,2016,6,14,4,0.285714286,3.197235,34.483025,8.713527225,33.728562,9.6838471,27.525,6.775,20.75,15.21666667,19.7,63.24103175,8.132898629,992.6596597
Los.Lagos,2016/2/21,2016,7,29,5,0.172413793,3.0529125,32.30125,15.8011152,35.663033,14.20514135,25.05,5.15,19.9,14.08333333,10.95,65.14339896,7.213595016,991.6660871
Los.Lagos,2016/2/28,2016,8,14,3,0.214285714,3.7866425,39.738175,16.0112916,37.123086,15.69365015,25.05,5.025,20.025,13.74166667,6.65,66.74621032,6.889789938,993.0477026
Los.Lagos,2016/3/6,2016,9,23,6,0.260869565,4.68914,48.85586125,14.03880495,39.861794,13.650727,26.075,3.725,22.35,14.22395833,0,61.7140625,7.10250496,996.657278
Los.Lagos,2016/3/13,2016,10,33,4,0.121212121,5.33438875,40.6873125,10.3096476,36.538418,9.3884521,25.55,3.3,22.25,14.3,0.6,61.25861912,6.931750975,996.9740635
Los.Lagos,2016/3/20,2016,11,34,9,0.264705882,8.7385575,49.48825,12.63540195,36.959524,9.2227583,24,4.15,19.85,12.3875,12.075,63.00690497,7.600265152,997.0534075
Los.Lagos,2016/3/27,2016,12,30,7,0.233333333,8.6337375,56.2987125,18.2078472,45.424764,9.3914789,26.75,1.6,25.15,13.13333333,1.575,63.47915855,7.365067803,996.5344018
Los.Lagos,2016/4/3,2016,13,30,4,0.133333333,20.01185875,34.89685,13.01750275,30.918216,9.038476,23.95,0.675,23.275,11.55416667,12.7,70.87602414,6.487602814,994.8667352
Los.Lagos,2016/4/10,2016,14,23,1,0.043478261,27.5553625,35.9021875,10.12634258,25.25928685,11.0212462,19.95,-0.625,20.575,8.166666667,6.075,67.73786013,6.7759676,995.5006952
Los.Lagos,2016/4/17,2016,15,29,2,0.068965517,20.67769,30.2094875,15.88247275,18.7001591,15.08143755,21.15,1.15,20,9,53.525,76.29026696,6.976202603,989.9224216
Los.Lagos,2016/4/24,2016,16,28,3,0.107142857,51.27785,32.6297775,14.58460008,20.48306575,10.32492475,13.7,-1.45,15.15,7.233333333,67.75,80.11488609,6.198586909,991.1620337
Los.Lagos,2016/5/1,2016,17,33,7,0.212121212,122.1343125,53.098085,20.0528119,17.35243125,17.6481945,16.425,-2.175,18.6,5.633333333,0.45,71.61651175,3.397058338,1000.365749
Los.Lagos,2016/5/8,2016,18,33,10,0.303030303,84.29410375,33.0591125,17.3683468,19.02922595,18.30118078,17.2,4.3,12.9,9.158333333,3.175,83.80728175,3.054235348,996.9549167
Los.Lagos,2016/5/15,2016,19,36,9,0.25,97.7806,30.894075,19.22344861,11.2378609,15.82647732,16.425,4.3,12.125,10.275,3.575,84.20586691,3.318484214,996.6675648
Los.Lagos,2016/5/22,2016,20,50,14,0.28,151.35595,34.6779375,14.57255954,12.96591695,9.915136215,15.55,-2.45,18,5.225520833,0.225,81.21404138,2.823122307,999.1813183
Los.Lagos,2016/5/29,2016,21,53,19,0.358490566,153.38785,34.500475,20.57618965,8.99900925,11.19411338,15.025,-2.1,17.125,5.475,26.6,83.08939706,4.075236315,998.4829613
Los.Lagos,2016/6/5,2016,22,75,27,0.36,57.2672125,38.82483375,20.49569343,12.51934075,10.39784525,11.025,1.125,9.9,5.840625,6.825,90.7154363,2.879310897,998.2947543
Los.Lagos,2016/6/12,2016,23,79,23,0.291139241,67.7990125,53.4917125,12.77176313,9.45318045,16.71619155,12.625,-2.575,15.2,4.645833333,15.525,83.26630889,4.817961108,1002.639909
Los.Lagos,2016/6/19,2016,24,87,31,0.356321839,84.921675,59.4628125,18.85464333,7.9939678,18.09752625,13.95,-2.425,16.375,5.194791667,0.975,86.66027722,4.405304854,1001.895678
Los.Lagos,2016/6/26,2016,25,125,57,0.456,91.1860625,62.513425,19.24240005,9.7116628,15.6995792,12.4,-1.9,14.3,3.633333333,7.35,87.26984021,4.15903868,1000.39977
Los.Lagos,2016/7/3,2016,26,105,35,0.333333333,133.621975,61.63,22.16949353,9.7318116,15.33986705,11.425,-5.125,16.55,1.6125,5.85,86.29456269,4.12544947,998.9836294
Los.Lagos,2016/7/10,2016,27,108,42,0.388888889,89.5667,42.62709125,22.95829365,9.4224452,13.62696615,13.9,-5.125,19.025,6.266666667,27.875,85.56103244,6.762221459,995.6062949
Los.Lagos,2016/7/17,2016,28,119,36,0.302521008,74.626225,35.27399625,13.96682045,13.15018635,10.8903418,10.525,0.225,10.3,4.9,51.55,87.02895299,5.313717186,992.7471951
Los.Lagos,2016/7/24,2016,29,120,23,0.191666667,91.6874625,25.54425,18.4266041,9.84864475,14.1195332,11.675,-3.475,15.15,3.55,19.825,85.41901293,5.192684676,995.1939054
Los.Lagos,2016/7/31,2016,30,108,27,0.25,59.59315,35.320525,16.64489275,13.5634548,11.7701395,10.8,-3.475,14.275,3.933333333,34.5,83.1728722,5.440680014,994.947741
Los.Lagos,2016/8/7,2016,31,100,9,0.09,58.2331625,49.0843125,18.79353838,15.95496595,11.87896095,12.625,0.075,12.55,5.620833333,96.6,88.38265154,5.718421721,994.6553784
Los.Lagos,2016/8/14,2016,32,90,17,0.188888889,74.728,46.6610125,24.18357595,18.30103695,14.7832061,14.25,0.75,13.5,6.883333333,78.775,83.44404625,5.967107117,993.7660919
Los.Lagos,2016/8/21,2016,33,99,10,0.101010101,68.1102875,34.193525,21.35036363,19.44694115,8.8447984,12.725,-2.925,15.65,5.083333333,123.8,85.29103045,5.944681965,992.7126674
Los.Lagos,2016/8/28,2016,34,110,12,0.109090909,54.9971875,41.219075,12.00046133,24.6713824,8.17471705,14.875,-1.475,16.35,7.483333333,10.725,80.38362103,6.885413059,994.9712778
Los.Lagos,2016/9/4,2016,35,123,4,0.032520325,43.82325,53.2325375,15.52507855,25.74624395,9.4652971,16.175,-2.475,18.65,4.916666667,38,70.73490385,7.191448413,1003.33921
Los.Lagos,2016/9/11,2016,36,122,7,0.057377049,82.1159,49.81330625,19.26966115,32.43702,15.1069468,17.25,-3.15,20.4,5.870833333,44.625,71.9352381,5.314335317,997.6071478
Los.Lagos,2016/9/18,2016,37,108,2,0.018518519,35.6771375,35.7505125,15.20257293,28.8559775,9.29067095,16.175,-0.425,16.6,7.475,35.5,78.15305111,5.41625218,996.9768714
Los.Lagos,2016/9/25,2016,38,88,3,0.034090909,53.2123875,42.8412375,23.23579423,34.6210235,11.97804165,19.825,-0.35,20.175,8.016666667,4.55,67.7011734,5.262005235,998.5810311
Los.Lagos,2016/10/2,2016,39,75,2,0.026666667,32.1217875,37.7456875,21.76656045,34.7277749,8.85839315,20.35,0.875,19.475,10.00416667,4.8,67.79137626,5.901081349,996.3051538
Los.Lagos,2016/10/9,2016,40,59,2,0.033898305,43.6017,28.4084675,16.65151808,27.6412724,10.5369488,20.35,0.7,19.65,7.941666667,18.125,69.05978112,6.08456451,997.8261804
Los.Lagos,2016/10/16,2016,41,72,0,0,34.19075375,22.6330175,15.87897669,17.13713064,11.7724895,14.4,0.3,14.1,7.479166667,62.675,74.42247024,7.112617969,991.5565137
Los.Lagos,2016/10/23,2016,42,64,3,0.046875,33.9750625,25.114775,9.682162513,34.1170585,8.54538255,22.1,2.475,19.625,10.97916667,14.275,65.05210317,4.975456349,997.3184494
Los.Lagos,2016/10/30,2016,43,66,2,0.03030303,12.27603,25.85636,11.3020905,34.4994055,8.80015545,25.375,2.416666667,22.95833333,12.72222222,12.05357143,61.14379531,5.54281884,998.5860817
Los.Lagos,2016/11/6,2016,44,47,4,0.085106383,12.8767275,23.93775,12.50568575,32.6156495,9.4339716,20.7,2.416666667,18.28333333,11.36111111,60.6,67.30598395,9.343970809,993.773319
Los.Lagos,2016/11/13,2016,45,53,1,0.018867925,5.05180875,36.7846875,22.5104505,36.3904821,11.91219935,17.75,2.525,15.225,10.7125,43.8,57.80241252,8.565020258,997.8217085
Los.Lagos,2016/11/20,2016,46,59,4,0.06779661,6.6807225,29.30925,10.82176918,35.72033605,8.5550716,24.4,0.75,23.65,11.03333333,50.35,61.92683622,7.687199675,995.1655109
Los.Lagos,2016/11/27,2016,47,52,1,0.019230769,5.18994375,24.9460625,5.410519425,32.392969,6.42464385,29.125,5.625,23.5,15.69166667,8,55.45525253,5.473785173,993.6421849
Los.Lagos,2016/12/4,2016,48,56,1,0.017857143,3.8189,30.8967625,5.6261356,38.909136,7.87232375,27.6,4.8,22.8,15.17083333,3.95,55.5361075,6.955145202,994.7179223
Los.Lagos,2016/12/11,2016,49,49,1,0.020408163,3.126625,22.305675,9.702177675,34.444305,7.0705437,24.35,7.475,16.875,13.8875,24.575,62.42622216,8.555509421,993.9844835
Los.Lagos,2016/12/18,2016,50,49,1,0.020408163,3.7728025,29.7163375,12.04694013,41.0590845,8.84960885,24.15,4.95,19.2,13.4,20.75,61.75352457,7.738132676,993.808292
Los.Lagos,2016/12/25,2016,51,39,1,0.025641026,5.53461125,22.47261375,10.5653465,41.536712,8.6401792,20.2,6.55,13.65,12.9375,40.15,66.88551247,7.24032941,992.2245417
Los.Lagos,2016/12/31,2016,52,43,0,0,2.881018571,19.49246714,9.419914315,39.32348,7.485499313,26.65,8.35,18.3,15.33129252,10.825,62.81462359,6.749839896,992.9850879
Los.Lagos,2017/1/8,2017,1,32,0,0,3.528427778,24.14844444,13.77441711,44.15740622,7.148369955,21,5.1,15.9,12.53280423,83.85,66.01334134,7.955246629,991.5140865
Los.Lagos,2017/1/15,2017,2,40,1,0.025,4.87770725,27.072925,14.29924605,40.17167,9.22367715,22.05,7.725,14.325,13.40833333,29.75,63.49836231,7.278417321,993.3243111
Los.Lagos,2017/1/22,2017,3,26,0,0,4.73076,39.8068125,16.6141274,60.995298,12.222961,25.6,7.675,17.925,15.525,6.35,62.76224918,6.465955801,995.3266469
Los.Lagos,2017/1/29,2017,4,18,1,0.055555556,4.60839625,51.66593375,11.4783903,55.964909,11.03348735,29.9,6.625,23.275,16.875,8.025,59.26747835,5.941496212,996.1502133
Los.Lagos,2017/2/5,2017,5,26,0,0,4.19082,42.8072875,14.9057826,52.6180375,8.501313,24.5,5.125,19.375,13.99583333,8.85,58.1724326,6.30229798,993.5623657
Los.Lagos,2017/2/12,2017,6,26,0,0,4.674435,35.817225,20.02226598,42.616966,8.29052505,24.875,5.125,19.75,14.59583333,0.35,56.42750842,5.632887506,995.0089495
Los.Lagos,2017/2/19,2017,7,19,0,0,5.67928,25.2038,12.51657185,41.53485,7.7316504,28.925,5.375,23.55,14.99166667,75.45,67.92879739,6.999715759,991.0358753
Los.Lagos,2017/2/26,2017,8,16,0,0,2.7871175,26.86118625,15.93370358,38.881451,9.9002398,26.3,12.8,13.5,18.28333333,40.9,73.13958829,6.410998377,992.5726784
Los.Lagos,2017/3/5,2017,9,20,0,0,8.6873075,25.0974375,9.9408171,30.7984355,7.38851045,25.375,5.975,19.4,13.475,28.175,68.07655511,6.080799964,991.6072421
Los.Lagos,2017/3/12,2017,10,31,0,0,17.9194925,28.13379875,17.63731273,33.19309,12.92960365,20.5,2.025,18.475,10.52916667,49.55,72.90049166,5.030139791,991.8720714
Los.Lagos,2017/3/19,2017,11,49,0,0,14.68658625,33.9844075,18.42141978,35.580125,13.2044526,23.25,2.825,20.425,12.45,3.8,67.59938145,4.995338203,997.1525794
Los.Lagos,2017/3/26,2017,12,50,0,0,19.4570725,27.237205,12.31484823,32.405513,10.52642785,22.7,4.625,18.075,12.79583333,5.45,70.51303995,4.933988095,996.3874214
Los.Lagos,2017/4/2,2017,13,37,0,0,27.4304375,26.478125,17.01846873,26.9767785,11.44140035,21.55,4.3,17.25,12.14322917,18.38125,75.47676948,4.366844336,994.739614
Los.Lagos,2017/4/9,2017,14,55,1,0.018181818,39.056775,26.74825,12.88021148,27.819407,9.57494105,19.325,4.5,14.825,10.68072917,45.425,75.5467733,5.559672619,992.9860119
Los.Lagos,2017/4/16,2017,15,60,7,0.116666667,41.4233,32.125,18.5620319,28.8796445,12.98542555,22.15,0.8,21.35,10.3046875,0.714285714,70.64048408,4.184377104,996.9898958
Los.Lagos,2017/4/23,2017,16,64,9,0.140625,28.906575,29.4097125,18.33654029,21.73941105,12.04566995,22.2,4.25,17.95,10.79635417,16.709375,72.18075923,4.547025463,994.4056443
Los.Lagos,2017/4/30,2017,17,45,13,0.288888889,36.4646,37.4303875,20.032782,21.24333505,17.587541,19.484375,4.45,15.034375,10.59404762,35.20357143,77.76995443,5.716299453,994.2054975
Los.Lagos,2017/5/7,2017,18,70,17,0.242857143,34.081625,32.7395875,16.33239225,22.9782315,14.89513895,19.484375,1.125,18.359375,10.24696429,109.8303571,80.52658144,6.445252976,989.4422207
Los.Lagos,2017/5/14,2017,19,78,16,0.205128205,50.25,28.125,16.1916,12.25,14.43605,15.5,1.275,14.225,7.788888889,33.42142857,83.20423866,4.353161663,991.9367683
Los.Lagos,2017/5/21,2017,20,109,28,0.256880734,85.875,44.625,14.0825,11.76,14.0906,13.65,-0.775,14.425,5.861111111,69.44196429,83.24888369,6.579336039,993.0610682
Los.Lagos,2017/5/28,2017,21,104,30,0.288461538,95.234375,49.875,16.849875,9.065,16.8307,10.4,-2.45,12.85,3.541805556,23.175,84.09884206,3.71228708,998.1260003
Los.Lagos,2017/6/4,2017,22,113,25,0.221238938,70.875,57.125,11.2136,13.72,15.29615,11.21875,1.408333333,9.810416667,4.680555556,37.05,87.63930547,4.456568146,996.8785046
Los.Lagos,2017/6/11,2017,23,140,40,0.285714286,98.875,47.515625,12.946075,10.535,15.12225,12.86428571,0.075,12.78928571,6.873611111,69.16875,83.89201393,6.37354484,995.1776924
Los.Lagos,2017/6/18,2017,24,170,29,0.170588235,108.75,37.125,13.987525,12.495,13.67465,9.4,-2.446428571,11.84642857,3.400590278,99.46875,86.69675345,4.978573683,992.3399299
Los.Lagos,2017/6/25,2017,25,159,34,0.213836478,119,37.84375,13.9515,7.595,14.04595,9.375,-2.446428571,11.82142857,2.841388889,59.06875,89.66261811,5.035887939,989.7823559
Los.Lagos,2017/7/2,2017,26,153,28,0.183006536,56.375,24.34375,20.373775,9.065,11.95445,10.8125,2.4,8.4125,4.6125,45.95,91.00672348,4.465763889,991.4692203
Los.Lagos,2017/7/9,2017,27,147,28,0.19047619,83.25,26.25,19.980775,8.33,14.664,10.4625,-0.425,10.8875,3.619444444,44.56666667,89.49715538,4.69171451,992.0794738
Los.Lagos,2017/7/16,2017,28,172,26,0.151162791,120.875,27.65625,12.323825,15.19,11.2659,9.075,-3.8875,12.9625,2.882638889,94.04166667,86.88303346,3.885592382,995.2668287
Los.Lagos,2017/7/23,2017,29,143,19,0.132867133,80.5,32.34375,13.0738,13.72,14.7345,12.875,-3.8875,16.7625,4.9875,115.95,85.52678346,5.173375947,997.2741988
Los.Lagos,2017/7/30,2017,30,129,19,0.147286822,32.625,44.75,19.535375,12.495,12.6054,12.525,-0.4625,12.9875,5.0275,78.428125,82.56409858,6.18796875,995.2214847
Los.Lagos,2017/8/6,2017,31,99,5,0.050505051,53.875,35.5,16.345525,16.17,11.94975,11.7,-2.4,14.1,3.841666667,13.696875,81.08434524,5.56571256,999.1893642
Los.Lagos,2017/8/13,2017,32,110,13,0.118181818,23.25,25.625,15.66105,15.68,12.4503,11.375,2.275,9.1,5.734375,77.70625,84.21654793,7.051619129,988.724769
Los.Lagos,2017/8/20,2017,33,91,14,0.153846154,53.25,29.5,15.101025,16.415,9.9798625,11.175,1.9,9.275,5.680208333,124.1875,82.48027466,7.531583213,991.6031261
Los.Lagos,2017/8/27,2017,34,97,12,0.12371134,37.75,21.625,13.24109781,21.56,9.6649625,11.05,-1.25,12.3,4.591666667,135.825,83.22919747,7.360864111,988.3816827
Los.Lagos,2017/9/3,2017,35,95,5,0.052631579,48.75,33.625,9.9052375,25.48,7.82785,11.40357143,-0.925,12.32857143,4.899305556,56.225,81.84422848,4.892081896,995.4970862
Los.Lagos,2017/9/10,2017,36,88,7,0.079545455,68.5,29.375,8.31768125,25.48,8.05815,10.975,-2.6,13.575,4.45,22.32291667,77.31759891,5.266991492,999.0111137
Los.Lagos,2017/9/17,2017,37,79,6,0.075949367,71.375,28,12.47693125,29.155,9.2073,15.5875,-0.816666667,16.40416667,5.416666667,19.74583333,74.89545178,5.624101743,1000.458419
Los.Lagos,2017/9/24,2017,38,80,3,0.0375,53.625,23.5,14.00512813,37.1175,7.5388,16.1625,0.83125,15.33125,6.807291667,16.25,73.31705858,5.708287025,998.3778539
Los.Lagos,2017/10/1,2017,39,91,4,0.043956044,23.07142875,26,19.9775,32.585,9.5316,17.525,-2.325,19.85,6.624791667,30.715625,70.05113237,6.274556624,994.8106272
Los.Lagos,2017/10/8,2017,40,99,4,0.04040404,32.07142875,18.125,12.09785,30.625,8.03465,13.58333333,1.7,11.88333333,6.868333333,119.4285714,81.0428984,7.44748098,986.8954076
Los.Lagos,2017/10/15,2017,41,69,4,0.057971014,27.375,25.25,12.664425,35.035,6.54475,20.825,1.15,19.675,8.456388889,15.36875,71.86484657,6.128126272,999.667421
Los.Lagos,2017/10/22,2017,42,85,4,0.047058824,26.0321425,18.125,16.637,35.2449993,8.135308255,20.825,0.93,19.895,8.550694444,21.55416667,69.26056015,6.586369776,994.976507
Los.Lagos,2017/10/29,2017,43,64,1,0.015625,14.525,15.75,17.11515,36.1899986,6.804425,16.9,2.6125,14.2875,9.015972222,32.925,73.84423273,7.018541621,992.2655442
Los.Lagos,2017/11/5,2017,44,84,5,0.05952381,17.046875,12.25,17.321475,28.2975,6.63875,17.8375,3.75,14.0875,10.58583333,30.765625,74.14110216,6.589318529,992.2019635
Los.Lagos,2017/11/12,2017,45,72,2,0.027777778,12,21.75,14.9471,30.135,8.44355,21.01071429,2.975,18.03571429,11.89833333,5.228125,67.08573059,5.015224789,995.0661322
Los.Lagos,2017/11/19,2017,46,73,1,0.01369863,11.25,20.375,15.494025,39.58791585,5.4708,21.625,4.45,17.175,10.96375,15.284375,66.58262252,7.954727431,994.6432526
Los.Lagos,2017/11/26,2017,47,86,3,0.034883721,8,35.25,20.262425,41.99708415,7.73385,20.39583333,4.65,15.74583333,11.48854167,0.05,57.24214469,7.959600898,998.922413
Los.Lagos,2017/12/3,2017,48,93,1,0.010752688,10.625,31.375,11.58695,32.585,5.96665,26.425,3.85,22.575,13.99166667,0.85,56.66015671,6.16182011,995.7702737
Los.Lagos,2017/12/10,2017,49,60,1,0.016666667,7,28.625,10.2049,40.18,7.18395,25.425,7.225,18.2,15.23465278,1.83125,60.62062382,6.410906085,995.0573115
Los.Lagos,2017/12/17,2017,50,84,1,0.011904762,5.875,19.875,13.5978,37.485,8.42475,24.875,4.35,20.525,14.275,57.6,69.18449904,7.427629731,992.8914193
Los.Lagos,2017/12/24,2017,51,69,0,0,7.375,30.875,18.205725,36.26,11.15874,23.075,2.225,20.85,11.50138889,35.33214286,64.56129576,7.366529235,995.577029
Los.Lagos,2017/12/31,2017,52,43,1,0.023255814,5.65,21.25,19.568125,28.175,7.95663,21.45,6.941666667,14.50833333,13.75916667,59.85357143,71.73291612,8.125434727,991.9001249
Los.Lagos,2018/1/7,2018,1,42,0,0,8.5,20.5,17.80945,30.625,5.32275,25.7,6.941666667,18.75833333,13.17833333,49.85,72.18651605,7.030523195,993.1557078
Los.Lagos,2018/1/14,2018,2,44,3,0.068181818,7.75,29.5,11.930825,32.34,4.2958,28.125,5.55,22.575,16.53819444,1.69375,60.7877091,6.980319722,995.1074789
Los.Lagos,2018/1/21,2018,3,40,2,0.05,7,32,8.983325,37.24,5.019991745,25.825,7.5,18.325,16.06041667,0.4,63.84208791,7.360413816,996.1020072
Los.Lagos,2018/1/28,2018,4,32,0,0,11.125,34.125,8.433125,40.18,5.430771745,25.825,4,21.825,14.48333333,0.65,59.00198184,6.448317585,993.1841935
Los.Lagos,2018/2/4,2018,5,24,1,0.041666667,8.25,37.25,7.31635,40.67,8.80545,27.025,6.775,20.25,15.74638889,5.33125,62.00063444,6.97528083,994.6304298
Los.Lagos,2018/2/11,2018,6,24,0,0,8.625,27.5,10.267125,38.22,12.16125,29.125,4.203571429,24.92142857,14.21458333,12.590625,67.14577063,6.172549048,994.7569907
Los.Lagos,2018/2/18,2018,7,26,0,0,8.625,30.5,11.092425,41.16,13.94725,27.15,4.203571429,22.94642857,16.03611111,2.1,64.8632253,5.868826047,994.4031582
Los.Lagos,2018/2/25,2018,8,34,0,0,10.75,20.75,10.548775,28.91,11.9756,26.925,4.35,22.575,13.72276786,8.825,67.08166667,4.604147207,994.4513684
Los.Lagos,2018/3/4,2018,9,30,0,0,8.25,25.75,7.306525,32.34,11.39515,25.4,6.478571429,18.92142857,14.80297619,5.25625,65.47203373,5.491631944,995.2537083
Los.Lagos,2018/3/11,2018,10,50,0,0,11.25,30.25,8.885075,34.545,12.63595,25.14,4.075,21.065,13.07083333,58.465625,70.71278989,5.985022345,993.9328997
Los.Lagos,2018/3/18,2018,11,57,0,0,21.125,20.25,11.249625,34.3,13.04908,17.75,5.132142857,12.61785714,10.26319444,80.771875,75.10813279,7.12737631,989.9693809
Los.Lagos,2018/3/25,2018,12,62,0,0,27.625,20.125,13.136025,36.75,15.1058,18.975,1,17.975,9.113194444,33.025,74.70640949,5.944359737,993.2520522
Los.Lagos,2018/4/1,2018,13,58,1,0.017241379,28.25,28,15.166525,39.445,23.77965,19.6,1.353571429,18.24642857,10.51520833,24.475,76.60991071,5.290049603,995.82473
Los.Lagos,2018/4/8,2018,14,57,3,0.052631579,39.25,25.875,11.098975,31.85,14.3914,21.55,-1.15,22.7,9.493055556,60.121875,78.04050595,5.278670347,993.4199375
Los.Lagos,2018/4/15,2018,15,62,2,0.032258065,55,26.375,11.9996,28.665,14.5935,21.4,-1.05,22.45,8.428472222,55.103125,80.45834624,4.845534188,992.2523997
Los.Lagos,2018/4/22,2018,16,57,8,0.140350877,62.75,31.875,17.2134,36.505,19.74,21.4,3.15,18.25,10.83861111,44.865625,78.05736745,6.696962826,993.7327811
Los.Lagos,2018/4/29,2018,17,73,18,0.246575342,61.625,35.625,14.37725,29.82875,21.4555,13.6,-1,14.6,5.987222222,49.675,81.23167037,4.814216436,995.5731049
Los.Lagos,2018/5/6,2018,18,86,22,0.255813953,64.375,26,16.653375,25.54125,18.45455,16.65,-1.1,17.75,5.704861111,21.025,83.59869786,3.805059601,996.4035316
Los.Lagos,2018/5/13,2018,19,85,19,0.223529412,62.25,35.5,15.25495,21.315,18.5932,16.65,3.175,13.475,7.941666667,29.375,86.99771633,3.87916013,995.1616968
Los.Lagos,2018/5/20,2018,20,99,35,0.353535354,65.125,36.625,12.63549594,16.415,23.11695,13.2,0.45,12.75,6.683333333,39.15,87.6094724,4.358680556,994.8108828
Los.Lagos,2018/5/27,2018,21,107,49,0.457943925,115.125,44.75,14.256075,19.845,27.0861,15.45,0.934375,14.515625,7.075,51.125,83.97680736,4.463981181,995.3946999
Los.Lagos,2018/6/3,2018,22,149,60,0.402684564,102.875,46.125,15.47382906,14.945,20.72935,11.45,-4.35,15.8,3.195833333,36.425,83.14519751,4.830083424,998.3642146
Los.Lagos,2018/6/10,2018,23,153,70,0.45751634,157.25,49,12.969,18.43625,22.99475,10.85,-4.35,15.2,2.755729167,48.7,86.53797348,4.404674423,993.9906456
Los.Lagos,2018/6/17,2018,24,124,56,0.451612903,63.25,48.09583375,9.56955,12.25,20.33131875,16.225,-1.95,18.175,3.654166667,47.625,89.57028139,5.486593615,999.3054245
Los.Lagos,2018/6/24,2018,25,117,38,0.324786325,79.625,38.20833375,14.1087,10.045,23.59635,13.05,-1.457142857,14.50714286,5.775694444,75.975,85.79380411,6.474283911,995.7949315
Los.Lagos,2018/7/1,2018,26,137,57,0.416058394,42,24.625,10.82715,7.105,19.25355,9,-1.457142857,10.45714286,3.854861111,102.0642857,88.15689394,5.819188011,990.2691959
Los.Lagos,2018/7/8,2018,27,114,28,0.245614035,95,18.875,14.11525,10.045,12.90385,10.325,-4.25,14.575,2.409722222,11.91339286,81.0117289,4.009544553,995.6370133
Los.Lagos,2018/7/15,2018,28,142,35,0.246478873,84.125,38,18.46445,9.8,17.1926,11.025,-1.467857143,12.49285714,4.226388889,65.52142857,90.83713324,4.094045064,995.4861472
Los.Lagos,2018/7/22,2018,29,97,21,0.216494845,138,50.5,11.2398,17.885,13.2211,10.275,-3.05,13.325,2.922013889,16.08571429,86.35219433,3.291649568,1001.469824
Los.Lagos,2018/7/29,2018,30,134,29,0.21641791,84.5,51.625,8.66565,17.395,15.78965,9.192857143,-2.66875,11.86160714,1.962361111,8.295833333,86.58482089,3.614713203,1001.55872
Los.Lagos,2018/8/5,2018,31,122,11,0.090163934,90.625,45.25,15.3401,14.945,16.7602,11.7,-3.4,15.1,4.054861111,52.265625,82.7968877,5.953580794,997.0479304
Los.Lagos,2018/8/12,2018,32,68,11,0.161764706,82.625,40.375,13.72225,16.66,18.72245,13.675,-0.5,14.175,5.613402778,45.11875,84.8833631,4.597431006,995.1550847
Los.Lagos,2018/8/19,2018,33,67,9,0.134328358,70.625,35.25,10.5062,24.255,15.09875,13.675,-2.416666667,16.09166667,5.443333333,19.478125,80.01192234,6.11007718,999.4959093
Los.Lagos,2018/8/26,2018,34,98,5,0.051020408,62.75,30.375,12.54325,21.315,14.0765,13.775,-2.425,16.2,4.2225,28.478125,81.42185742,5.708410791,997.9668526
Los.Lagos,2018/9/2,2018,35,102,8,0.078431373,53.25,33.75,10.48655,23.03,11.2095,13.775,-1.078571429,14.85357143,5.765694444,82.340625,79.47590736,6.489486416,996.6289351
Los.Lagos,2018/9/9,2018,36,71,3,0.042253521,64.875,34.875,13.5192,28.665,13.24695,16.075,-0.925,17,5.6625,21.825,79.67594024,5.77669807,998.0864066
Los.Lagos,2018/9/16,2018,37,67,2,0.029850746,54.75,38.25,12.225575,30.38,14.899,17.025,-0.125,17.15,7.55,13.325,74.20965756,5.293829712,997.8091804
Los.Lagos,2018/9/23,2018,38,39,1,0.025641026,15,12.375,10.8206,25.235,10.15435,13.85,4.425,9.425,7.6625,85.275,84.9222234,7.433659308,986.4762602
Los.Lagos,2018/9/30,2018,39,62,3,0.048387097,25.375,21.125,12.146975,23.52,11.26355,14.55,-0.175,14.725,6.2875,47.3,79.43635023,6.335292841,990.2224695
Los.Lagos,2018/10/7,2018,40,79,1,0.012658228,30.375,22.125,11.7245,33.075,9.54335,21.45,-0.375,21.825,6.590625,30.575,74.84404991,6.781252289,996.5809105
Los.Lagos,2018/10/14,2018,41,49,1,0.020408163,22.75,24,6.22905,33.81,14.0483,16.275,-0.2,16.475,7.276041667,31.3,72.18133405,7.420450304,996.663532
Los.Lagos,2018/10/21,2018,42,70,0,0,17.25,15.25,7.0871,30.87,12.43787861,16.275,3.2,13.075,8.075,64,78.55931166,7.377596663,993.2860948
Los.Lagos,2018/10/28,2018,43,57,2,0.035087719,25.875,19.375,9.494225,33.565,16.35499279,19.725,1.525,18.2,10.60833333,16.425,74.94399954,6.043468279,995.8193732
Los.Lagos,2018/11/4,2018,44,55,0,0,11.5,14.625,11.013825,27.93,10.81705,17.925,1.85,16.075,10.51666667,48.1,75.80901766,6.81827355,990.6791671
Los.Lagos,2018/11/11,2018,45,78,0,0,14.75,17.24999875,16.85315,34.3,12.92265,25.175,-0.7,25.875,10.28333333,39.58125,73.37150496,5.728076492,992.4947144
Los.Lagos,2018/11/18,2018,46,100,0,0,13.875,12.80208375,8.452775,29.4,19.06555,21.325,1.075,20.25,10.875,14.2,70.5894126,6.497876984,994.7677088
Los.Lagos,2018/11/25,2018,47,75,0,0,10.625,24.125,11.328225,35.525,18.45885755,18.825,3.275,15.55,11.2375,59.35,70.52333028,8.795967643,994.6121525
Los.Lagos,2018/12/2,2018,48,75,0,0,10.45833375,35.25,9.825,36.505,8.0746,23.4875,3.7,19.7875,12.46510417,2.075,60.70302961,7.078006811,998.6433233
Los.Lagos,2018/12/9,2018,49,58,0,0,11,29.25,5.5937,36.505,8.0746,28.9,3.5,25.4,15.4046875,0.979166667,60.12854745,6.624023958,995.653523
Los.Lagos,2018/12/16,2018,50,56,0,0,8.8,18.25,11.1743,33.075,8.629983255,20.8,3.9,16.9,12.86979167,17.15,67.46303499,7.664767744,993.9825228
Los.Lagos,2018/12/23,2018,51,50,0,0,6.325,33.25,11.40355,33.81,12.67315826,23.15,4.95,18.2,14.37083333,3.075,65.00758554,7.151348377,996.2757338
Los.Lagos,2018/12/30,2018,52,28,0,0,4.625,26.5,6.77925,29.89,13.15099175,24.775,6.5,18.275,14.2875,27.44285714,64.53198052,7.002941191,991.9649582
Los.Lagos,2019/1/6,2019,1,33,0,0,5.75,27.875,9.93635,35.525,14.06396675,23.075,4.475,18.6,12.64583333,11.25,67.42481127,7.679849525,993.8554262
Los.Lagos,2019/1/13,2019,2,35,0,0,6.25,17.125,8.44295,24.99,11.2941,23.65,0.5,23.15,11.1875,32.075,68.49506792,6.761146978,993.0773568
Los.Lagos,2019/1/20,2019,3,31,0,0,6,32,12.7201,29.155,13.40675,26.775,4.625,22.15,14.62083333,3.6,63.56976623,6.746070373,996.4204108
Los.Lagos,2019/1/27,2019,4,15,0,0,5.625,39.375,5.131925,34.3,16.91765,24.05,2.575,21.475,13.34166667,2.8,61.26319444,7.038766789,994.644792
Los.Lagos,2019/2/3,2019,5,26,0,0,7,41.625,7.1264,35.525,16.215,35.175,5.525,29.65,15.76666667,0.15,56.91318529,7.421946734,996.1673471
Los.Lagos,2019/2/10,2019,6,30,0,0,7,35.75,3.54355,33.075,16.1821,35.275,6.8,28.475,16.89166667,3.675,53.79096405,7.277678571,992.948181
Los.Lagos,2019/2/17,2019,7,31,0,0,5.875,66.5,4.46055,34.055,14.84495,30.825,3.025,27.8,16.05,3.975,58.32751883,6.525046787,995.47594
Los.Lagos,2019/2/24,2019,8,33,0,0,5.875,19.625,12.854375,30.135,13.9073,26.25,5.05,21.2,13.0875,7.5,63.11971578,7.231885976,993.3549675
Los.Lagos,2019/3/3,2019,9,51,0,0,7.75,32,14.125075,33.32,18.100875,23.075,3.675,19.4,12.15833333,6.3,67.5688431,5.925567766,996.4159462
Los.Lagos,2019/3/10,2019,10,30,0,0,6,23.25,9.553175,30.625,5.5430625,29.05,3.125,25.925,12.00416667,38.275,71.64556624,6.700677656,993.8962867
Los.Lagos,2019/3/17,2019,11,31,0,0,9.125,30.75,13.0083,30.625,4.58955,29.05,5.55,23.5,13.2125,3.15,69.43352294,5.118978868,995.6762736
Los.Lagos,2019/3/24,2019,12,37,0,0,12.25,33.375,15.47765,38.465,7.19805,19.20625,1.275,17.93125,10.4125,9.85,73.58832952,5.371638813,998.4287143
Los.Lagos,2019/3/31,2019,13,53,0,0,13.875,38.875,10.804225,28.91,8.9723,24.925,1.95,22.975,11.3625,0.225,73.38454365,4.597183303,996.5612605
Los.Lagos,2019/4/7,2019,14,51,0,0,23.75,38.25,16.149025,36.26,15.61105,23.025,3.875,19.15,12.27916667,7.925,74.71003925,6.024761142,996.3828398
Los.Lagos,2019/4/14,2019,15,42,0,0,44.125,31.625,17.838925,33.565,13.20935,20.2,3.1,17.1,10.94583333,29.525,80.91315115,5.940496032,994.5153106
Los.Lagos,2019/4/21,2019,16,43,0,0,58.25,33.5,14.52135,30.135,16.8213,15.725,1.2,14.525,8.116666667,16.2,79.3289908,5.268252766,995.8982178
Los.Lagos,2019/4/28,2019,17,67,0,0,40.75,48.375,13.856525,27.44,15.4865,16.05,0.225,15.825,8.525,25.209375,82.3080276,5.00477408,996.3357008
Los.Lagos,2019/5/5,2019,18,55,0,0,40.75,20.5,22.908625,22.785,16.88005,15.2,3,12.2,8.1,82.275,84.45133929,5.750980489,991.0679608
Los.Lagos,2019/5/12,2019,19,65,2,0.030769231,44.75,40.5,17.380425,19.355,14.67105,16.675,2.675,14,8.541666667,11.9,84.91536797,5.310532407,995.8820014
Los.Lagos,2019/5/19,2019,20,65,0,0,95.375,44.25,22.037475,19.6,16.9905,14.525,-1.55,16.075,6.279166667,34.575,83.40432089,5.171990741,994.7811055
Los.Lagos,2019/5/26,2019,21,85,3,0.035294118,43.125,62.875,14.668725,15.925,18.41695,12.65,-0.725,13.375,4.516666667,11.7,87.37589702,3.696047517,999.1514446
Los.Lagos,2019/6/2,2019,22,117,4,0.034188034,59.5,24.25,14.4755,12.25,16.11865,13.575,-1.8,15.375,5.644270833,36.55,86.91999253,5.380596956,991.4357292
Los.Lagos,2019/6/9,2019,23,163,14,0.085889571,27.25,31,20.491675,12.74,19.5708,13.575,5.475,8.1,7.5875,80.15,87.47649621,7.455543981,989.4716402
Los.Lagos,2019/6/16,2019,24,162,20,0.12345679,92.625,25.83928625,22.22415,14.455,15.0823,10.975,-1.925,12.9,2.8625,16.775,88.2253355,3.304659091,997.7355728
Los.Lagos,2019/6/23,2019,25,178,25,0.140449438,76.25,32.375,27.1579375,9.31,18.1232,12.45,-2.225,14.675,6.1125,37.5,87.84093344,4.987550505,996.209092
Los.Lagos,2019/6/30,2019,26,130,30,0.230769231,63.875,25.16071375,16.14575,9.555,16.6709,11.375,-5.05,16.425,2.995833333,58.25,86.70155032,5.125736833,990.1947984
Los.Lagos,2019/7/7,2019,27,132,41,0.310606061,130.75,29.375,17.41645,9.8,16.2432,10.425,-1.140625,11.565625,3.605729167,20.375,88.48808171,4.37032197,998.3553718
Los.Lagos,2019/7/14,2019,28,132,42,0.318181818,24.5,16.375,19.257,11.515,16.23615,12.4,1.4,11,6.191666667,32.675,87.46420996,7.327710137,992.3926169
Los.Lagos,2019/7/21,2019,29,134,48,0.358208955,35.5,32.5,18.0370625,14.7,18.0433,10.65,2.2,8.45,4.879166667,88.675,88.058207,6.877826283,989.391568
Los.Lagos,2019/7/28,2019,30,109,35,0.321100917,142.75,26.875,7.6520375,14.945,12.925,11.65,-2.625,14.275,3.058333333,20.2,85.73290002,4.224245373,999.049093
Los.Lagos,2019/8/4,2019,31,83,41,0.493975904,54.875,26.75,7.3884,16.17,13.5501,11.75,-2.625,14.375,5.604166667,60.45,85.90636905,6.141349206,995.9787459
Los.Lagos,2019/8/11,2019,32,99,23,0.232323232,46.625,32.625,7.889202193,23.03,13.6435125,10.55,-1.2,11.75,4.9875,23.5,81.79853896,6.825135582,997.8373753
Los.Lagos,2019/8/18,2019,33,77,14,0.181818182,72.875,22,5.80985,18.62,15.1904,12.725,-2.3,15.025,4.970833333,9.375,80.16950903,4.573076183,998.2933981
Los.Lagos,2019/8/25,2019,34,99,24,0.242424242,76.625,43.75,13.077075,18.865,20.7505,12.325,-1.075,13.4,5.683333333,35.95,81.26768128,4.956832011,998.0717256
Los.Lagos,2019/9/1,2019,35,78,12,0.153846154,35,22.25,11.28565,22.05,9.21905,12.325,-0.65,12.975,5.379166667,54.8,80.04893398,6.758115079,996.3427275
Los.Lagos,2019/9/8,2019,36,68,16,0.235294118,31.5,23.125,5.655925,31.85,8.8971,13.375,-2.55,15.925,4.854166667,3.1,66.78296266,6.417045455,999.4529242
Los.Lagos,2019/9/15,2019,37,87,14,0.16091954,31.375,24.125,7.254125,34.79,8.319,13.325,-3.25,16.575,5.875,18.35,77.94818543,5.710284542,995.9819305
Los.Lagos,2019/9/22,2019,38,46,8,0.173913043,30.875,19.25,8.498625,35.62999965,8.56575,15.15,-2.35,17.5,6.045833333,22.425,74.19845238,7.359054834,998.7594416
Los.Lagos,2019/9/29,2019,39,95,14,0.147368421,17.5,22,8.852325,36.5400007,10.14495,21.65,-2.35,24,9.3375,16.625,73.84204434,6.718379537,998.0922678
Los.Lagos,2019/10/6,2019,40,70,9,0.128571429,27.453125,16.625,6.1439,33.565,8.605700235,16,-1.725,17.725,5.775,25.95,71.54278603,6.105164003,997.4183404
Los.Lagos,2019/10/13,2019,41,64,7,0.109375,18.75,24.5,12.880575,33.565,11.943875,16.25,1.55,14.7,8.995833333,13.425,72.03540064,7.700314408,995.2425282
Los.Lagos,2019/10/20,2019,42,69,4,0.057971014,17.375,23.125,7.110025,36.75,7.5388,20.9,1.55,19.35,9.423611111,4.989583333,63.56616873,7.279801333,999.2410832
Los.Lagos,2019/10/27,2019,43,62,2,0.032258065,11.75,17.375,3.730225,39.935,7.1675,18.7,2.0625,16.6375,8.833333333,19.5,72.25661859,6.823232346,997.0503304
Los.Lagos,2019/11/3,2019,44,46,1,0.02173913,19.75,14.125,6.9037,34.79,5.58125,15.675,2.1625,13.5125,8.216666667,59.2,74.74889881,7.53203373,993.8887381
Los.Lagos,2019/11/10,2019,45,48,3,0.0625,13.734375,27,14.459125,40.67,5.8703,20.675,2.9375,17.7375,9.604166667,8.75,68.23427297,6.838083509,997.6112222
Los.Lagos,2019/11/17,2019,46,38,1,0.026315789,8.609375,18.125,10.974525,37.485,4.65535,20.675,5.3875,15.2875,11.55,28.4,69.65611264,7.100963446,995.477391
Los.Lagos,2019/11/24,2019,47,34,3,0.088235294,8.75,24.75,7.699525,36.015,5.4191,21,2.6875,18.3125,10.84583333,12.6,68.02298493,7.4466718,995.3251949
Los.Lagos,2019/12/1,2019,48,32,0,0,7.375,19.375,7.516125,36.995,6.31915,20.625,3.1125,17.5125,9.645833333,44.65,74.75852294,7.6416718,995.2888522
Los.Lagos,2019/12/8,2019,49,37,0,0,5.671875,31.625,11.87515,38.465,13.89006675,20.625,3.1125,17.5125,11.47916667,1.8,66.47872357,6.728861902,999.9256475
Los.Lagos,2019/12/15,2019,50,39,1,0.025641026,5.125,21,11.236525,33.81,16.93645,19.425,3.6375,15.7875,11.2375,6.35,68.04725951,6.0689848,997.2893093
Los.Lagos,2019/12/22,2019,51,37,0,0,8.925,28.5,10.9335875,37.73,20.6565,20.45,3.7875,16.6625,11.3625,20.8,68.01728938,5.771983364,997.1271243
Los.Lagos,2019/12/29,2019,52,24,1,0.041666667,6.654166625,25.375,8.177675,35.97416585,20.1442,21.325,4.0875,17.2375,11.4625,24.65,69.57059524,6.356690324,995.0294309
Los.Rios,2015/1/4,2015,1,9,0,0,5.1249975,23.360475,46.066019,36.359274,7.1931244,31.5,3.1,28.4,17.025,0,51.20833333,6.318181818,1014.859091
Los.Rios,2015/1/11,2015,2,13,0,0,7.57812125,28.0951125,59.90066045,41.4061515,8.98462105,31.5,4.5,27,17.0375,0,48.8125,7.454545455,1014.261364
Los.Rios,2015/1/18,2015,3,8,0,0,17.66666125,56.367015,64.20822865,46.3929795,9.06795205,30.1,6.3,23.8,17.775,0,53.57954545,7.315909091,1015.539545
Los.Rios,2015/1/25,2015,4,2,0,0,5.4406675,16.95944,75.8772305,41.7608135,7.42492746,33.8,7.3,26.5,18.425,0,59.58735795,5.575,1014.071591
Los.Rios,2015/2/1,2015,5,8,0,0,7.61979375,30.4546375,78.27593875,32.74296865,8.0491636,29.1,5,24.1,16.8625,0,54.36798878,6.520833333,1013.041596
Los.Rios,2015/2/8,2015,6,9,0,0,8.34374375,34.204475,84.88974885,36.089529,6.27872013,29.1,5.1,24,16.2375,4.5,63.49038462,5.548248106,1013.148527
Los.Rios,2015/2/15,2015,7,7,0,0,15.99296875,33.14895,88.3564215,44.048648,10.66869685,27.6,2.4,25.2,15.3,1.5,55.74843961,6.733343301,1016.780342
Los.Rios,2015/2/22,2015,8,9,0,0,28.3854,41.17895,104.9873955,48.01590605,7.5808979,27.3,4.9,22.4,15.6,0,52.42708333,6.647727273,1015.320455
Los.Rios,2015/3/1,2015,9,6,0,0,8.5701925,34.1420125,83.4438953,42.424592,3.92341007,33.6,4.9,28.7,16.975,0,56.84294872,5.30719697,1013.013731
Los.Rios,2015/3/8,2015,10,6,0,0,7.73958,33.559525,77.00530425,37.542477,5.03603825,25.9,2.3,23.6,15.15,7.1,71.09935897,5.776515152,1013.512216
Los.Rios,2015/3/15,2015,11,24,0,0,18.85460375,41.4806625,55.66802425,47.6042595,6.85343895,28.5,1.4,27.1,13.9625,0,55.69791667,5.306818182,1013.567045
Los.Rios,2015/3/22,2015,12,24,0,0,12.32359375,39.4195375,64.00414375,46.5334135,8.54032629,25.5,2,23.5,12.9875,4.6,59.63301282,5.125,1014.597727
Los.Rios,2015/3/29,2015,13,20,0,0,8.88021,48.529825,53.05674558,35.145642,10.99074555,31.2,2,29.2,14.4,1,57.82200092,4.469155844,1015.16875
Los.Rios,2015/4/5,2015,14,13,0,0,8.0364575,32.9793375,80.50955425,37.141902,8.6810034,20.1,2.2,17.9,13.125,72.5,81.17371795,5.211684149,1015.525271
Los.Rios,2015/4/12,2015,15,16,0,0,15.23436625,34.2847,54.83782813,44.2647625,9.6252569,22.4,4.5,17.9,13.9875,17.1,85.16346154,3.886727855,1013.390836
Los.Rios,2015/4/19,2015,16,19,0,0,17.7343575,35.1975375,76.19877,45.028599,8.1293127,21,4,17,11.025,39.1,81.93189103,4.464597902,1014.684637
Los.Rios,2015/4/26,2015,17,17,0,0,31.060445,29.647675,65.23185938,54.8320045,8.5180403,20.2,-0.8,21,8.8125,0.7,82.97676282,2.498106061,1017.502841
Los.Rios,2015/5/3,2015,18,20,0,0,36.817695,41.9851875,70.472367,54.2472875,10.37372955,21.8,2,19.8,10.275,11,86.75080128,2.636809269,1016.111397
Los.Rios,2015/5/10,2015,19,18,0,0,27.16145,37.0073625,45.2631855,46.4739275,10.26081205,16.9,3.3,13.6,9.65,24.6,88.41666667,3.647727273,1015.259091
Los.Rios,2015/5/17,2015,20,20,0,0,38.3310375,30.1150875,61.61175625,40.0562505,14.54541195,17.8,6.2,11.6,12.6375,67.6,92.31025641,6.011093074,1013.616572
Los.Rios,2015/5/24,2015,21,21,0,0,29.72281375,33.055,48.07375775,33.6189245,11.275394,17.8,1.4,16.4,11.1,82.8,87.67347756,4.67438447,1015.475838
Los.Rios,2015/5/31,2015,22,22,1,0.045454545,49.18505,26.4249625,52.87921438,39.8261465,13.35664918,15,-0.2,15.2,7.775,144.2,92.28958333,4.745670996,1016.158049
Los.Rios,2015/6/7,2015,23,18,1,0.055555556,28.120925,33.5206875,33.7987205,28.2702315,11.9558224,16.4,6.3,10.1,12.5375,232.7,89.10416667,8.261363636,1009.430682
Los.Rios,2015/6/14,2015,24,22,2,0.090909091,28.8074,68.5043375,48.1158939,34.930924,8.65578555,14.4,1.8,12.6,7.575,61.4,90.69070513,2.944784382,1018.270804
Los.Rios,2015/6/21,2015,25,19,1,0.052631579,41.579125,51.9665125,29.62211628,35.74889815,16.34766103,13.4,-2.5,15.9,5.8625,26.9,91.40625,3.579545455,1020.4625
Los.Rios,2015/6/28,2015,26,10,2,0.2,28.1317375,51.0525875,52.95824668,38.679963,15.2826093,16.5,-2.5,19,6.3,4.3,89,3.761363636,1017.823864
Los.Rios,2015/7/5,2015,27,24,6,0.25,39.0972375,50.7955,61.85030398,37.463734,17.65775195,13.5,-1.7,15.2,5.875,56.7,92.59134615,2.366331585,1017.415858
Los.Rios,2015/7/12,2015,28,20,12,0.6,37.5302675,42.421275,46.39171775,32.0325005,16.68611155,12.8,1.5,11.3,7.425,108.2,87.77083333,6.227272727,1012.609091
Los.Rios,2015/7/19,2015,29,23,12,0.52173913,25.4648925,48.4991875,47.172314,40.788776,9.03500646,12.3,-1.5,13.8,6.55,155.3,84.76041667,6.727272727,1016.863636
Los.Rios,2015/7/26,2015,30,26,12,0.461538462,38.738475,52.5865125,37.55723495,34.565874,19.97431145,15.3,-2.1,17.4,8.7875,101.8,88.48958333,5.647727273,1016.663636
Los.Rios,2015/8/2,2015,31,20,9,0.45,22.0515675,41.5835,54.47579325,35.6910365,14.89427415,15.1,5.7,9.4,10.3625,149.6,84.62459936,8.045454545,1009.072112
Los.Rios,2015/8/9,2015,32,37,18,0.486486486,20.96968625,48.45105,31.9142331,40.01240775,10.56685255,14.9,4.6,10.3,8.725,103,84.3272096,5.641964286,1008.062063
Los.Rios,2015/8/16,2015,33,51,25,0.490196078,36.97145625,49.923325,54.56389075,40.7484245,9.3635092,15.9,-0.2,16.1,5.925,22.1,83.95858586,4.181894841,1020.339926
Los.Rios,2015/8/23,2015,34,48,27,0.5625,26.3524325,52.4536875,52.62063675,42.9233385,9.1724871,16.3,-0.2,16.5,8.1,45.3,86.71660978,4.888650412,1016.075517
Los.Rios,2015/8/30,2015,35,47,17,0.361702128,22.65825,47.2638875,51.39102163,26.7408043,11.7284787,14.8,6.8,8,11.4,196.7,85.59291126,8.983974359,1010.137515
Los.Rios,2015/9/6,2015,36,44,23,0.522727273,16.0621425,35.7777125,50.52782005,27.754335,11.09587985,17.9,0.4,17.5,7.75,23.9,78.74550866,3.536005661,1018.535119
Los.Rios,2015/9/13,2015,37,33,9,0.272727273,13.51372375,34.51175,40.7376333,27.28010565,9.2992837,15.4,-1.6,17,7.725,45.2,74.69191919,6.196230159,1019.115218
Los.Rios,2015/9/20,2015,38,55,25,0.454545455,16.17845125,34.51175,67.56688525,28.3465735,8.281193905,19.2,-3.2,22.4,6.075,0,67.77426046,4.701449939,1016.442802
Los.Rios,2015/9/27,2015,39,45,9,0.2,10.77551,34.51175,58.85027625,28.2331875,7.51555145,19.2,0.5,18.7,9.8,49.1,78.24684343,6.315873016,1013.998909
Los.Rios,2015/10/4,2015,40,30,7,0.233333333,6.8393575,41.43433125,81.39288725,29.95535865,7.7930183,20.5,6.3,14.2,11.325,78.4,81.40952797,6.234974747,1011.752751
Los.Rios,2015/10/11,2015,41,24,3,0.125,9.54114125,73.90615,54.91210513,30.92978,5.67692555,22.3,-0.4,22.7,9.3125,21.3,61.64709596,7.66547619,1019.33502
Los.Rios,2015/10/18,2015,42,24,3,0.125,9.307905,73.90615,59.90386995,30.5007507,5.83141925,22.3,-0.3,22.6,9.8,29.3,67.64166667,5.112896825,1014.54755
Los.Rios,2015/10/25,2015,43,30,2,0.066666667,9.03079125,73.90615,51.87542033,30.626715,6.0983017,24.8,1.1,23.7,11.3375,27.1,69.14829545,5.124549062,1013.789582
Los.Rios,2015/11/1,2015,44,31,3,0.096774194,6.605815,73.90615,79.3966765,27.6688937,5.80511335,21.3,1.4,19.9,11.25,7.8,65.42853535,7.280902778,1019.028368
Los.Rios,2015/11/8,2015,45,28,2,0.071428571,8.561655,72.9845525,78.48802775,30.5233495,5.6672976,27.8,3.4,24.4,13.5375,13.7,64.60145202,5.194196429,1015.716642
Los.Rios,2015/11/15,2015,46,25,0,0,5.85485375,68.9954375,71.7954015,25.669483,5.27831855,21.9,3.9,18,12.675,13.9,72.39663739,6.51249445,1014.812066
Los.Rios,2015/11/22,2015,47,15,1,0.066666667,4.09442,60.98207625,89.17219125,23.911412,5.09123035,19.8,1,18.8,10.975,41.4,74.52304293,7.351587302,1014.570377
Los.Rios,2015/11/29,2015,48,23,4,0.173913043,4.0265275,49.14565,73.18737475,20.5427796,5.22175405,24.7,2.4,22.3,13.2125,6,67.31888112,7.33285638,1014.64055
Los.Rios,2015/12/6,2015,49,16,1,0.0625,6.509155,51.151675,84.67410975,24.80321445,6.5544696,29.1,6.4,22.7,17.1,0,59.52619949,6.265426587,1013.927019
Los.Rios,2015/12/13,2015,50,1,0,0,5.59696625,48.1794875,78.45632575,25.5066315,7.07987085,22,5.6,16.4,14.4375,49.1,68.84656663,7.149503968,1013.980492
Los.Rios,2015/12/20,2015,51,8,0,0,5.21519625,52.02275,66.05401538,21.94471125,5.68305435,25.3,1.5,23.8,12.5578125,20.3,64.36237374,6.146391369,1014.843207
Los.Rios,2015/12/27,2015,52,20,1,0.05,5.31294125,61.4123625,90.72951925,17.8576972,6.3138108,24.2,2.7,21.5,12.7453125,16.2,69.9542298,7.310081845,1012.304784
Los.Rios,2016/1/10,2016,1,10,0,0,6.474438364,51.86467273,71.45583163,19.16634287,6.4087884,29.2,4.6,24.6,17.35454545,0,69.45442468,3.799232443,1012.214352
Los.Rios,2016/1/17,2016,2,1,0,0,4.6330375,64.8116625,81.95042325,22.24411105,5.32874485,27.5,5.1,22.4,16.3125,1.4,74.71875,3.853693182,1014.210369
Los.Rios,2016/1/24,2016,3,8,0,0,6.8875375,62.5688125,114.3405008,19.27675925,6.0727102,31.1,5.1,26,18.1125,1,72.68410326,3.413269928,1012.174584
Los.Rios,2016/1/31,2016,4,12,0,0,4.73639625,51.38835,101.8843658,11.4585569,5.84120465,33.2,6.5,26.7,17.375,16.5,74.72395833,3.96875,1013.158854
Los.Rios,2016/2/7,2016,5,12,0,0,7.91697,58.427775,107.87588,13.1155458,5.11613565,35,4,31,18.0875,0,66.97916667,3.567708333,1012.413021
Los.Rios,2016/2/14,2016,6,8,0,0,6.72501,62.5019125,111.9331465,10.87518495,5.17147345,28.7,4.6,24.1,15.75,3.1,74.828125,4.546875,1013.532813
Los.Rios,2016/2/21,2016,7,12,0,0,5.24461,73.574575,94.3228165,10.24146795,6.9794248,27.6,4.5,23.1,15.0375,15.2,78.51879529,3.747735507,1012.19538
Los.Rios,2016/2/28,2016,8,8,0,0,6.4524075,71.500825,107.9290333,12.0197784,9.3976359,25.9,2.8,23.1,14.4625,1.4,77.11254529,3.716485507,1014.147985
Los.Rios,2016/3/6,2016,9,6,0,0,14.65414375,63.299025,83.224824,21.40197255,10.7502724,28.9,2.1,26.8,14.6625,0,73.41666667,3.15625,1014.867708
Los.Rios,2016/3/13,2016,10,6,0,0,15.05724,70.6757125,87.63908188,27.35915,7.70625395,28.5,3.6,24.9,14.6,0,72.00531126,3.274106555,1015.440975
Los.Rios,2016/3/20,2016,11,12,0,0,15.63997625,69.56035,93.9975435,29.5288945,9.2498209,25.3,-0.7,26,11.9125,7.8,59.61268939,5.951041667,1016.14893
Los.Rios,2016/3/27,2016,12,8,0,0,26.2414125,62.374725,107.5936733,42.772541,9.20026175,27.5,0.5,27,13,0.6,59.02951389,5.829861111,1015.014236
Los.Rios,2016/4/3,2016,13,6,0,0,14.40479125,95.35385,105.7030813,35.278726,7.31868161,24.1,0.9,23.2,11.3375,23,71.77291667,4.478125,1015.174931
Los.Rios,2016/4/10,2016,14,14,1,0.071428571,17.02723125,68.58366125,85.42703225,32.004105,7.2194162,20.1,-1.5,21.6,8.95,7.6,71.96284722,5.00845474,1015.155057
Los.Rios,2016/4/17,2016,15,12,0,0,14.38426375,68.0409,78.34565695,32.00779225,7.49370585,24.1,-0.9,25,10.6125,58.7,78.75517677,6.070612374,1012.241379
Los.Rios,2016/4/24,2016,16,8,0,0,11.62462625,57.00565,79.75109045,29.9021275,5.4640978,17.9,-2.3,20.2,8.9125,88.1,87.76264881,4.488839286,1013.051265
Los.Rios,2016/5/1,2016,17,21,0,0,32.31098125,70.22535,46.20008113,31.4496455,8.5201036,20.4,-1.3,21.7,8.0125,11.6,81.61713113,2.159451659,1016.941858
Los.Rios,2016/5/8,2016,18,16,0,0,36.611475,59.2534125,93.939314,30.969176,10.93302015,19.9,5.6,14.3,11.175,17.3,93.39004858,1.434267951,1015.060507
Los.Rios,2016/5/15,2016,19,19,0,0,24.588225,57.916,48.26876763,21.7736302,7.33431945,21.2,5.4,15.8,11.1875,15,94.39583333,1.484375,1014.486979
Los.Rios,2016/5/22,2016,20,23,1,0.043478261,28.932675,50.034775,31.2209811,22.94569795,8.5830836,17,0.6,16.4,7.7625,15.4,95.98958333,1.104166667,1017.210417
Los.Rios,2016/5/29,2016,21,28,4,0.142857143,33.5128125,46.695225,39.34370488,18.89118315,14.402351,17.7,0.7,17,8.7,100,95.69836957,2.045063406,1016.045018
Los.Rios,2016/6/5,2016,22,18,3,0.166666667,29.5305375,51.684725,33.10932318,23.68464735,7.60250615,13.8,2.8,11,7.9625,8.1,96.63020833,1.619791667,1017.108333
Los.Rios,2016/6/12,2016,23,32,8,0.25,41.5858875,50.5478,19.28455258,23.32893675,11.62084635,13.9,-3.1,17,6.175,17.9,95.74479167,1.78125,1022.208854
Los.Rios,2016/6/19,2016,24,38,14,0.368421053,40.56355,54.1945375,36.27317295,25.230835,12.4454966,15.3,-4,19.3,6.0375,5.6,93.92708333,1.979166667,1021.455208
Los.Rios,2016/6/26,2016,25,45,22,0.488888889,49.5024875,70.1420375,35.95120115,25.42243725,12.0094917,13.5,-2.6,16.1,4.1875,15.6,95.56770833,1.671875,1020.807813
Los.Rios,2016/7/3,2016,26,33,13,0.393939394,66.9150375,60.46020625,35.54368963,26.0240617,10.83933834,13.4,-3.3,16.7,2.8875,8.8,97.10416667,1.354166667,1017.976146
Los.Rios,2016/7/10,2016,27,53,21,0.396226415,50.778175,52.03153375,42.38347145,26.817602,10.53806952,15.4,-1.6,17,7.5125,49.7,93.87930254,3.649003623,1017.442505
Los.Rios,2016/7/17,2016,28,38,16,0.421052632,28.5203825,50.90503375,22.06058668,27.2635265,11.14190695,13.9,0.2,13.7,7.4625,76.6,93.16145833,4.34375,1012.667188
Los.Rios,2016/7/24,2016,29,34,17,0.5,35.52149625,47.8431625,40.5084881,20.78501355,12.85748215,14.7,-2.1,16.8,7.075,85.4,94.84895833,3.026041667,1015.054688
Los.Rios,2016/7/31,2016,30,42,12,0.285714286,34.27272125,47.8489,40.63772943,19.31283795,13.3753822,14.9,2.5,12.4,7.9375,39,92.57291667,3.927083333,1015.375
Los.Rios,2016/8/7,2016,31,33,14,0.424242424,39.610825,45.17705,37.69974985,19.00289335,11.3649478,14.3,1.1,13.2,9.1375,63.7,92.515625,5.458333333,1017.163542
Los.Rios,2016/8/14,2016,32,29,10,0.344827586,24.022775,53.642,60.50808125,18.95904815,16.09013745,15.2,2.7,12.5,8.85,58.9,92.1875,4.989583333,1016.876563
Los.Rios,2016/8/21,2016,33,29,5,0.172413793,13.04296125,65.1927625,47.84597168,20.01265105,10.1102499,15.2,-1.6,16.8,9.2,124.1,86.296875,7.463541667,1016.95625
Los.Rios,2016/8/28,2016,34,23,5,0.217391304,17.5621275,59.2914375,74.5478556,25.9799274,8.54541075,17.7,0.5,17.2,8.4,23.9,90.25520833,3,1017.889063
Los.Rios,2016/9/4,2016,35,41,15,0.365853659,24.54827,65.2644,84.66382625,25.024153,7.476889015,18.5,-2.7,21.2,7.475,11.5,75.85416667,5.302083333,1024.530208
Los.Rios,2016/9/11,2016,36,34,6,0.176470588,25.50149625,52.45,66.93970638,28.7102515,10.20275765,18.5,-3,21.5,8.4125,49.2,81.01041667,3.057291667,1018.621875
Los.Rios,2016/9/18,2016,37,43,4,0.093023256,11.1151225,55.724725,84.86412198,26.4447855,7.4170559,19.7,-1.2,20.9,9.7125,34.3,87.59375,3.432291667,1017.727083
Los.Rios,2016/9/25,2016,38,39,6,0.153846154,12.03705375,55.63510625,115.2712885,25.664926,9.9517095,23.7,-1.4,25.1,10.025,0,81.17708333,2.96875,1017.914063
Los.Rios,2016/10/2,2016,39,34,2,0.058823529,11.02395625,53.26318125,112.567645,29.570716,6.67204245,20.7,0.7,20,10.55,20,86.4375,3.098958333,1016.118229
Los.Rios,2016/10/9,2016,40,41,2,0.048780488,7.47447125,51.8572625,64.57798925,25.928938,8.1091685,20.5,-0.1,20.6,9.225,9.7,83.10714286,3.568452381,1019.113467
Los.Rios,2016/10/16,2016,41,27,1,0.037037037,5.721625,43.704675,86.34141225,23.06563035,8.11836405,17.7,0.7,17,9.5125,103,86.26041667,4.119791667,1013.009896
Los.Rios,2016/10/23,2016,42,22,0,0,6.30919125,52.8680875,43.61367935,28.713167,6.09539005,22.8,2.2,20.6,11.1875,8.7,84.03125,3.229166667,1015.202083
Los.Rios,2016/10/30,2016,43,10,0,0,5.702925,46.3050875,56.20601178,29.644657,5.1184269,28.6,4.1,24.5,13.55,2.2,77.30208333,3.614583333,1018.003646
Los.Rios,2016/11/6,2016,44,12,0,0,3.40008125,45.462375,68.5994731,22.00944025,5.842039605,23.1,0.4,22.7,12.0875,33.8,85.94791667,5.244791667,1017.208333
Los.Rios,2016/11/13,2016,45,9,0,0,6.09276375,44.5100125,113.9896173,22.23039105,6.05319345,20.4,2,18.4,11.9375,15.6,72.15625,5.026041667,1017.790625
Los.Rios,2016/11/20,2016,46,17,2,0.117647059,7.4397065,55.5130375,43.4678043,21.99529395,4.906890945,25.9,0.1,25.8,12.875,26.5,76.27083333,5.583333333,1015.984375
Los.Rios,2016/11/27,2016,47,13,2,0.153846154,4.9265875,47.828125,6.297828275,21.4415964,4.1389093,31.2,4.3,26.9,15.5625,37,76.64583333,4.013360507,1013.47303
Los.Rios,2016/12/4,2016,48,12,0,0,7.11490875,53.25975,12.41525318,26.0537704,6.5489471,29.6,3.9,25.7,15.325,16.8,74.234375,4.333333333,1014.254688
Los.Rios,2016/12/11,2016,49,12,0,0,3.8861325,41.39025,29.14441168,20.7671457,7.52442035,27.6,4,23.6,14.775,27.4,79.18229167,5.552083333,1014.627604
Los.Rios,2016/12/18,2016,50,10,0,0,16.4114375,38.20265,68.82380733,22.33059115,9.0276378,27.5,1.5,26,14.6125,19,76.72395833,5.088541667,1015.579167
Los.Rios,2016/12/25,2016,51,17,0,0,3.36099,49.62095,100.04601,19.30375825,7.72576835,22.1,3.2,18.9,13.5375,46.7,79.65625,4.546875,1013.487274
Los.Rios,2016/12/31,2016,52,10,0,0,4.991274286,61.05481429,104.3674006,21.2629396,8.7056596,30.3,6,24.3,16.41428571,3.6,76.20238095,4.81547619,1012.502976
Los.Rios,2017/1/8,2017,1,4,0,0,3.697050889,44.54014444,109.0555787,18.29898249,9.323329423,23.1,4,19.1,14.73333333,36.2,79.05555556,6.032407407,1014.038426
Los.Rios,2017/1/15,2017,2,5,0,0,3.920346,45.701375,127.6581573,19.33754375,8.000235895,24.8,4.4,20.4,15.475,16.8,76.984375,5.046875,1013.734375
Los.Rios,2017/1/22,2017,3,5,0,0,11.4799825,37.574225,108.2271565,22.3701219,9.9479589,29.7,5.1,24.6,16.4,0,74.265625,4.177083333,1015.636979
Los.Rios,2017/1/29,2017,4,9,0,0,90.57862625,53.93645,87.15788613,26.33003485,12.66220655,35.2,6.3,28.9,19.525,0.2,71.07608696,4.063714592,1014.984081
Los.Rios,2017/2/5,2017,5,4,0,0,19.8908,69.21435,150.1146685,22.14263205,11.9606352,26.3,4,22.3,15.5125,11.9,71.43229167,4.230823864,1013.316146
Los.Rios,2017/2/12,2017,6,1,0,0,5.58843625,66.5426625,123.3470783,16.2161188,9.4534907,27.3,4.2,23.1,15.375,0,72.27083333,3.319721967,1014.463021
Los.Rios,2017/2/19,2017,7,6,0,0,5.29219,87.091725,82.5421175,14.6926892,9.42659025,30.4,5.3,25.1,16.678125,53.2,80.67147436,5.983010913,1010.97524
Los.Rios,2017/2/26,2017,8,7,0,0,4.923765,65.4047125,86.586153,14.00809305,10.9300615,30.3,11.1,19.2,20.2125,9.4,82.91666667,6.289131702,1011.11871
Los.Rios,2017/3/5,2017,9,6,0,0,3.27846875,71.1530875,60.4407145,14.4510898,7.8686601,26.9,3.7,23.2,14.475,37,78.56770833,4.916136891,1012.938542
Los.Rios,2017/3/12,2017,10,11,0,0,5.60711125,70.4937125,57.96281675,18.08067905,9.1170976,22.9,3.7,19.2,12.525,44.8,84.88020833,4.694510172,1014.229688
Los.Rios,2017/3/19,2017,11,10,0,0,14.49183125,81.82225,102.3640878,22.18123425,9.46905945,25.2,1.5,23.7,12.775,0,81.13541667,3.175444041,1016.369271
Los.Rios,2017/3/26,2017,12,18,0,0,10.7571925,63.5962125,94.33477025,23.88309245,8.5545499,24.7,3.2,21.5,13.15,2.6,83.640625,3.958438853,1014.766667
Los.Rios,2017/4/2,2017,13,16,2,0.125,7.45587625,63.0294375,79.55679125,18.15404675,5.61230055,22.2,6.1,16.1,12.85,21.3,88.38541667,4.282692308,1014.499479
Los.Rios,2017/4/9,2017,14,15,0,0,6.743151375,65.76055,64.77953275,20.37161525,6.7298501,20.1,5.3,14.8,12.05,38.1,92.41145833,4.1650103,1014.905208
Los.Rios,2017/4/16,2017,15,13,0,0,11.76762888,62.138125,63.813113,25.476129,12.0507342,24.8,0.7,24.1,11.575,0.4,86.12310606,2.355176768,1015.415578
Los.Rios,2017/4/23,2017,16,20,3,0.15,12.04649875,56.8369125,53.18340293,21.0455539,11.12051255,24.8,4.2,20.6,12.0375,29.1,87.26041667,3.114786255,1014.815625
Los.Rios,2017/4/30,2017,17,16,1,0.0625,17.9431875,68.1191625,50.83018443,22.42717505,12.62028584,20.6,2.7,17.9,11.525,23.2,92.10416667,3.560842803,1017.290104
Los.Rios,2017/5/7,2017,18,19,4,0.210526316,16.0939625,65.2566625,47.2723325,26.756842,10.70138324,20.6,4.3,16.3,12.9875,135.6,90.14605978,5.526190476,1011.340602
Los.Rios,2017/5/14,2017,19,24,2,0.083333333,11.75,59.75,28.30255,19.845,13.97642925,17.4,3.2,14.2,11.125,40.4,91.60449605,4.212939111,1011.319862
Los.Rios,2017/5/21,2017,20,26,2,0.076923077,22,86.125,23.3704,19.11,15.933,16,0.9,15.1,8.3375,53.2,88.85132576,4.894878129,1015.65161
Los.Rios,2017/5/28,2017,21,48,12,0.25,58.75,76.25,29.9859,16.66,15.32905,13.7,-0.6,14.3,4.6546875,9.3,95.11710663,2.569153752,1018.842143
Los.Rios,2017/6/4,2017,22,35,12,0.342857143,48.75,50.875,17.216675,24.99,3.262975,14.3,-1.1,15.4,7.0125,41,94.25,3.425754831,1018.622917
Los.Rios,2017/6/11,2017,23,35,13,0.371428571,29.875,53.875,21.8115,31.85,2.1432,13.3,-1.1,14.4,7.3125,39.4,95.61390399,3.750696767,1019.904846
Los.Rios,2017/6/18,2017,24,49,19,0.387755102,24,42.5,48.69925,40.67,2.986458255,12.6,-1.4,14,6.0875,43.8,93.66666667,4.208333333,1014.319792
Los.Rios,2017/6/25,2017,25,40,19,0.475,22.75,48.5,33.22815,37.485,5.9126,14.8,-1.4,16.2,6.0625,90.4,95.00520833,4.020833333,1011.841146
Los.Rios,2017/7/2,2017,26,38,16,0.421052632,25.375,53.875,30.670375,36.995,7.5153,14.8,8.1,6.7,10.475,19.4,95.57291667,3.14990942,1015.753125
Los.Rios,2017/7/9,2017,27,56,23,0.410714286,34.125,65.875,26.949975,31.36,9.071,12.7,-1,13.7,7.4125,32.9,95.16666667,3.032481061,1017.021354
Los.Rios,2017/7/16,2017,28,49,24,0.489795918,20.125,48.25,27.840775,33.565,6.6223,11.9,-3.6,15.5,3.9375,56.9,90.61090686,3.750994318,1018.532176
Los.Rios,2017/7/23,2017,29,42,15,0.357142857,38.875,48.625,17.511425,33.565,10.0533,15.7,-3.6,19.3,6.250625,37.8,88.07875458,4.495439977,1020.714858
Los.Rios,2017/7/30,2017,30,17,7,0.411764706,35.5,58.25,42.257325,28.91,9.28015,14.9,-2,16.9,8.299791667,39.7,83.65625,6.2625,1018.299299
Los.Rios,2017/8/6,2017,31,22,10,0.454545455,52.25,43.25,51.2341,33.565,8.1169,13.2,-3.6,16.8,8.34375,28.3,78.69791667,5,1019.057841
Los.Rios,2017/8/13,2017,32,35,14,0.4,11.25,54.875,28.39425,31.115,6.4813,13.2,3.8,9.4,8.4625,154.5,84.775,7.8625,1011.30125
Los.Rios,2017/8/20,2017,33,41,17,0.414634146,20.6875,49.25,32.0819,23.52,7.7127,14.4,1.3,13.1,7.975,73.8,87.58333333,7.06875,1016.835208
Los.Rios,2017/8/27,2017,34,30,7,0.233333333,15,51.75,48.06826558,33.565,6.6411,14,-0.3,14.3,6.345833333,88.8,87.72424242,7.560795455,1011.877254
Los.Rios,2017/9/3,2017,35,39,9,0.230769231,20.5,48.75,67.96935,31.68666585,8.24761875,14.3,-1.2,15.5,5.534375,121.2,86.84791667,4.908333333,1016.94875
Los.Rios,2017/9/10,2017,36,23,6,0.260869565,26.75,52.875,68.05313433,19.6,7.8866,14.2,-1.6,15.8,5.945833333,27.4,81.3875,4.208333333,1020.384167
Los.Rios,2017/9/17,2017,37,20,2,0.1,14.875,61.375,52.27595938,19.845,8.49055,20.3,-1.7,22,6.359375,9.7,76.29497378,4.807910839,1021.330707
Los.Rios,2017/9/24,2017,38,15,0,0,9.75,46.125,66.54759063,21.56,8.3143,20.3,-1,21.3,8,4.8,78.0625,4.5375,1018.0925
Los.Rios,2017/10/1,2017,39,22,2,0.090909091,11,44.875,88.96865,19.355,6.39905,18.7,-1.8,20.5,9.292083333,58.9,76.31708124,5.702250557,1015.282385
Los.Rios,2017/10/8,2017,40,15,1,0.066666667,7.125,53,60.492525,17.395,4.08665,16.4,2.8,13.6,9.875,105.2,87.21761775,8.400588768,1012.132948
Los.Rios,2017/10/15,2017,41,25,1,0.04,5.75,59.875,77.1459,26.215,3.33935,22.6,0.5,22.1,10.125,20.5,81.609375,4.94603244,1020.08125
Los.Rios,2017/10/22,2017,42,22,0,0,5.875,61,90.111625,35.28,4.6859,22.6,-0.8,23.4,10.56875,13,79.171875,5.790719697,1016.240104
Los.Rios,2017/10/29,2017,43,11,0,0,4.875,35.5,105.563075,31.85,4.2723,20.8,1.4,19.4,10.225,42.4,83.36458333,6.339705882,1015.194271
Los.Rios,2017/11/5,2017,44,21,0,0,3.375,44.5,89.80705,26.95,3.431,17.8,4.1,13.7,10.875,63.4,86.859375,6.104166667,1013.268229
Los.Rios,2017/11/12,2017,45,19,0,0,4.375,47.875,77.797625,30.135,5.6635,23.4,2.2,21.2,12.8375,0,80.21875,3.614583333,1015.364063
Los.Rios,2017/11/19,2017,46,24,0,0,3.625,43.25,79.31395,30.87,4.40625,22.6,0.5,22.1,12.175,5.6,80.29166667,4.598958333,1016.902083
Los.Rios,2017/11/26,2017,47,19,0,0,6.375,44.375,108.431975,32.83,4.8034,24.8,2.3,22.5,13.1625,0,65.11979167,5.385416667,1018.584896
Los.Rios,2017/12/3,2017,48,16,1,0.0625,7.125,45.375,111.824875,30.625,4.3851,26.8,3.5,23.3,14.2875,0,70.09375,4.182291667,1014.549479
Los.Rios,2017/12/10,2017,49,9,0,0,5.1,54.375,97.133225,28.91,4.1877,27.4,4.5,22.9,15.55,0,75.89583333,3.53125,1014.615625
Los.Rios,2017/12/17,2017,50,8,0,0,2.875,49.625,78.642575,21.56,6.06065,25.9,0.7,25.2,15.1875,14,79.78125,5.567708333,1014.866667
Los.Rios,2017/12/24,2017,51,15,0,0,4.375,55.625,97.1365,22.05,9.10625,23.5,0.7,22.8,13.0625,5,71.53645833,4.875,1016.826563
Los.Rios,2017/12/31,2017,52,11,1,0.090909091,2.375,44,112.080325,19.6,10.4152,21.8,3,18.8,14.875,35.7,81.42708333,4.859375,1014.883854
Los.Rios,2018/1/7,2018,1,1,0,0,2.5,48.20833375,84.06925,23.52,11.0309,28.3,3.5,24.8,14.6125,34.7,81.765625,4.973958333,1015.842708
Los.Rios,2018/1/14,2018,2,6,0,0,6.25,55.8854175,96.799175,24.5,9.7854,28.3,7.1,21.2,18.08645833,0.4,71.39813312,4.839299242,1013.846374
Los.Rios,2018/1/21,2018,3,7,0,0,6.125,67.875,71.04785,22.54,8.507,29.2,7,22.2,17.225,0,62.49305556,5.998263889,1014.131319
Los.Rios,2018/1/28,2018,4,4,0,0,8.5,68.375,72.099125,24.01,7.56935,26.7,4.9,21.8,16.45416667,0,59.35982143,5.472619048,1012.155923
Los.Rios,2018/2/4,2018,5,5,0,0,11.375,68.25,119.6161,20.58,7.01945,30.1,5.6,24.5,18.94583333,2.8,61.271875,6.296875,1012.370208
Los.Rios,2018/2/11,2018,6,9,0,0,4.75,73.625,67.09165,20.58000074,8.3989,32.6,1.7,30.9,16.075,1.6,72.99479167,4.677083333,1015.563542
Los.Rios,2018/2/18,2018,7,6,0,0,10,61.125,71.372075,23.765,10.87345,29.7,1.7,28,17.2,0.8,73.88020833,3.796875,1013.949479
Los.Rios,2018/2/25,2018,8,6,0,0,4.203125,62.5,85.1107,19.6,10.03215,28.7,4.3,24.4,15.575,21.4,81.33333333,2.708333333,1013.7375
Los.Rios,2018/3/4,2018,9,10,0,0,6.25,52.58333375,72.98665,20.335,8.84775,27.9,6.2,21.7,15.6125,21.8,76.21354167,3.213541667,1014.533333
Los.Rios,2018/3/11,2018,10,6,0,0,7.25,44.46875,63.80355,25.97,8.76785,28.3,5.2,23.1,14.3,41.6,79.390625,4.067708333,1014.374479
Los.Rios,2018/3/18,2018,11,6,0,0,4.25,38.58630875,64.684525,24.01,8.82895,19.5,1,18.5,11.775,118.2,84.17708333,4.796875,1012.992188
Los.Rios,2018/3/25,2018,12,10,0,0,5.875,30.26488,76.5433,23.765,9.72665,21.1,-0.7,21.8,11.15,38.6,84.59375,4.171875,1015.142708
Los.Rios,2018/4/1,2018,13,16,0,0,9,22.625,112.6338,29.645,12.0226,21.9,-0.7,22.6,11.3875,0.2,83.08854167,3.140625,1016.6125
Los.Rios,2018/4/8,2018,14,10,0,0,10.75,33.25,102.340475,30.135,7.14488125,22.6,-2,24.6,9.8125,53.4,87.73958333,2.953125,1014.835417
Los.Rios,2018/4/15,2018,15,12,0,0,10.375,29.5,81.5213,25.97,5.68465,21.7,-1.2,22.9,10.4625,88.2,90.29166667,3.755208333,1013.484896
Los.Rios,2018/4/22,2018,16,16,1,0.0625,20.375,31.25,94.8309,32.431875,8.81015,21.7,0.9,20.8,11.875,22.2,90.61458333,3.427083333,1016.166146
Los.Rios,2018/4/29,2018,17,15,4,0.266666667,23,30.25,85.631425,32.095,9.6491,17,-1.5,18.5,8.2,42.2,87.05208333,3.265625,1016.595313
Los.Rios,2018/5/6,2018,18,10,2,0.2,17.75,21.55208375,66.885325,34.3,9.8136,18,-1,19,8.9375,13,92.734375,2.770833333,1015.598438
Los.Rios,2018/5/13,2018,19,22,8,0.363636364,28,18.5,45.1164,32.34,8.8877,18.5,7.9,10.6,12.35714286,28,93.83265399,2.510869565,1015.643433
Los.Rios,2018/5/20,2018,20,23,8,0.347826087,25.25,31,43.51028433,28.175,9.62795,16.8,4.7,12.1,9.4,37.6,92.98958333,3.703125,1016.059896
Los.Rios,2018/5/27,2018,21,24,8,0.333333333,46.375,35.03125,43.25729058,33.32,16.2338,15.2,-0.1,15.3,7.25,32,94.50520833,2.572916667,1017.147917
Los.Rios,2018/6/3,2018,22,38,19,0.5,43.375,38,32.92766875,33.81,9.21300721,13.7,-3.3,17,5.1875,22.2,92.859375,2.885416667,1018.138021
Los.Rios,2018/6/10,2018,23,30,15,0.5,44,42.75,17.96665,33.32,15.44386419,12.5,-3.3,15.8,4.4125,70.8,95.921875,2.453125,1015.558854
Los.Rios,2018/6/17,2018,24,51,30,0.588235294,36.125,63.125,13.2048,35.77,21.87111419,15.3,0.8,14.5,6.325,14.6,97.078125,2.135416667,1020.485938
Los.Rios,2018/6/24,2018,25,44,27,0.613636364,34.875,45.25,28.561275,24.255,26.56205,15.3,-3.4,18.7,7.3125,20,95.08016304,2.989583333,1019.815648
Los.Rios,2018/7/1,2018,26,47,26,0.553191489,41.25,35.875,27.742525,27.93,20.4121,14.6,-3.4,18,7.5421875,108.4,95.00572887,5.164378647,1013.893447
Los.Rios,2018/7/8,2018,27,33,22,0.666666667,11.25,39.25,24.3005,30.87,14.4055,14.2,-0.9,15.1,7.741071429,43.8,94.02846056,3.364171607,1013.167799
Los.Rios,2018/7/15,2018,28,32,18,0.5625,41.25,39.625,32.9465,27.195,15.7873,13.8,-0.7,14.5,7.6,46.8,95.21354167,4.380208333,1016.371875
Los.Rios,2018/7/22,2018,29,22,12,0.545454545,45.875,40.875,33.4312,32.83,11.5103,12.6,-1.9,14.5,4.88125,9.2,92.43591486,2.828125,1021.094656
Los.Rios,2018/7/29,2018,30,25,11,0.44,59.625,47.32291625,23.452275,41.405,12.76285,12.5,-2.5,15,3.8125,0.6,93.98958333,2.546875,1021.75
Los.Rios,2018/8/5,2018,31,23,8,0.347826087,47.125,38.75,38.307675,37.24,13.8979,12.3,-4.6,16.9,5.525,136.8,94.109375,4.15625,1018.873958
Los.Rios,2018/8/12,2018,32,17,9,0.529411765,46.25,34.625,48.158875,30.0649986,17.8459,15.5,1,14.5,8.1875,146.8,95.30729167,4.171875,1015.289063
Los.Rios,2018/8/19,2018,33,20,3,0.15,28.75,32.625,46.475525,33.32,13.66525,15.5,-2.7,18.2,6.35,26.6,91.72916667,3.802083333,1022.046875
Los.Rios,2018/8/26,2018,34,14,3,0.214285714,15.75,32.25,39.7192,36.995,11.92155,15.1,-3.5,18.6,6.175,26.2,91.15625,3.463541667,1020.472396
Los.Rios,2018/9/2,2018,35,32,4,0.125,26.625,25,51.38475,36.26,10.50215,16.9,-1.1,18,8.6875,32.2,89.703125,4.369791667,1018.214063
Los.Rios,2018/9/9,2018,36,14,1,0.071428571,15,30.875,48.918675,34.3,10.90635,18,-2,20,7.5875,17.6,85.20052083,4.013020833,1019.699479
Los.Rios,2018/9/16,2018,37,23,2,0.086956522,14.875,38.125,62.870175,36.995,11.6419,18,-2,20,7.1375,27,86.22916667,3.557291667,1018.439583
Los.Rios,2018/9/23,2018,38,14,2,0.142857143,9,32.125,51.34545,30.38,8.65035,15.8,4.3,11.5,10.4125,123.8,88.86458333,8.692708333,1010.209896
Los.Rios,2018/9/30,2018,39,25,3,0.12,7,29,41.563025,31.85,8.7843,15.7,1.3,14.4,9.0125,42,86.765625,5.609375,1012.544792
Los.Rios,2018/10/7,2018,40,22,0,0,7.375,33.875,54.50255,36.995,9.823,21.4,-1.3,22.7,8.1375,27.4,81.72956731,4.836137821,1018.20024
Los.Rios,2018/10/14,2018,41,16,1,0.0625,7.375,31.125,28.23705,35.525,10.7489,16.8,-1.4,18.2,8.6,22.4,82.890625,5.104166667,1018.467708
Los.Rios,2018/10/21,2018,42,18,2,0.111111111,2.625,36.75,5.793475,24.99,9.3154,19.3,0.7,18.6,10.3125,42.4,84.24320652,6.321557971,1015.14966
Los.Rios,2018/10/28,2018,43,17,0,0,4.625,29.875,50.608575,25.48,11.10845,20.6,1.6,19,11.7,29,86.515625,4.036458333,1016.625
Los.Rios,2018/11/4,2018,44,12,1,0.083333333,2.5,37.75,83.345475,20.825,9.83475,20.6,0.4,20.2,11.675,85.2,88.57291667,5.4375,1012.25
Los.Rios,2018/11/11,2018,45,17,0,0,4.25,48.2678575,74.23115,22.05,6.3262,25.8,-0.2,26,12.025,29,83.5625,4.8125,1013.376563
Los.Rios,2018/11/18,2018,46,15,0,0,2,37.875,68.6964,18.865,4.4415,21.9,1,20.9,11.4,10.2,84.43636775,3.764945652,1016.090512
Los.Rios,2018/11/25,2018,47,14,0,0,2.625,30.5,73.520475,25.725,5.66585,21.2,1.4,19.8,12.4734375,17.8,79.65316206,5.759902009,1016.819071
Los.Rios,2018/12/2,2018,48,9,0,0,5.875,41,93.262175,31.605,6.19225,28.1,2.1,26,13.9,0,70.27604167,5.041666667,1017.378125
Los.Rios,2018/12/9,2018,49,10,0,0,8.175,34.15625,82.225425,26.46,7.8067,31.2,2.4,28.8,16.475,2,72.52083333,4.244791667,1014.204688
Los.Rios,2018/12/16,2018,50,11,0,0,4.25,38.375,77.057475,18.375,7.03355,20.1,1.9,18.2,13.1875,18.4,82.90104167,4.776041667,1015.502604
Los.Rios,2018/12/23,2018,51,6,0,0,7.5,34.875,97.06445,24.255,7.6892,25.8,2.9,22.9,15.525,0,74.546875,4.552083333,1015.846875
Los.Rios,2018/12/30,2018,52,1,0,0,5.375,41.625,98.5906,17.885,8.8924,27.5,2.7,24.8,14.7875,11.2,78.52604167,4.515625,1012.923438
Los.Rios,2019/1/6,2019,1,1,0,0,5.046875,35.875,89.37475,20.58,8.39185,27.8,2.6,25.2,14.1875,0.2,73.609375,4.84375,1014.846354
Los.Rios,2019/1/13,2019,2,1,0,0,3.625,30.5,90.360525,17.15,4.7282,24.7,-0.4,25.1,13.175,13,80.28125,4.322916667,1014.5375
Los.Rios,2019/1/20,2019,3,1,0,0,6.875,34.77083375,83.75485,20.335,5.5319,29.1,4,25.1,15.65,0,74.65625,4.046875,1015.504688
Los.Rios,2019/1/27,2019,4,3,0,0,8.375,40.44791625,86.489475,27.44,6.6223,28.1,2,26.1,14.55,0,73.80729167,4.328125,1014.477083
Los.Rios,2019/2/3,2019,5,2,0,0,8.5,30,75.878475,28.91,8.6339,38.5,2,36.5,16.7,0,67.40625,4.421875,1014.719271
Los.Rios,2019/2/10,2019,6,4,0,0,12.875,29.66666625,84.63255,32.34,7.05,38.5,5.3,33.2,17.4375,1.8,66.59895833,4.951313406,1011.910938
Los.Rios,2019/2/17,2019,7,1,0,0,9.375,36.79166625,58.85175,34.545,6.98655,35.3,1.3,34,16.7625,1.8,69.33854167,4.453125,1013.621354
Los.Rios,2019/2/24,2019,8,3,1,0.333333333,6.5,38.875,64.01315,28.91,6.4343,27.2,1.2,26,14.4625,1.6,79.85416667,4.03125,1013.923958
Los.Rios,2019/3/3,2019,9,2,0,0,9.125,29,83.95135,36.015,6.5283,26.9,0,26.9,13.075,0.4,72.30729167,4.609375,1015.982292
Los.Rios,2019/3/10,2019,10,3,0,0,6.46875,40.375,74.6569,32.03375,6.627,31.4,3.2,28.2,13.9625,18.4,74.1723279,5.523777174,1014.180707
Los.Rios,2019/3/17,2019,11,6,0,0,8.25,50.375,73.43205,36.015,5.90555,29.6,2.5,27.1,13.9125,0,76.0625,3.8125,1014.188542
Los.Rios,2019/3/24,2019,12,11,0,0,15,35.5,75.7966,39.2,9.122699765,22.7,-1.9,24.6,11.1,2.4,80.203125,3.697916667,1018.736458
Los.Rios,2019/3/31,2019,13,8,0,0,31.625,43.375,69.741125,39.445,8.9253,28.6,0.5,28.1,11.9625,0,80.23958333,2.958333333,1015.030729
Los.Rios,2019/4/7,2019,14,8,0,0,19.625,44.875,67.697525,40.915,7.70565,23.3,-1.1,24.4,11.2,11.6,84.47373188,2.985960145,1017.055616
Los.Rios,2019/4/14,2019,15,7,1,0.142857143,18.5,35.75,56.6575,45.815,7.08055,23.1,1.6,21.5,11.3125,17.4,89.43183877,3.456974638,1016.065806
Los.Rios,2019/4/21,2019,16,3,0,0,19.125,37.375,80.96455,40.18,8.02055,17.5,2.1,15.4,10.05,1.4,91.79166667,2.442708333,1016.302604
Los.Rios,2019/4/28,2019,17,7,5,0.714285714,31.625,29.75,68.260825,32.34,7.125871395,18.7,0.5,18.2,10.775,6.4,88.60280797,3.131793478,1016.236685
Los.Rios,2019/5/5,2019,18,9,1,0.111111111,21.453125,33.125,73.900375,26.46,6.4672,17,-0.4,17.4,12.57857143,93,92.26936189,5.077644231,1012.501886
Los.Rios,2019/5/12,2019,19,13,5,0.384615385,21.75,35.45833375,49.383725,29.4,5.32275,17.1,6.5,10.6,11.2875,6.6,91.91145833,3.067708333,1016.971354
Los.Rios,2019/5/19,2019,20,21,2,0.095238095,27.625,34.5,61.003425,34.055,7.23095,16.4,-1,17.4,8.4875,25.6,94.34375,3.442708333,1016.374479
Los.Rios,2019/5/26,2019,21,30,12,0.4,47.625,34.5,33.152825,31.605,13.0754,14.5,-0.7,15.2,7.15,3.2,92.40625,2.395833333,1019.090104
Los.Rios,2019/6/2,2019,22,30,11,0.366666667,16.25,34.5,21.316975,32.83,8.8689,16.4,0.3,16.1,10,65.9,94.609375,5.125,1011.631771
Los.Rios,2019/6/9,2019,23,29,13,0.448275862,17.8125,34.5,22.830025,21.56,10.88755,17.4,4,13.4,11.3125,62.4,92.11979167,6.666666667,1013.567188
Los.Rios,2019/6/16,2019,24,22,13,0.590909091,19.0416675,32.1458325,36.486775,35.28,6.71071875,15,-2.3,17.3,5.45,44.2,96.89583333,2.838541667,1016.721354
Los.Rios,2019/6/23,2019,25,39,20,0.512820513,41.75,25,23.07565,29.645,10.00865,15,-1.6,16.6,8.2875,61,95.51041667,3.854166667,1017.392188
Los.Rios,2019/6/30,2019,26,44,18,0.409090909,26,25,25.626875,29.155,8.38379279,14.6,-2.2,16.8,5.4875,73.6,91.26641551,5.048657773,1012.092071
Los.Rios,2019/7/7,2019,27,34,9,0.264705882,30.75,25,11.81592719,19.6,8.558028605,13.6,-3.1,16.7,5.175,15.8,95.30480072,3.346467391,1019.389085
Los.Rios,2019/7/14,2019,28,27,12,0.444444444,40.625,25,14.0694,16.17,12.60775,16.9,1.9,15,9.95,64.8,90.13700181,6.308197464,1014.220765
Los.Rios,2019/7/21,2019,29,27,14,0.518518519,34,25,14.7768,18.375,7.92655,13.7,1.2,12.5,8.396875,144.8,93.87839674,6.108242754,1013.791735
Los.Rios,2019/7/28,2019,30,25,12,0.48,45.225,26.45833375,22.594225,23.765,8.20855,13.4,-2.4,15.8,5.1140625,27.4,94.93931159,3.23754529,1019.76798
Los.Rios,2019/8/4,2019,31,9,3,0.333333333,23.875,35.78125,23.0036,19.845,10.85935,13.3,-0.8,14.1,7.2875,90.2,93.61820652,6.169610507,1019.249502
Los.Rios,2019/8/11,2019,32,19,5,0.263157895,41.375,30.5,32.82095943,28.91,8.79135,12.2,-3.7,15.9,5.2875,19,93.08333333,4.28125,1020.248958
Los.Rios,2019/8/18,2019,33,26,5,0.192307692,23.75,29.75,35.943125,26.215,8.61745,15.8,-2.1,17.9,6.323214286,30.4,94.06525856,3.297513175,1017.033171
Los.Rios,2019/8/25,2019,34,30,4,0.133333333,32.875,29.375,41.844675,19.355,13.0284,15.8,1.3,14.5,8.314285714,14.2,93.61316288,2.935606061,1017.984422
Los.Rios,2019/9/1,2019,35,33,5,0.151515152,21.875,32.625,34.95735,20.09,9.86765,14.3,-2.6,16.9,7.475,39.8,90.60986907,4.743247694,1018.925208
Los.Rios,2019/9/8,2019,36,27,3,0.111111111,19.375,22.375,40.685325,32.83,8.601,16.1,-4.9,21,5.775,6.4,82.76766304,3.885416667,1017.761232
Los.Rios,2019/9/15,2019,37,16,3,0.1875,14.375,1.875,54.846425,32.585,5.76925,17,-3.2,20.2,7.975,14.4,87.65806159,3.845108696,1016.901336
Los.Rios,2019/9/22,2019,38,17,3,0.176470588,9.25,13.87500038,62.749,25.725,6.8949,18.9,-3.2,22.1,6.475,6.8,85.6875,4.197916667,1021.759896
Los.Rios,2019/9/29,2019,39,18,1,0.055555556,12.125,24.21875,71.476875,30.68625,8.30255,24.5,-3.2,27.7,10.625,23,83.15625,4.166666667,1017.751042
Los.Rios,2019/10/6,2019,40,14,0,0,9.125,40.42708375,56.614925,25.54125,6.02305,16.9,-2.1,19,7.75,39.4,84.75347222,4.402777778,1019.027778
Los.Rios,2019/10/13,2019,41,11,1,0.090909091,9.25,26.85416625,44.955925,27.44,12.0555,20.5,-0.1,20.6,9.9,4.6,82.51630435,4.25928442,1016.654506
Los.Rios,2019/10/20,2019,42,13,0,0,6.25,29,47.2664375,28.42,6.01365,22.7,0.6,22.1,11.15,8.6,75.99479167,5.213541667,1017.434896
Los.Rios,2019/10/27,2019,43,10,0,0,5.375,30.375,53.81261558,25.235,6.0348,19.7,-0.8,20.5,10.3125,25.2,82.875,4.552083333,1017.085417
Los.Rios,2019/11/3,2019,44,13,0,0,2.125,33.125,68.89658438,22.295,5.08305,19.13333333,0.6,18.53333333,10.678125,34.2,87.21666667,6.48342803,1013.95237
Los.Rios,2019/11/10,2019,45,15,0,0,5.125,37.625,59.149775,26.705,9.4517,27.9,1.8,26.1,12.87916667,4.2,69.23982372,5.224622253,1016.791058
Los.Rios,2019/11/17,2019,46,10,0,0,5,29.75,60.918275,21.07,8.7608,27.9,3.8,24.1,14.0375,9.6,81.63541667,4.927083333,1014.644271
Los.Rios,2019/11/24,2019,47,9,0,0,4.875,32.25,57.7448,22.54,7.1675,26.8,1.3,25.5,13.6125,17,80.59375,4.90625,1014.465625
Los.Rios,2019/12/1,2019,48,7,1,0.142857143,3.5,40.75,53.274425,25.725,6.33795,27.4,2.2,25.2,12.775,20.2,83.05902778,5.638888889,1015.987153
Los.Rios,2019/12/8,2019,49,5,0,0,6.125,33.75,75.82935,33.81,6.9466,27.4,2.2,25.2,15.5,0,71.0625,5.465126812,1017.771354
Los.Rios,2019/12/15,2019,50,8,0,0,4.5,24.5,71.365525,29.645,7.0406,25.4,0.5,24.9,13.6125,2,79.43854167,4.579166667,1016.258229
Los.Rios,2019/12/22,2019,51,9,0,0,3.0625,22.875,44.6972,28.91,9.18615,24.9,2.4,22.5,14.025,3.6,80.046875,4.1875,1016.079688
Los.Rios,2019/12/29,2019,52,4,0,0,2.6875,23.25,71.61115,28.175,8.2955,25.6,0.5,25.1,14.625,13.6,78.51041667,4.484375,1013.589063
Magallanes,2015/1/4,2015,1,2,0,0,6.104165,35.499975,6.5046478,30.79209,8.9831758,13.72,0.2,13.52,7.86,1.77,71.54721481,9.66884663,1002.843539
Magallanes,2015/1/11,2015,2,1,0,0,4.51064125,36.706825,8.46745355,36.2759495,9.39725285,12.76,2.78,9.98,7.020583333,8.3725,72.40939916,14.61973796,989.6129141
Magallanes,2015/1/18,2015,3,2,0,0,4.645638875,37.17185,6.517993425,45.599841,12.3022688,11.58,1.7,9.88,6.712261905,9.475,69.26848833,14.48945056,996.0655021
Magallanes,2015/1/25,2015,4,5,0,0,4.71008625,28.693575,3.990145703,40.7042755,8.81300055,19.76,1.84,17.92,10.6025,4.16,68.3491787,12.00222198,997.033989
Magallanes,2015/2/1,2015,5,2,0,0,5.10373125,35.0800875,5.370030273,28.715666,10.03399005,16.9,1.84,15.06,9.930714286,6.46,74.66203198,9.680298793,996.1894655
Magallanes,2015/2/8,2015,6,1,0,0,4.769547875,38.317675,3.8733294,31.328738,9.5426732,18.52,3.28,15.24,9.722142857,6.215,72.86297799,12.31414625,994.7584153
Magallanes,2015/2/15,2015,7,2,0,0,5.127715,48.80205,6.9642482,37.150134,13.5431581,15.34,2.36,12.98,8.103214286,17.5,74.32190262,12.98564085,991.1164973
Magallanes,2015/2/22,2015,8,1,0,0,4.9884465,47.42185,5.68231495,41.238645,12.7843713,15.34,0.32,15.02,7.972857143,11.8025,75.88815644,12.6984647,996.4998779
Magallanes,2015/3/1,2015,9,2,0,0,4.85416,28.55255,4.6778397,34.242817,9.642849,15.34,2.44,12.9,8.163705357,7.0475,70.46499053,15.23166502,994.5198375
Magallanes,2015/3/8,2015,10,1,0,0,5.00086375,32.8645625,4.7206243,28.524664,11.02666295,15.34,3.18,12.16,8.024657738,16.0225,73.41481543,13.34845297,986.3882396
Magallanes,2015/3/15,2015,11,7,0,0,5.351186625,52.8783,6.92939565,31.922422,13.8401605,14.86,2.4,12.46,7.7025,21.99,76.18042802,13.95566498,987.0258412
Magallanes,2015/3/22,2015,12,2,0,0,5.14062,38.3071875,6.390628675,29.36890705,13.56340335,14.54,1.08,13.46,6.5494375,10.1275,75.63880818,14.30995922,988.8626855
Magallanes,2015/3/29,2015,13,1,0,0,6.5690675,17.49272125,4.97325125,21.0202062,16.06098829,14.26,3.2,11.06,7.701770833,5.03,82.85154587,10.91992581,1005.618296
Magallanes,2015/4/5,2015,14,1,0,0,4.87816625,22.6628375,5.362858023,25.9946225,13.78318264,10.74,-0.02,10.76,4.445833333,12.45142857,77.72495925,13.67638942,984.8887883
Magallanes,2015/4/12,2015,15,6,0,0,6.723955,30.2812625,5.011741998,30.240448,13.0686837,14.12,-0.2,14.32,5.9309375,6.1575,80.45919913,9.909396742,1001.11754
Magallanes,2015/4/19,2015,16,5,0,0,5.30101,32.1324125,3.988284193,34.465865,12.58295045,9.14,-1.92,11.06,3.955,3.5075,77.58341435,12.63975694,994.6708892
Magallanes,2015/4/26,2015,17,3,0,0,5.46421625,37.7083125,6.886876325,31.99955045,14.8158946,11.1,-2.42,13.52,4.506875,17.1775,79.81776854,12.46952944,989.1384086
Magallanes,2015/5/3,2015,18,3,0,0,6.197915,54.5132375,6.22764699,31.5308875,16.2455688,11.78,-1.48,13.26,4.091785714,4.56,79.92709971,11.18214548,998.6669273
Magallanes,2015/5/10,2015,19,8,0,0,6.55208,40.5520625,4.751446963,26.5045165,16.7393931,6.96,-4.14,11.1,2.285,12.9,82.94560431,11.07177136,1004.496046
Magallanes,2015/5/17,2015,20,5,0,0,5.962649375,41.29705,6.304072063,21.964789,20.68533685,7.224,-0.42,7.644,3.93,15.84,90.02941022,10.21080812,986.7521085
Magallanes,2015/5/24,2015,21,3,0,0,5.415245,25.855075,5.039456685,23.09351625,16.47210645,9.42,-0.56,9.98,2.635416667,30.4525,82.33090691,15.13254076,981.7968143
Magallanes,2015/5/31,2015,22,2,0,0,7.58361125,38.21809375,9.72298375,24.4661802,21.01323705,6.48,-3.88,10.36,0.927142857,16.5425,84.22101811,11.7105228,990.9276119
Magallanes,2015/6/7,2015,23,7,0,0,7.2396265,48.4639125,8.80762125,17.5716989,27.97198655,3.7,-3,6.7,-0.157,27.455,84.1473562,12.04967003,990.9015038
Magallanes,2015/6/14,2015,24,5,0,0,5.984305875,32.3223625,4.838504323,24.0603573,11.0190748,5.04,-2.96,8,0.223,20.805,81.27913543,15.40846091,986.213274
Magallanes,2015/6/21,2015,25,7,0,0,5.7760975,51.0147625,9.923358075,25.30452365,24.29203225,5.12,-6.02,11.14,-0.81875,41.7,80.57774964,16.62695871,988.3821733
Magallanes,2015/6/28,2015,26,7,2,0.285714286,5.714755,40.08975875,11.93154878,22.28764265,21.8528521,7.4,-2.56,9.96,1.371875,42.13142857,81.39978809,14.92074045,988.4736384
Magallanes,2015/7/5,2015,27,7,1,0.142857143,4.16062125,27.34503375,10.85891095,20.0178475,26.6538645,2.58,-4.0825,6.6625,-1.214821429,31.63321429,79.12345727,15.1161428,992.8496529
Magallanes,2015/7/12,2015,28,8,4,0.5,4.93803,30.903925,7.534146998,18.9717906,25.0617912,3.7,-7.4,11.1,-1.697857143,13.5875,85.76112869,11.4432051,991.9889836
Magallanes,2015/7/19,2015,29,3,2,0.666666667,3.6047475,23.7319,6.036878568,29.8037257,20.5397144,4.3,-3.84,8.14,0.235571429,26.0125,80.23897288,15.85888121,975.0241483
Magallanes,2015/7/26,2015,30,1,0,0,4.72586625,34.5465125,6.0146292,20.53002,26.82908755,4.44,-5.46,9.9,-0.295,28.6175,82.76534692,12.80428863,987.9036938
Magallanes,2015/8/2,2015,31,5,0,0,7.48825125,27.120275,5.313753,22.96271565,24.1563644,4.94,-4.02,8.96,-0.96,1.93,87.38912789,6.860141272,995.7973987
Magallanes,2015/8/9,2015,32,10,2,0.2,4.3513025,25.8010375,3.389657423,34.55267095,20.25352036,7.14,-4.7,11.84,0.5075,8.3975,84.46312487,11.47951486,991.6324892
Magallanes,2015/8/16,2015,33,13,4,0.307692308,3.28985375,26.1910625,5.554465828,31.687222,11.95316291,7.08,-1.42,8.5,1.9375,15.475,76.94732626,16.7335264,986.0014502
Magallanes,2015/8/23,2015,34,17,2,0.117647059,5.10053875,30.852625,4.478496673,31.9125975,15.9535061,4.72,-5.94,10.66,-1.8375,33.5125,74.22707165,14.6881461,991.6012931
Magallanes,2015/8/30,2015,35,19,1,0.052631579,4.1371725,37.0215125,6.617727,27.3326753,18.0938579,6.52,-3.96,10.48,1.1259375,8.1825,85.01202845,9.914192306,993.2435349
Magallanes,2015/9/6,2015,36,10,2,0.2,3.55779,39.4497375,5.337394243,33.9707935,16.50881439,12.06,-4.14,16.2,3.2725,3.4925,72.97164728,17.14918058,991.2370521
Magallanes,2015/9/13,2015,37,9,3,0.333333333,2.77741875,32.181425,2.71859322,30.7300315,11.0120248,5.82,-6,11.82,0.4475,18.4825,75.03925093,16.41033546,987.3865615
Magallanes,2015/9/20,2015,38,6,0,0,4.309405625,37.1009875,5.102003945,29.5760913,14.8584813,4.94,-4.54,9.48,-0.465446429,28.04571429,72.4392773,18.69712765,990.9756209
Magallanes,2015/9/27,2015,39,8,2,0.25,5.09640125,34.310825,4.851234575,31.9527285,10.97401825,8.92,-4.82,13.74,1.891785714,4.1225,72.39095597,15.35204999,998.8925339
Magallanes,2015/10/4,2015,40,12,1,0.083333333,6.02109,24.9066125,4.638905845,33.0027985,11.2535672,10.08,-1.86,11.94,3.635,9.09,76.01368755,11.6148479,1002.335964
Magallanes,2015/10/11,2015,41,5,2,0.4,5.04825125,28.43595,4.701517295,35.921753,8.36384505,12.34,-2.16,14.5,4.6425,8.071428571,75.87125206,13.40088706,1002.28586
Magallanes,2015/10/18,2015,42,9,0,0,4.3905925,28.902275,3.953204685,35.8149085,11.9283227,12.34,-1.84,14.18,4.334375,16.99071429,72.33263613,14.02893951,999.5138441
Magallanes,2015/10/25,2015,43,6,1,0.166666667,5.13325625,27.729625,3.514738843,30.913071,10.32123995,11.82,-2.5,14.32,3.71125,9.465,69.27928367,15.45066956,1003.617611
Magallanes,2015/11/1,2015,44,3,0,0,3.83129125,30.557225,2.668189988,32.7559365,8.2765261,12,-1.1,13.1,5.67,12.1,72.93735872,15.11060385,993.8467052
Magallanes,2015/11/8,2015,45,4,0,0,4.101455,30.64005,3.285923108,40.5607055,6.8823275,12.1,-0.62,12.72,6.456517857,10.88,72.12082332,16.08767675,997.2221426
Magallanes,2015/11/15,2015,46,3,0,0,3.916455,29.247675,3.301842228,31.830155,6.3930387,13.14,-0.66,13.8,6.252321429,14.4925,71.56194748,16.39970267,984.4980686
Magallanes,2015/11/22,2015,47,8,0,0,3.71754,28.9195,2.9689971,30.9443183,7.47480715,10.7,-0.98,11.68,4.422857143,10.2025,70.38687125,15.10775215,990.75629
Magallanes,2015/11/29,2015,48,4,0,0,4.8272975,30.65729,5.048271675,29.410927,10.04422665,13.7,0.48,13.22,7.223571429,7.16,73.34763942,13.63174474,991.6457098
Magallanes,2015/12/6,2015,49,1,0,0,4.93550625,33.0637,5.982904275,37.307522,10.3838087,16.62,2.08,14.54,8.34675,6.9275,70.66784722,14.61863283,995.5073889
Magallanes,2015/12/13,2015,50,6,0,0,3.91012375,33.7660875,5.20458415,34.6385655,8.97890115,14.14,0.02,14.12,5.366458333,8.55,72.25681212,16.77055835,985.0542201
Magallanes,2015/12/20,2015,51,1,0,0,4.484345,34.333275,4.569179458,33.409817,8.30892555,11.84,0.28,11.56,6.372291667,4.57,73.57286201,11.34345324,996.2396303
Magallanes,2015/12/27,2015,52,1,0,0,4.10411,32.75515,7.48415445,27.117286,9.6073358,12.08,-1.12,13.2,6.504583333,11.725,72.66059618,14.25948477,986.0853866
Magallanes,2016/1/10,2016,1,1,0,0,4.782858182,40.25988091,4.920764908,25.84979855,7.306780655,16.32,2.86,13.46,8.977142857,7.3675,71.14341238,12.54813978,997.2926685
Magallanes,2016/1/17,2016,2,1,0,0,5.4340275,37.85045,3.820681155,28.726544,8.62333675,15.58,0.18,15.4,7.5525,3.56,66.36693821,13.915008,993.941856
Magallanes,2016/1/24,2016,3,1,0,0,3.58424,51.7876125,3.686579075,19.2280606,11.5959246,16.04,3.8,12.24,9.3475,8.19,72.20820393,11.83698887,995.2641267
Magallanes,2016/1/31,2016,4,1,0,0,3.99368425,38.022175,3.139391093,15.97639365,10.93032235,17.74,4.52,13.22,10.2175,5.905,73.60342262,13.20238095,994.7494792
Magallanes,2016/2/7,2016,5,1,0,0,5.70140525,52.8152375,3.32696901,23.12155895,7.8258243,17.98,4.48,13.5,10.4375,22.54,75.8504626,11.56570264,1002.768414
Magallanes,2016/2/14,2016,6,2,0,0,4.08181125,41.5675125,4.288203125,16.6954025,9.3499638,13.8,3.3,10.5,8.3825,9.4275,73.54017857,12.92857143,987.7622396
Magallanes,2016/2/21,2016,7,6,1,0.166666667,3.51198125,39.5411875,6.897926175,14.9234057,12.14422895,16.32,0.98,15.34,7.9525,14.2,74.20729167,14.90230331,982.0109375
Magallanes,2016/2/28,2016,8,3,0,0,4.132525,41.2876625,7.295059225,14.25952675,13.67745825,15.76,0.9,14.86,7.4425,10.345,74.30223214,11.95875388,988.701555
Magallanes,2016/3/6,2016,9,4,0,0,4.57581875,46.214475,6.0417331,19.27845955,16.1829178,16.34,3.12,13.22,9.105,8.22,76.82087054,11.13494759,1001.690617
Magallanes,2016/3/13,2016,10,5,0,0,4.26941,37.14705,4.743000083,22.1158658,12.94152285,13.16,3.06,10.1,7.67,11.3825,74.22938988,13.69904891,993.4090316
Magallanes,2016/3/20,2016,11,6,0,0,3.43362625,44.3470125,5.290582375,25.4659615,13.96645185,16.32,1.24,15.08,7.5875,14.585,73.3359475,13.32124918,991.7198534
Magallanes,2016/3/27,2016,12,4,0,0,3.58251625,51.6317875,6.154972775,34.943517,12.85922585,16.76,2.1,14.66,8.67,17.49714286,77.5722632,11.57987189,991.385828
Magallanes,2016/4/3,2016,13,9,0,0,5.17332,41.956325,4.21937507,25.48035525,11.8780703,15.5,1.14,14.36,7.03,10.3925,75.81589674,11.78590839,992.7514153
Magallanes,2016/4/10,2016,14,6,0,0,3.27183375,37.7271125,3.963977143,19.0273762,11.34607495,15.38,1.14,14.24,5.6325,5.88,74.5298169,11.41889881,996.2791629
Magallanes,2016/4/17,2016,15,6,0,0,4.14682875,45.5092575,3.113107253,21.0146104,16.1809673,11.28,-4.26,15.54,3.7525,24.585,78.47942547,13.91757246,988.7334805
Magallanes,2016/4/24,2016,16,5,0,0,5.29257375,37.7547075,4.20202936,20.89372005,13.5941625,7.08,-3.02,10.1,1.3734375,18.345,76.80937284,11.95645704,992.8389015
Magallanes,2016/5/1,2016,17,6,0,0,8.60791125,44.0805,6.665979868,21.0683585,20.1266032,8.46,-2.24,10.7,2.185,6.8,78.57978778,12.28872283,1007.657216
Magallanes,2016/5/8,2016,18,5,0,0,7.88204625,49.465325,6.251079288,21.5326972,20.41553805,7.68,-3.6,11.28,1.5675,5.4525,82.22455357,11.00260417,1007.272396
Magallanes,2016/5/15,2016,19,5,1,0.2,7.421465,32.3970975,4.099557558,11.2385126,18.5399584,7.72,-3.4,11.12,2.045,1.6025,88.99203869,8.001520445,1013.73433
Magallanes,2016/5/22,2016,20,7,1,0.142857143,5.5072875,31.0056725,3.477019685,14.6454532,17.32836655,7.34,-0.76,8.1,2.8925,19.61,85.42988807,10.91184653,1006.608816
Magallanes,2016/5/29,2016,21,9,1,0.111111111,7.4391175,45.714725,6.057833,12.52891045,22.919315,6.8,-3.78,10.58,0.74,3.22,84.99352355,10.18426501,1011.263659
Magallanes,2016/6/5,2016,22,8,1,0.125,7.96824375,35.1939625,2.81582011,15.4824908,14.0074758,6.3,-5.54,11.84,0.675,8.58,89.02790826,8.880273033,1007.334594
Magallanes,2016/6/12,2016,23,5,1,0.2,4.9325675,42.376825,4.840557748,13.3697284,21.3337606,8.58,-2.72,11.3,2.9325,11.84,81.30982143,11.64583333,1002.228472
Magallanes,2016/6/19,2016,24,3,1,0.333333333,4.584510375,55.1835875,4.673688965,13.29937665,22.8000807,8.16,-1.86,10.02,3.85,11.02,80.95342262,11.96577381,996.1988715
Magallanes,2016/6/26,2016,25,4,1,0.25,4.975895,58.5928375,3.497406888,14.963032,17.70129745,10.4,-2.68,13.08,3.8525,10.75,85.62616783,10.87244436,998.0267814
Magallanes,2016/7/3,2016,26,6,4,0.666666667,4.975895,47.217075,5.714461368,13.696921,19.72211415,9.4,-4.08,13.48,3.25,12.99,82.5411029,13.88752823,993.3408834
Magallanes,2016/7/10,2016,27,9,2,0.222222222,4.975895,47.7235625,3.017566333,18.01001615,18.7662117,5.44,-2.48,7.92,1.4375,15.18,79.23456231,11.89551594,990.415795
Magallanes,2016/7/17,2016,28,9,0,0,4.907646,44.7678875,2.878103405,21.60226495,19.05957865,4.22,-4.2,8.42,-0.4575,3.09,88.34199693,7.517954193,1009.26655
Magallanes,2016/7/24,2016,29,6,1,0.166666667,3.939506625,48.8276625,3.249090165,15.05175875,20.93321015,6.4,-2.46,8.86,1.755,10.76,82.07195264,11.78720238,995.6555782
Magallanes,2016/7/31,2016,30,6,1,0.166666667,3.749635,40.4301125,3.39266551,16.39902845,20.6306124,4.7,-5.52,10.22,-0.005,2.32,82.98727679,8.85639881,1006.03533
Magallanes,2016/8/7,2016,31,11,1,0.090909091,3.749635,40.4627875,3.684431003,16.5673557,19.5740759,7.3,-5.08,12.38,0.395,10.84,86.04573767,10.890625,996.1632937
Magallanes,2016/8/14,2016,32,8,0,0,3.749635,36.9589,3.89253269,14.1634598,22.3947997,10.26,-5.18,15.44,0.9625,22.375,77.62515528,13.36691253,992.0811821
Magallanes,2016/8/21,2016,33,12,1,0.083333333,3.997942625,36.0955625,180.671588,18.77744925,14.01693455,4.2,-6.5,10.7,-1.9425,21.7975,75.27605461,11.28357919,999.6014946
Magallanes,2016/8/28,2016,34,14,1,0.071428571,6.788228375,34.8576125,2.554803593,23.9439382,14.95230975,7.46,-4.32,11.78,1.57,5.48,80.86552795,8.516304348,999.9428555
Magallanes,2016/9/4,2016,35,11,2,0.181818182,5.956715,36.350975,3.809704993,23.50994275,12.21229905,10.48,-3.32,13.8,3.1575,17.17,79.5386096,13.4389234,999.6239697
Magallanes,2016/9/11,2016,36,16,0,0,5.017731375,50.313175,7.003695903,23.20814685,20.28825735,10.86,-2.58,13.44,4.0075,17.8575,74.61026786,14.43911749,996.4646815
Magallanes,2016/9/18,2016,37,18,0,0,5.5150315,37.4875,2.99603419,27.3371392,13.3915032,10.54,-2.58,13.12,3.735,3.66,78.93773615,12.17375129,1000.267116
Magallanes,2016/9/25,2016,38,11,0,0,6.2823,42.4820375,4.955167683,26.1086945,18.79883205,11.36,-1.1,12.46,5.2025,4.165,75.53570458,12.76966874,1000.068927
Magallanes,2016/10/2,2016,39,12,1,0.083333333,7.65269875,34.6103,3.141808043,32.0157621,14.3548058,11.08,-1.76,12.84,4.8,7.8525,81.67098214,10.36830357,1005.279861
Magallanes,2016/10/9,2016,40,5,1,0.2,7.104185,40.9980375,2.410301423,23.6713365,16.93528675,10.52,-1.64,12.16,5.005,7.36,82.84255952,8.938244048,1004.629948
Magallanes,2016/10/16,2016,41,4,0,0,5.762712875,32.723625,2.505147715,21.8211651,16.31446845,10.66,-1.1,11.76,3.7275,9.942857143,76.50208333,12.85565476,988.5746528
Magallanes,2016/10/23,2016,42,7,0,0,6.2897255,27.1597125,1.703661878,27.6183355,11.3625978,13.94,-0.72,14.66,5.695,1.28,73.39093325,13.06668793,1000.925434
Magallanes,2016/10/30,2016,43,9,0,0,5.3439715,35.5632375,3.665164833,32.276937,11.74044255,13.96,-0.64,14.6,7.445,5.78,75.91672813,11.96606496,998.1391984
Magallanes,2016/11/6,2016,44,5,0,0,3.24351725,34.2790375,3.35333145,31.265822,11.4393911,13.88,0.24,13.64,5.96,14.1,76.15590062,14.72492883,978.6673649
Magallanes,2016/11/13,2016,45,7,1,0.142857143,4.98090625,39.101625,4.732433623,26.7556415,13.78618805,12.22,0.24,11.98,5.6725,6.095,67.8623059,15.96729425,987.8665685
Magallanes,2016/11/20,2016,46,2,0,0,5.606063625,40.8286875,2.197068793,26.12006005,12.01397315,12.44,-0.7,13.14,5.8675,8.335,68.97128947,12.70496894,992.974917
Magallanes,2016/11/27,2016,47,5,0,0,6.28912425,28.910325,1.643263673,23.4325595,8.7350299,18.58,-0.14,18.72,9.4075,6.165,75.68695652,10.1873706,1000.091097
Magallanes,2016/12/4,2016,48,3,0,0,6.22771875,35.35125,2.62155759,30.403569,10.72586295,14.84,1.9,12.94,8.466428571,12.9,73.24271569,11.45159279,992.8871051
Magallanes,2016/12/11,2016,49,11,0,0,5.74034375,35.9765125,1.98247278,23.90271695,11.6187478,13.84,1.78,12.06,7.65,8.945,69.75709711,10.44206596,995.1862281
Magallanes,2016/12/18,2016,50,2,0,0,3.960718,41.608125,3.501716133,23.15923015,11.36955145,14.64,2.58,12.06,7.6075,15.6275,73.42425595,11.35342262,988.2664931
Magallanes,2016/12/25,2016,51,2,0,0,5.68985,32.8687625,3.222130038,19.7175608,10.26286595,14.06,1,13.06,7.3775,15.4125,74.59923978,11.8940185,989.3717542
Magallanes,2016/12/31,2016,52,5,0,0,5.064268571,26.88891429,2.604781544,23.05161039,13.13189937,14.68,1,13.68,8.245714286,5.854285714,70.55830376,12.15794144,992.2315562
Magallanes,2017/1/8,2017,1,3,0,0,4.283187778,41.7306,3.501937122,20.7893193,13.76518871,13.66,1.52,12.14,7.864444444,15.815,71.63320615,11.06684303,988.1560807
Magallanes,2017/1/15,2017,2,6,0,0,3.85914425,29.32732,5.226848255,20.15234025,13.9104678,13.66,3.48,10.18,8.21,8.7175,70.79094581,14.73628182,986.6997738
Magallanes,2017/1/22,2017,3,2,0,0,4.240538,50.8721375,5.052136175,22.002323,15.25525295,15.88,2.84,13.04,8.8625,12.71,69.28321416,14.67502706,990.4105971
Magallanes,2017/1/29,2017,4,2,0,0,6.4198025,58.4385625,3.53485815,30.673853,16.1654714,16.82,3.74,13.08,9.786071429,10.4,74.98092706,12.35609024,992.5609646
Magallanes,2017/2/5,2017,5,3,0,0,5.72996875,50.489775,2.940129285,27.54997315,15.518178,15.74,0.1,15.64,8.710714286,5.48,73.44844218,10.64450272,993.6914631
Magallanes,2017/2/12,2017,6,3,0,0,4.711625625,40.8405,4.080462998,17.93143485,15.37450605,16.66,1.58,15.08,9.943214286,4.75,74.41249384,10.83020557,997.8886498
Magallanes,2017/2/19,2017,7,3,0,0,6.302159375,36.7020875,4.095184123,23.3253475,15.7085092,15.44,2.24,13.2,8.6103125,11.125,77.12882678,11.28941394,993.6063957
Magallanes,2017/2/26,2017,8,2,0,0,7.878685625,29.851425,4.671306075,19.83800525,14.60975025,13.84,3.64,10.2,8.596845238,20.2825,74.75009273,12.19421542,994.8002321
Magallanes,2017/3/5,2017,9,5,0,0,6.35319125,34.64605,2.470989793,20.8271266,13.08593035,12.72,1,11.72,6.696488095,21.9175,74.68089827,13.20984003,994.8626447
Magallanes,2017/3/12,2017,10,4,0,0,4.97193775,48.481825,3.83355125,25.322024,16.7445772,12.9,1,11.9,6.3646875,8.805,78.31150821,8.061422258,1003.782945
Magallanes,2017/3/19,2017,11,3,0,0,6.4311975,45.0015625,4.046657465,31.8546305,17.69586942,13.98,2.66,11.32,7.7775,9.44,77.76199044,10.44757782,1000.884896
Magallanes,2017/3/26,2017,12,7,0,0,6.65757125,35.612175,2.22695546,31.913014,10.782693,13.98,1.1,12.88,8.0975,9.5575,80.95352183,9.46875,1002.429514
Magallanes,2017/4/2,2017,13,7,0,0,8.0189075,32.845075,2.864903518,21.89331025,11.72055215,13.52,-0.08,13.6,6.4540625,10.2275,84.94181717,9.60593378,1008.25923
Magallanes,2017/4/9,2017,14,7,0,0,6.8992875,34.4044625,2.932493295,22.565186,12.42703406,10.66,-3.58,14.24,4.2,24.1875,79.4607696,11.02105295,998.1432313
Magallanes,2017/4/16,2017,15,4,0,0,6.2249575,34.682675,4.525112368,22.69666035,18.7873382,10.9,0.82,10.08,5.7125,11.43142857,81.06330152,10.76037265,1003.227547
Magallanes,2017/4/23,2017,16,2,0,0,7.0698925,37.1738375,2.352786528,23.029265,16.82620445,11.38,-1.32,12.7,3.69,11.8525,80.35177478,12.73004118,995.3090581
Magallanes,2017/4/30,2017,17,10,0,0,5.71846375,48.9742625,5.794522673,22.2269047,17.38628254,7.7,-1.32,9.02,3.6125,11.6,78.00133929,9.507108277,993.9414462
Magallanes,2017/5/7,2017,18,5,0,0,7.9935375,42.8760875,2.8405909,33.3374195,14.0843906,7.98,-3.84,11.82,2.48,32.64892857,86.01586054,9.669626315,990.7553378
Magallanes,2017/5/14,2017,19,6,0,0,7.75,27,1.72265,19.49791585,9.44200625,8.74,-1.3,10.04,3.42125,9.825,88.210022,9.296713251,998.5768644
Magallanes,2017/5/21,2017,20,11,0,0,5,31.125,2.125475,15.68,12.29960625,9.42,-0.92,10.34,4.1875,20.1975,85.54166667,11.2671131,989.4984375
Magallanes,2017/5/28,2017,21,7,0,0,4.75,42.875,3.821925,16.7825,29.4502,6.56,-2.32,8.88,1.8075,17.9625,75.88779035,14.17482061,993.0044643
Magallanes,2017/6/4,2017,22,13,2,0.153846154,7.875,41.25,2.2139,38.22,16.97875,6.46,-3.56,10.02,1.2425,4.2675,86.52052277,7.656588203,1001.630757
Magallanes,2017/6/11,2017,23,6,0,0,5.84375,38.25,2.754275,40.18,18.75817,6,-2.26,8.26,1.6,26.9675,81.10785819,15.79715457,986.4433318
Magallanes,2017/6/18,2017,24,22,1,0.045454545,7.71875,34.25,4.089539333,37.93416585,16.3231,2.78,-7.96,10.74,-1.5025,35.935,81.20423383,14.12593584,998.2383348
Magallanes,2017/6/25,2017,25,69,3,0.043478261,8,33.5,2.695325,30.135,18.283,4.62,-8,12.62,-2.1725,20.90571429,78.61868604,15.74718828,992.7044253
Magallanes,2017/7/2,2017,26,53,4,0.075471698,7.453125,34.625,4.4228875,27.195,18.17255,9.36,-8,17.36,0.95,9.887857143,83.0981408,12.63219899,990.4879255
Magallanes,2017/7/9,2017,27,36,1,0.027777778,7.25,39.375,3.383075,25.235,20.9338,7.68,-0.96,8.64,2.9325,11.87,80.76415585,13.78422619,988.4992917
Magallanes,2017/7/16,2017,28,34,8,0.235294118,5.375,30.875,3.114525,27.93,12.11660024,6.82,-3.3,10.12,1.49,10.1775,76.1011596,15.15532362,988.6733504
Magallanes,2017/7/23,2017,29,30,4,0.133333333,7.375,42.375,3.66145,24.255,19.93975,8.1,-4.24,12.34,1.9025,15.025,81.26264881,11.43795996,993.8951626
Magallanes,2017/7/30,2017,30,16,1,0.0625,5.375,37.75,4.129775,19.355,17.5686,8.24,-4.52,12.76,1.895,16.3575,78.53703093,14.12590139,988.2185477
Magallanes,2017/8/6,2017,31,15,2,0.133333333,5,38,4.10685,30.625,16.60174279,7.22,-2.28,9.5,2.5075,12.56,75.97363362,15.26850193,992.2705042
Magallanes,2017/8/13,2017,32,16,3,0.1875,8.25,27.5,3.08551767,28.175,15.25414375,8.46,-2.28,10.74,2.4975,15.6625,85.10213033,9.414207393,1001.019466
Magallanes,2017/8/20,2017,33,9,2,0.222222222,4.109375,26.875,2.963875,22.785,12.6806,6.1,-4.48,10.58,0.45,16.5325,79.21442776,13.80436959,985.5976973
Magallanes,2017/8/27,2017,34,8,0,0,4.375,28.25,2.08945,30.38,13.1271,5.58,-3.6,9.18,0.4725,17.7025,78.95339566,17.86102484,980.2752793
Magallanes,2017/9/3,2017,35,10,1,0.1,4.375,24,2.230275,30.68625,7.4166,8.36,-2.42,10.78,2.2425,6.335,78.2859375,12.90327381,993.2992188
Magallanes,2017/9/10,2017,36,8,0,0,4.125,29.625,2.2532,31.36,7.65395,8.38,-4.92,13.3,2.643333333,9.7675,72.94326721,13.59413,995.84477
Magallanes,2017/9/17,2017,37,11,0,0,3.75,34.75,3.468225,30.87,9.4611,8.62,-3.1,11.72,2.069166667,24.11916667,71.35365936,18.54004329,981.7072371
Magallanes,2017/9/24,2017,38,3,0,0,4.375,32.625,3.49115,33.565,8.10515,10.88,-3.36,14.24,3.73,6.453333333,76.65028274,14.88061224,986.9510367
Magallanes,2017/10/1,2017,39,11,0,0,4,37.25,3.035925,28.91,9.49165,11.44,-0.38,11.82,4.1075,4.6,75.52376183,15.17134104,991.8535195
Magallanes,2017/10/8,2017,40,8,1,0.125,3,26.125,2.348175,27.44,9.9781,10.3,0.36,9.94,4.45,10.11142857,75.08705226,13.57805205,978.1239141
Magallanes,2017/10/15,2017,41,11,0,0,3.25,31.5,2.249925,25.48,11.0168,10.4,-0.46,10.86,4.4925,21.32571429,71.92813959,14.72373182,988.93576
Magallanes,2017/10/22,2017,42,10,0,0,2.75,36.125,2.1746,27.195,13.4373,13.5,-0.78,14.28,4.576875,31.16,72.13945149,15.42332393,990.0138204
Magallanes,2017/10/29,2017,43,8,1,0.125,3.375,26.875,2.9737,28.91,9.68905,13.5,-1.24,14.74,5.215,30.1375,77.93084534,12.04107404,991.8323626
Magallanes,2017/11/5,2017,44,8,0,0,5,24.125,3.658175,24.5,6.78042163,13.18,-0.66,13.84,5.865,5.46,70.83242101,12.51427076,997.4945779
Magallanes,2017/11/12,2017,45,12,0,0,4.875,35,5.4365,26.46,10.83618582,16.4,-0.66,17.06,7.4675,13.715,79.18612454,8.768729414,1001.135227
Magallanes,2017/11/19,2017,46,7,0,0,4.375,32,2.931125,27.93,10.10735,11.1,-0.02,11.12,5.445,17.2675,79.8419324,11.68318452,992.1275843
Magallanes,2017/11/26,2017,47,7,0,0,4.625,37,5.472525,29.4,11.7876,13.02,-0.02,13.04,6.0775,15.21,70.92170483,16.17461826,987.6570846
Magallanes,2017/12/3,2017,48,7,0,0,5.625,30.25,3.383075,28.175,8.3096,15.4,0.3,15.1,7.9925,4.9375,71.32842654,13.73411536,995.693465
Magallanes,2017/12/10,2017,49,4,0,0,4,32.875,3.3798,30.38,6.86905,15.4,0.3,15.1,7.89,11.0975,76.09906215,11.88578134,993.0644427
Magallanes,2017/12/17,2017,50,1,0,0,4.625,32.25,4.481603665,23.52,9.54805,13.98,0.78,13.2,7.18,20.345,72.34945887,14.30472132,984.7099116
Magallanes,2017/12/24,2017,51,6,0,0,4.125,42.75,6.055475,22.05,10.0815,15.42,2.44,12.98,7.648125,14.94,73.83508682,13.93880922,983.9921658
Magallanes,2017/12/31,2017,52,5,0,0,4.25,29.75,5.983425,19.6,9.44935,16.14,2.78,13.36,7.8275,8.125714286,72.24023045,14.39903707,980.8957569
Magallanes,2018/1/7,2018,1,2,0,0,4.375,39.875,5.6854,23.03,10.25775,14.36,2.72,11.64,7.548125,14.10571429,76.0003668,8.622467627,991.6407248
Magallanes,2018/1/14,2018,2,1,0,0,3.125,29,4.306625,25.725,8.6198,19.48,5.08,14.4,11.1825,10.585,74.94806548,13.41205357,991.2050781
Magallanes,2018/1/21,2018,3,2,0,0,3.875,32.375,3.650221335,28.175,12.3234,18.02,5.54,12.48,9.915,10.2725,74.91622024,12.36309524,989.3721354
Magallanes,2018/1/28,2018,4,3,0,0,3.08928575,33.375,3.5632,28.42,8.18505,15.98,2.56,13.42,9.47,8.095,76.65915179,12.02008929,990.4844618
Magallanes,2018/2/4,2018,5,1,0,0,2.875,35.25,3.6549,26.46,8.80075,19.08,4.26,14.82,10.695,9.745,75.66331845,14.00952381,985.9878472
Magallanes,2018/2/11,2018,6,3,0,0,4,30.375,4.34265,25.235,12.26935,14.24,0.34,13.9,7.85,10.0975,75.5786352,12.39179422,991.9360243
Magallanes,2018/2/18,2018,7,3,1,0.333333333,4.75,33.875,5.50855,21.805,14.31855,14.04,0.34,13.7,8.955,14.185,77.60223214,11.04017857,990.8698785
Magallanes,2018/2/25,2018,8,2,0,0,3.5,25,3.180025,15.68,12.88035,17.06,4.08,12.98,10.43,7.13,74.8610119,11.0141369,993.5426215
Magallanes,2018/3/4,2018,9,1,0,0,4,24.375,2.74445,18.375,10.4011,13.92,3.06,10.86,8.6,9.615,75.65554662,11.38922471,991.8403344
Magallanes,2018/3/11,2018,10,1,0,0,3.625,35.5,2.25975,17.885,12.3046,14.9,-0.2,15.1,7.2375,13.6175,78.33921131,11.3296131,990.6329861
Magallanes,2018/3/18,2018,11,2,0,0,3.375,38.75,1.279215,17.15,13.75925,11.32,1.36,9.96,5.9325,15.0575,77.49255952,13.39880952,983.8786458
Magallanes,2018/3/25,2018,12,12,0,0,3.875,32.25,2.75755,17.64,15.3831,12.32,-0.6,12.92,6.0725,6.8225,74.50334821,13.77455357,988.0803819
Magallanes,2018/4/1,2018,13,4,0,0,4.625,39.25,5.138475,19.6,17.98925,13.46,1.6,11.86,6.72,11.93142857,76.47522321,14.05208333,989.5800347
Magallanes,2018/4/8,2018,14,4,0,0,3.25,29.5,3.055575,26.705,14.32795,11.3,-1.06,12.36,4.4,30.91,80.21845238,10.99479167,992.6750868
Magallanes,2018/4/15,2018,15,3,0,0,4.625,25.625,3.668,22.295,14.5465,13.22,-0.14,13.36,5.195,8.0875,78.90022321,13.65625,991.1225694
Magallanes,2018/4/22,2018,16,7,0,0,3.625,39.25,3.00645,27.44,17.1315,11.14,-0.6,11.74,4.7425,10.96,82.67047194,11.2443665,985.7199653
Magallanes,2018/4/29,2018,17,3,0,0,3.125,37.5,4.810975,24.255,18.424,9.96,-1.52,11.48,2.7075,7.185,79.75260417,12.09747024,993.6330729
Magallanes,2018/5/6,2018,18,3,0,0,3.25,32.375,4.195275,27.44,17.85295,8.68,-2.12,10.8,3.46,9.2075,79.15550595,12.52380952,994.4291667
Magallanes,2018/5/13,2018,19,3,0,0,4.625,33.25,4.04135,26.705,18.0997,11.48,-1.56,13.04,3.94,10.0525,78.18318452,10.14434524,999.3295139
Magallanes,2018/5/20,2018,20,5,1,0.2,6.25,42.25,3.769525,25.725,21.70225,7.1,-4.46,11.56,1.10875,4.557142857,83.20600091,8.904600155,1005.540716
Magallanes,2018/5/27,2018,21,6,0,0,4.125,52.125,6.232325,24.5,27.39395,7.1,-1.78,8.88,2.4725,18.47892857,83.81793155,9.535714286,990.8393229
Magallanes,2018/6/3,2018,22,22,0,0,6,30,3.42565,25.48,24.9817549,6.24,-3.16,9.4,1.355,4.6925,78.7859472,12.11730072,997.9866999
Magallanes,2018/6/10,2018,23,40,3,0.075,7.25,35.5,3.730225,31.36,33.58743375,6.08,-5.14,11.22,0.2325,10.44,90.14435494,7.348699534,1002.2367
Magallanes,2018/6/17,2018,24,18,1,0.055555556,5.75,38.25,4.6898,30.38,30.86636875,6.92,-4.82,11.74,0.465,8.525,85.78936012,9.605654762,1001.660764
Magallanes,2018/6/24,2018,25,17,3,0.176470588,2.875,43.125,5.000925,22.54,29.37265,4.42,-4.5,8.92,-0.5325,29.07,80.58623512,17.61532738,987.0841146
Magallanes,2018/7/1,2018,26,17,2,0.117647059,5.125,37.25,2.83615,25.235,23.87365,3.22,-3.84,7.06,-1.0718125,16.27142857,86.00481224,10.75115564,989.3040122
Magallanes,2018/7/8,2018,27,17,2,0.117647059,7.625,25.5,2.145125,33.38125,18.54855,4.02,-7.4,11.42,-1.4948125,10.53928571,84.3132855,10.66993505,1010.431137
Magallanes,2018/7/15,2018,28,12,4,0.333333333,6.25,34.484375,4.896125,26.46,23.4201,8.78,-5.54,14.32,0.0925,10.98666667,81.18988095,12.21577381,996.4538194
Magallanes,2018/7/22,2018,29,13,3,0.230769231,9.125,24.5,2.472625,30.87,18.7718,3.72,-7.08,10.8,-1.7325,0.525928571,85.23370536,9.479166667,1008.488021
Magallanes,2018/7/29,2018,30,12,3,0.25,3.5,34.5,3.442025,34.79,21.4038,6.42,-3.78,10.2,2.17,7.0875,79.45386905,13.30133929,993.3491319
Magallanes,2018/8/5,2018,31,9,3,0.333333333,3.3125,39.5,5.109,31.85,24.57395,5.8,-5.68,11.48,0.46,28.1375,78.22745536,15.76190476,986.4080729
Magallanes,2018/8/12,2018,32,11,3,0.272727273,6,38.75,5.610075,32.83,25.1262,9.42,-5.78,15.2,-0.0875,14.0875,83.25054209,9.321322279,1002.309759
Magallanes,2018/8/19,2018,33,22,3,0.136363636,4.125,34.375,2.6986,37.24,18.97625,8.38,-2.48,10.86,2.725,5.955,82.51808036,11.62574405,992.4734375
Magallanes,2018/8/26,2018,34,15,2,0.133333333,3.875,32.2708325,4.142875,38.465,16.88945,8.9,-0.1,9,3.2125,10.7675,77.5125744,13.53869048,989.9581597
Magallanes,2018/9/2,2018,35,24,4,0.166666667,3.875,30.875,3.697475,40.425,15.41835,8.22,-4.04,12.26,1.46,19.95714286,82.61837798,12.93675595,990.3834201
Magallanes,2018/9/9,2018,36,13,1,0.076923077,3.5,38.25,4.4147,35.28,18.41225,9.06,-3.46,12.52,2.62,4.603214286,79.16148241,14.23866422,992.5339486
Magallanes,2018/9/16,2018,37,13,2,0.153846154,3.5,38.625,5.1221,36.995,18.14435,9.06,-2.48,11.54,3.5425,8.17,78.5905506,13.421875,991.569184
Magallanes,2018/9/23,2018,38,1,0,0,4.625,25.125,2.531575,35.28,15.0071,5.22,-4.12,9.34,0.2525,12.81233333,77.61235119,8.516369048,999.763151
Magallanes,2018/9/30,2018,39,1,0,0,3.875,27.375,3.17675,35.525,12.05785,8.4,-4.48,12.88,1.0875,9.285,76.54888393,9.376488095,998.5226563
Magallanes,2018/10/7,2018,40,1,0,0,2.9285715,33,2.4235,38.71,15.7873,10.86,-4.36,15.22,3.045,12.475,76.28522534,11.2912415,994.2786582
Magallanes,2018/10/14,2018,41,6,0,0,3.21428575,28.375,2.37765,36.995,14.06945,9.2,-0.04,9.24,3.8675,8.4075,73.61748512,15.40327381,992.6930556
Magallanes,2018/10/21,2018,42,7,0,0,5.625,24.59375,1.8995,27.685,13.2681,11.08,-2.56,13.64,3.4175,9.6175,73.04809136,10.61419513,1002.397426
Magallanes,2018/10/28,2018,43,4,0,0,4.125,21.375,4.7815,26.215,14.97978125,12.56,-0.88,13.44,5.6325,3.325357143,76.27650104,10.87959369,1003.373494
Magallanes,2018/11/4,2018,44,3,0,0,4.125,20.20833375,2.8951,24.5,9.05455,13.8,0.42,13.38,6.671875,4.406666667,75.49874657,12.40133929,992.8755382
Magallanes,2018/11/11,2018,45,16,3,0.1875,3.625,34.25,4.15925,26.46,10.5092,12.1,-0.08,12.18,5.625,8.05,74.26755952,14.31919643,989.2595486
Magallanes,2018/11/18,2018,46,7,0,0,3.625,30.125,2.859075,25.235,8.8454,13.22,1.12,12.1,7.19,7.79,72.4875,15.11102484,986.0806424
Magallanes,2018/11/25,2018,47,3,0,0,2.65625,39.5,6.749775,28.175,9.9922,12.1,-0.12,12.22,6.73,10.525,74.72410714,15.58035714,982.0777778
Magallanes,2018/12/2,2018,48,7,0,0,2.71875,35.75,4.59564375,38.22,10.2507,16.42,1.6,14.82,8.6675,10.8,74.43854167,13.64583333,997.1008681
Magallanes,2018/12/9,2018,49,4,0,0,3.375,27.125,2.6986,31.115,9.44465,15.9,2.12,13.78,8.9725,15.21,72.11443452,15.84449405,993.1960069
Magallanes,2018/12/16,2018,50,12,1,0.083333333,2.75,36.5,2.7886625,24.01,8.74905,15.84,1.22,14.62,8.7525,7.04,74.22715774,12.34821429,986.927691
Magallanes,2018/12/23,2018,51,4,0,0,3.875,33,5.2531,32.83,10.2413,15.4,1.56,13.84,8.795,3.76,71.097876,13.87155243,989.393929
Magallanes,2018/12/30,2018,52,6,0,0,3.375,33.875,5.571320943,26.215,12.80985,15.4,2.48,12.92,8.5,4.51,74.50796131,11.61488095,987.2091146
Magallanes,2019/1/6,2019,1,3,0,0,2.875,49.875,5.889814693,26.46,12.8263,13.6,2.44,11.16,7.645,2.56,71.70193452,13.06324405,985.1796875
Magallanes,2019/1/13,2019,2,2,0,0,3.375,26.75,2.865625,20.335,9.54335,13.36,1.4,11.96,7.755,8.52,70.62745536,15.14136905,989.615191
Magallanes,2019/1/20,2019,3,5,1,0.2,3.5,33.375,3.022825,27.685,13.3574,15.1,3.4,11.7,9.44,7.4475,69.96220238,13.38988095,993.8002604
Magallanes,2019/1/27,2019,4,4,1,0.25,3.875,38.75,2.84925,33.32,11.045,17.1,2.76,14.34,8.77,4.19,70.46205387,13.77308018,986.9902442
Magallanes,2019/2/3,2019,5,2,0,0,3.125,37.125,3.959475,33.565,10.38935,20.06,3,17.06,9.1575,8.955,76.39827899,11.88897516,993.1580729
Magallanes,2019/2/10,2019,6,4,0,0,3.296875,28.875,3.631975,38.22,10.41755,23,3.66,19.34,9.87,6.2275,74.20322528,12.16469332,991.5542648
Magallanes,2019/2/17,2019,7,4,0,0,5.125,20.75,3.540275,36.015,11.45625,16.7,2.98,13.72,8.845,12.38,71.80695846,13.27429477,991.8332597
Magallanes,2019/2/24,2019,8,1,0,0,3.875,24.95,1.961725,29.4,9.70785,10.4,-0.36,10.76,5.135,20.0775,70.89764493,11.70037526,994.9190161
Magallanes,2019/3/3,2019,9,2,0,0,3.625,35,4.04708125,31.85,11.4868,12.08,1.18,10.9,7.37,8.8225,74.96785622,10.20488576,1002.703654
Magallanes,2019/3/10,2019,10,5,0,0,3.375,31.5,4.0462625,25.48,9.21905,15.18,1.26,13.92,7.015,6.9625,77.53621894,12.6096985,991.9555857
Magallanes,2019/3/17,2019,11,5,0,0,5,32.75,3.11125,30.87,9.41645,15.18,0.74,14.44,7.7875,20.3,83.0671875,10.57217262,1000.645833
Magallanes,2019/3/24,2019,12,13,0,0,3.375,44.5,3.730225,26.77499895,12.23175,13.08,3.32,9.76,7.42,12.3775,81.58499729,9.855925325,999.9985322
Magallanes,2019/3/31,2019,13,6,0,0,4.625,29.875,3.861225,32.83,13.17175,13.8,0.44,13.36,8.0775,6.8025,78.2607784,11.7375894,995.0945827
Magallanes,2019/4/7,2019,14,7,0,0,3.875,31.125,5.937575,31.115,12.6571,11.88,1.1,10.78,6.065,27.49,80.09232337,17.93559136,986.0009435
Magallanes,2019/4/14,2019,15,14,0,0,4.625,33,4.6374,38.22,9.2449,10.84,-1.3,12.14,4.46,19.5925,82.62485258,12.56017543,993.7143201
Magallanes,2019/4/21,2019,16,13,0,0,2.875,45,6.87095,29.4,15.75252,9.4,-0.7,10.1,4.46,17.81142857,76.86376165,13.78430451,988.9883835
Magallanes,2019/4/28,2019,17,17,0,0,5.375,30.5,4.1658,23.6425,16.31887,10.98,-0.82,11.8,4.7975,3.785714286,84.01582233,9.484763199,1001.376498
Magallanes,2019/5/5,2019,18,15,0,0,5.25,40.25,5.57405,20.58,14.2692,8.76,-3.18,11.94,2.1175,7.705357143,84.30592974,10.02361542,991.9016531
Magallanes,2019/5/12,2019,19,22,0,0,5.625,29.875,7.19845,23.03,13.08278582,11.06,-0.52,11.58,4.7175,7.19,81.93856196,12.08414502,989.7525805
Magallanes,2019/5/19,2019,20,33,0,0,4.875,33.5,8.112175,28.91,16.20795,9.8,-0.78,10.58,3.775,7.2625,83.35818083,12.64229333,986.689386
Magallanes,2019/5/26,2019,21,31,0,0,4.75,38,6.56965,24.5,18.13025,7.76,-4.82,12.58,2.5225,23.595,79.9459558,12.45087899,995.4696768
Magallanes,2019/6/2,2019,22,23,0,0,6,30.625,7.729,23.765,14.8896,4.9,-5.04,9.94,-0.0975,9.775,79.09764816,12.19076734,1003.742361
Magallanes,2019/6/9,2019,23,21,0,0,6.140625,34,8.524825,16.17,17.83885,7.06,-0.8,7.86,2.205,12.2825,89.78003027,9.22391422,988.6880926
Magallanes,2019/6/16,2019,24,13,3,0.230769231,6.75,24,6.5369,20.610625,13.58535,8.62,-5.7,14.32,0.47,12.605,87.65001566,12.06724181,1001.1815
Magallanes,2019/6/23,2019,25,18,2,0.111111111,5.125,39.375,7.162425,16.415,19.9468,8.62,-2.4,11.02,2.105,9.1675,83.6453314,11.86039658,994.7828663
Magallanes,2019/6/30,2019,26,21,8,0.380952381,5.0714285,28.125,5.19415,20.09,16.26934375,4.6,-5.84,10.44,-1.23,38.6275,82.18412813,11.78207143,990.4780416
Magallanes,2019/7/7,2019,27,12,0,0,7.017857125,35.125,7.136225,18.865,18.13495,7.24,-6.1,13.34,-0.1259375,4.195,84.43433668,7.805345631,1005.401994
Magallanes,2019/7/14,2019,28,18,6,0.333333333,5,34,5.950675,17.15,15.8061,4.08,-1.7,5.78,1.0925,8.2625,91.48294778,6.220779221,1008.544421
Magallanes,2019/7/21,2019,29,9,4,0.444444444,5.75,38,5.583875,17.15,20.7693,5.28,-3.68,8.96,0.543125,13.0525,88.29694588,10.40406197,989.7166979
Magallanes,2019/7/28,2019,30,13,6,0.461538462,4.125,31.75,5.596975,20.825,16.54165,7.78,-3.7,11.48,1.7884375,21.7175,84.08554607,11.07440476,992.0665799
Magallanes,2019/8/4,2019,31,12,2,0.166666667,4.125,33.375,6.20285,22.295,22.32265,7.78,-3.76,11.54,1.695,12.65,84.23608631,11.79315476,994.8529514
Magallanes,2019/8/11,2019,32,8,2,0.25,3.875,28.125,5.3186,27.93,14.90135,5.44,-4.6,10.04,-0.005,23.305,77.58904309,18.61561853,988.9253434
Magallanes,2019/8/18,2019,33,5,0,0,6.375,27.25,4.404875,22.54,17.3712,4.76,-6.14,10.9,-1.4225,3.387857143,78.79716291,10.37784679,1009.964678
Magallanes,2019/8/25,2019,34,17,5,0.294117647,6.375,40.625,6.376425,17.15,24.3037,7.72,-5.56,13.28,1.3325,3.8775,85.46567815,6.936118197,1009.885665
Magallanes,2019/9/1,2019,35,14,1,0.071428571,3.96875,35.5,4.791325,20.335,19.6084,7.72,-2.12,9.84,2.1425,19.25,80.36887293,14.23136646,992.6458862
Magallanes,2019/9/8,2019,36,13,1,0.076923077,5.125,28.5,3.677825,29.4,16.24555,6.28,-3.48,9.76,0.9375,10.01,80.25756017,12.17595109,1010.649494
Magallanes,2019/9/15,2019,37,15,0,0,4.5,22,3.38635,35.77,11.8064,8.44,-5.06,13.5,1.495,7.131428571,76.43388005,12.65383023,995.8690119
Magallanes,2019/9/22,2019,38,27,0,0,3.875,32.875,3.893975,27.195,12.1166,8.06,-2.26,10.32,2.42,8.482833333,78.96403986,12.62115036,989.3199917
Magallanes,2019/9/29,2019,39,17,1,0.058823529,4.125,26.125,4.444175,38.71,13.92375,12.02,-1.38,13.4,5.0675,12.4525,76.80482955,14.54173431,991.4993608
Magallanes,2019/10/6,2019,40,15,0,0,3.5,24.25,3.952379058,30.135,9.5551,7.82,-2.84,10.66,2.6,8.0675,72.83223247,15.15727278,993.0725557
Magallanes,2019/10/13,2019,41,11,2,0.181818182,4.5,40.40625,6.592847808,30.87,17.92815,7.82,-3.04,10.86,1.7175,19.5375,72.61700752,17.02340839,990.6117282
Magallanes,2019/10/20,2019,42,20,2,0.1,5,28.625,3.8514,32.585,12.22,13.02,-0.96,13.98,5.68,3.9725,76.76922378,11.80230272,1002.251138
Magallanes,2019/10/27,2019,43,1,0,0,6,30.125,4.4016,35.525,9.3248,13.56,-1.67E-17,13.56,6.5325,5.38,75.86780362,13.02245377,995.9661184
Magallanes,2019/11/3,2019,44,4,0,0,3.75,23.75,4.63085,35.28,9.15795,13.76,-4.42,18.18,5.25,5.068571429,74.7950537,14.47657867,986.1382171
Magallanes,2019/11/10,2019,45,12,0,0,4.75,37.875,7.673325,36.995,13.8697,12.9,-0.07,12.97,4.181875,17.2875,74.41413645,15.57256117,987.1485671
Magallanes,2019/11/17,2019,46,18,0,0,4.75,47.25,7.260675,32.585,12.72055,12.9,-0.04,12.94,7.72,7.5125,82.7760449,11.55822981,989.7239697
Magallanes,2019/11/24,2019,47,14,1,0.071428571,5,46.5,6.75305,30.87,13.14913125,15.82,-0.64,16.46,7.34,13.3275,75.39104878,11.32686335,991.4117037
Magallanes,2019/12/1,2019,48,15,0,0,4.937499875,40.25,4.91905,33.075,10.34,12.58,0.58,12,6.7225,21.415,77.41804847,12.41571003,996.6828993
Magallanes,2019/12/8,2019,49,5,0,0,4,34.125,6.179925,36.75,10.70895,14.58,2.42,12.16,8.4375,8.755,72.68317389,14.03479,1000.340278
Magallanes,2019/12/15,2019,50,7,0,0,3.578125,28.910715,6.88405,33.565,10.77475,13.2,2.9,10.3,7.72,12.3175,71.28879187,12.50410936,995.2265202
Magallanes,2019/12/22,2019,51,6,0,0,3.875,38.875,9.6154,28.42,11.8628,16.86,3.68,13.18,8.555,18.42,71.79430642,11.77303019,991.4825315
Magallanes,2019/12/29,2019,52,4,0,0,4.5,35.75,9.75295,28.42,11.2847,16.86,2.34,14.52,9.265833333,7.614285714,74.53638069,13.47386128,984.6671988
Maule,2015/1/4,2015,1,19,0,0,12.59871875,24.3214625,4.14632685,23.6129236,10.3772663,34.4,9.2,25.2,21.025,0,54.15464744,7.736778846,999.8211939
Maule,2015/1/11,2015,2,20,0,0,14.99619,29.80822,3.31910115,33.036829,12.5823606,34.4,10.1,24.3,21.8125,0,55.87820513,7.776642628,999.2434896
Maule,2015/1/18,2015,3,19,1,0.052631579,30.32816247,33.87579375,3.721005875,35.035637,12.1836361,33.7,12.2,21.5,21.8,0,56.57491987,8.546474359,1000.286919
Maule,2015/1/25,2015,4,25,0,0,23.80040313,24.49144844,3.129599825,35.721931,12.2122309,33.7,12.1,21.6,20.9125,0,67.76643499,7.051630435,1001.663924
Maule,2015/2/1,2015,5,28,1,0.035714286,13.10727219,32.6073425,3.412841475,28.064701,12.3548618,33.4,10.5,22.9,22.05,0,56.02724359,7.711939103,999.5536458
Maule,2015/2/8,2015,6,21,0,0,14.42019719,38.29967188,2.773214325,28.23034795,14.02258865,33.6,10.5,23.1,21.975,0,55.79887821,7.577323718,999.5962139
Maule,2015/2/15,2015,7,20,0,0,16.44771688,41.13183188,4.9289929,36.9802265,15.5292747,34.5,10.8,23.7,21.35,0,52.34334936,8.059294872,1001.438842
Maule,2015/2/22,2015,8,14,0,0,24.25328656,43.52381563,4.6694295,40.790393,16.54380025,32.7,8.9,23.8,18.9,0,57.35737179,7.620793269,1001.121274
Maule,2015/3/1,2015,9,20,0,0,14.48390781,30.79293219,2.817939035,31.7690765,14.3610709,32.5,9.9,22.6,18.8875,0,69.77684295,4.895833333,1000.882572
Maule,2015/3/8,2015,10,19,0,0,13.70888313,33.22145656,3.3545039,29.3721435,13.8164302,31.7,10.3,21.4,19.675,0,62.51402244,6.294270833,1000.50599
Maule,2015/3/15,2015,11,31,0,0,19.54834594,49.1758375,4.11169045,33.8651005,17.34420085,33.9,8.8,25.1,20.275,0,53.66626603,7.645633013,998.5378405
Maule,2015/3/22,2015,12,32,0,0,17.1316475,49.24508656,4.4362888,24.76301485,17.62043865,33.2,7.2,26,19.5375,0,56.5088141,6.280248397,1000.745433
Maule,2015/3/29,2015,13,23,0,0,13.25202031,51.82732344,3.426327925,18.72372075,18.16864665,30.1,10.2,19.9,19.4,1.4,69.61858974,5.132011218,1002.734856
Maule,2015/4/5,2015,14,32,0,0,13.67800094,42.42102656,4.09931095,26.8430575,17.11358125,29.2,5.4,23.8,16.1,0,65.46754808,6.139623397,1003.055288
Maule,2015/4/12,2015,15,40,0,0,17.91864438,61.47780938,4.032045725,31.044244,19.24847165,29.2,7.5,21.7,16.2125,0,69.6015625,5.190104167,1000.538542
Maule,2015/4/19,2015,16,39,0,0,20.79895875,51.37494688,3.9817319,34.317787,18.72526765,28.3,2.6,25.7,13.5,15.4,68.39583333,4.486979167,1003.046875
Maule,2015/4/26,2015,17,57,2,0.035087719,31.02545031,46.08901875,5.062524475,34.33115175,22.38065505,23.5,4.1,19.4,12.325,7.5,77.09375,4.816287879,1002.689583
Maule,2015/5/3,2015,18,53,0,0,34.96907875,67.87176875,5.137672625,34.722135,23.06791725,23.4,2.6,20.8,11.075,13.1,79.875,4.7734375,1003.321094
Maule,2015/5/10,2015,19,39,0,0,30.65936156,55.2046,5.32699055,23.4563931,20.71777625,21.6,0.4,21.2,9.8625,0,76.78125,6.151041667,1003.610417
Maule,2015/5/17,2015,20,41,0,0,41.2886825,46.32381563,6.243882475,24.63330205,17.95050555,23.2,1.4,21.8,10.575,0,82.23177083,4.473011364,1003.086719
Maule,2015/5/24,2015,21,40,3,0.075,38.67630594,37.88327844,4.578551525,24.50087955,19.3690243,23.3,0.6,22.7,10.3375,0,81.69010417,5.788589015,1005.010677
Maule,2015/5/31,2015,22,59,3,0.050847458,47.86983906,45.05870188,5.46028305,23.8388577,29.999301,19,-2.2,21.2,6.725,5.5,83.11197917,4.731770833,1005.716146
Maule,2015/6/7,2015,23,53,8,0.150943396,36.69147344,49.58953188,5.489158725,11.5858736,30.600807,19.2,2.4,16.8,11.0875,18.7,87.8125,6.953125,1003.892448
Maule,2015/6/14,2015,24,66,5,0.075757576,33.91225313,65.69022813,4.68835245,14.8192268,24.9059486,16.7,-1.4,18.1,7.375,8.2,83.94791667,4.716145833,1007.976042
Maule,2015/6/21,2015,25,66,14,0.212121212,43.13434688,78.40973125,7.45929065,16.8433384,40.1030085,16.2,-1.4,17.6,5.6625,0,80.8125,5.09469697,1007.118229
Maule,2015/6/28,2015,26,70,20,0.285714286,41.51461563,94.7226625,6.321761975,11.39783145,32.189783,20.4,-1.5,21.9,7.075,0.3,81.484375,5.627604167,1003.84974
Maule,2015/7/5,2015,27,67,19,0.28358209,47.34128438,86.25739844,7.2389028,12.75395765,35.0571355,18.3,-3.6,21.9,6.3125,38.4,84.421875,5.25,1004.93151
Maule,2015/7/12,2015,28,81,23,0.283950617,40.38288125,61.67075844,5.509856725,13.65012845,27.0819687,15,0.5,14.5,9.325,127,90.64583333,6.447916667,1003.334375
Maule,2015/7/19,2015,29,85,26,0.305882353,32.95486438,49.59897375,5.1932199,22.22635835,22.88253985,16.7,-0.1,16.8,7.7875,9.7,82.375,6.033854167,1006.872396
Maule,2015/7/26,2015,30,60,33,0.55,43.45440313,56.99602813,6.672616,15.94372535,30.57535415,17.5,-1.9,19.4,7.3875,3.1,83.578125,5.701704545,1006.730208
Maule,2015/8/2,2015,31,107,49,0.457943925,32.6380575,54.11310938,4.62038965,11.59109455,25.358239,16.7,2.3,14.4,9.8,49.1,88.10677083,7.9921875,1002.026563
Maule,2015/8/9,2015,32,115,44,0.382608696,23.19297375,51.040235,4.169680875,14.35230605,20.35748835,18.9,4,14.9,10.9125,132.4,83.29947917,7.854166667,997.6526042
Maule,2015/8/16,2015,33,138,56,0.405797101,28.66470938,52.32210594,4.59058715,20.82404205,18.2249973,13.7,1.1,12.6,7.2625,35.6,80.78966346,5.749198718,1007.16867
Maule,2015/8/23,2015,34,152,49,0.322368421,29.35501281,57.17958438,4.448350625,20.26544205,21.13950255,18.9,-0.7,19.6,9.3125,7.8,79.13541667,6.174479167,1004.705208
Maule,2015/8/30,2015,35,121,50,0.41322314,26.91394875,54.65823469,4.386950925,17.1559535,22.18507865,22.5,4.8,17.7,12.4,9.5,80.63849432,6.817708333,1002.649479
Maule,2015/9/6,2015,36,102,33,0.323529412,20.53911344,48.79137188,4.896239625,23.96264885,21.39196305,23.3,3.3,20,12.4625,7.3,75.97395833,6.395833333,1003.75625
Maule,2015/9/13,2015,37,84,28,0.333333333,18.63229906,36.78111438,5.721556,19.9810142,17.6329383,20.2,0.6,19.6,9.625,24.5,75.58072917,7.260416667,1006.986719
Maule,2015/9/20,2015,38,99,29,0.292929293,21.37216188,39.51702188,5.31653675,24.5632247,20.99593165,20.2,2.5,17.7,10.5625,11.5,70.92097356,5.297776442,1003.459255
Maule,2015/9/27,2015,39,84,22,0.261904762,22.86020281,45.56846344,4.4464806,22.6632203,16.30875325,20.7,-0.1,20.8,11.3625,28.9,75.52183494,5.763421474,1004.046815
Maule,2015/10/4,2015,40,63,11,0.174603175,16.70535438,40.66246688,4.3261702,23.6616394,14.2169642,22.1,6.2,15.9,13.1625,24.1,83.00620994,6.077724359,1002.217208
Maule,2015/10/11,2015,41,73,8,0.109589041,13.62108813,39.40819063,4.46849515,30.9797845,15.50803305,23.7,2.1,21.6,11.125,6.2,64.29146635,6.388020833,1006.618309
Maule,2015/10/18,2015,42,76,6,0.078947368,15.1163925,33.81594594,5.04574665,32.2003745,16.21781295,23.7,2.3,21.4,12.3,50.3,67.29527244,5.734775641,1003.01883
Maule,2015/10/25,2015,43,61,6,0.098360656,14.67729938,31.72098438,4.969108375,27.206466,15.51223015,24.1,4.6,19.5,13.8625,7.5,70.07772436,5.766826923,1002.41885
Maule,2015/11/1,2015,44,60,1,0.016666667,14.29976719,33.84635625,6.103981025,32.9523775,14.09448925,23.9,4.9,19,14.8125,0,68.18870192,7.206129808,1005.18774
Maule,2015/11/8,2015,45,64,6,0.09375,17.045045,33.65186875,5.286416575,36.2921685,11.6792274,27.1,9.1,18,15.375,0,73.34535256,4.91005609,1003.946554
Maule,2015/11/15,2015,46,59,1,0.016949153,13.3138325,29.95123125,5.2593356,35.300188,10.94995895,28,5.1,22.9,16.375,2.6,67.16726763,7.048477564,1002.415264
Maule,2015/11/22,2015,47,31,0,0,11.44251406,27.37695625,5.5403175,35.1986845,10.3650228,25.2,5.9,19.3,15.075,7.1,64.52003205,7.563902244,1002.80627
Maule,2015/11/29,2015,48,38,1,0.026315789,13.187775,28.33120531,6.235432975,30.6605005,10.78976885,30.9,7,23.9,16.8875,0,61.51522436,7.204727564,1001.745753
Maule,2015/12/6,2015,49,32,0,0,14.66032813,34.99915938,6.080571325,33.094306,10.1271229,31.4,7.6,23.8,19.2625,0,63.85576923,7.324519231,1000.73123
Maule,2015/12/13,2015,50,24,0,0,13.39681472,33.34128125,6.00760105,35.9668085,9.7648469,31.6,8.8,22.8,19.275,0,58.75981571,8.603165064,1000.811739
Maule,2015/12/20,2015,51,30,0,0,11.92117128,30.47193125,5.607897125,36.1950505,11.32346795,29.7,7.4,22.3,17.76964286,0,57.79485358,7.849832459,1001.007674
Maule,2015/12/27,2015,52,25,0,0,13.40026188,27.2512875,5.904258425,32.500867,11.59149015,33.9,8.7,25.2,19.8,0,57.16644814,7.171947844,999.693872
Maule,2016/1/10,2016,1,26,0,0,12.47658477,31.11903409,3.694411982,25.51784582,9.935504327,32.2,12.1,20.1,21.51818182,0,62.05769231,6.164772727,999.5901661
Maule,2016/1/17,2016,2,27,0,0,13.01442,29.3337625,3.633989125,32.8189995,10.3225912,32.9,12.3,20.6,21.375,0,60.77724359,6.303485577,1001.535477
Maule,2016/1/24,2016,3,32,0,0,16.52250969,33.0518,3.80591025,28.058135,10.85054925,34.7,14,20.7,22.1375,3.2,62.12900641,6.631810897,999.7336939
Maule,2016/1/31,2016,4,22,0,0,12.14260688,27.46380938,3.650593375,27.708912,11.0285782,33.4,11.9,21.5,21,0,64.90985577,6.296073718,1000.886799
Maule,2016/2/7,2016,5,17,0,0,16.43717781,35.65106875,3.030511425,30.77543,10.14545995,32.3,11.6,20.7,21.6375,0,61.5444189,6.042363434,999.5104498
Maule,2016/2/14,2016,6,9,0,0,14.39729219,32.6993125,3.0261262,31.739946,12.27697105,33.3,10.8,22.5,20.4875,0,60.80128205,6.804487179,1000.713421
Maule,2016/2/21,2016,7,7,0,0,13.94352875,34.2287325,3.7188804,31.235638,14.17084075,33.8,9.7,24.1,20.575,0,58.32512019,7.799479167,998.507492
Maule,2016/2/28,2016,8,18,0,0,16.20845094,39.30707625,3.865839475,26.97431625,15.0534843,33.6,10.1,23.5,20.825,0,54.00861378,8.01181891,999.9754006
Maule,2016/3/6,2016,9,19,0,0,20.35466469,40.92268781,4.336077075,29.844871,13.9226784,33.9,10.1,23.8,20.1125,0,58.80548878,5.838541667,1000.424559
Maule,2016/3/13,2016,10,21,0,0,18.3211075,37.39344688,3.66774455,29.927975,12.817981,32.6,9.9,22.7,18.35,0,68.50160256,5.627604167,1002.165725
Maule,2016/3/20,2016,11,28,1,0.035714286,20.90493625,39.84624063,3.773717,33.5229825,14.39496495,31.1,6.8,24.3,17.3875,0,64.24799679,5.427083333,1001.705248
Maule,2016/3/27,2016,12,23,0,0,26.70405938,47.88120719,4.240139225,48.139021,16.0562481,29.5,7.4,22.1,17,0,66.34214744,5.052083333,1000.908594
Maule,2016/4/3,2016,13,26,0,0,27.22891719,38.61736875,3.55938135,32.607932,17.0886877,27.8,8.3,19.5,16.0203125,0,72.82011218,5.020123106,1002.95629
Maule,2016/4/10,2016,14,24,0,0,19.74374781,49.27379375,4.409443625,24.06794005,16.7570604,23.7,5.9,17.8,13.3875,0,74.07772436,5.8125,1003.328385
Maule,2016/4/17,2016,15,29,0,0,20.02212094,48.46217938,4.255250075,17.83745775,20.24355095,26.3,5.9,20.4,13.7375,109.5,83.46638258,6.239630682,1001.307481
Maule,2016/4/24,2016,16,23,0,0,20.48350844,38.12220281,3.649726483,20.54050845,16.7235917,20,7.1,12.9,12.9484375,79.9,82.6328125,5.456439394,1002.985417
Maule,2016/5/1,2016,17,24,0,0,32.92669969,99.0475875,4.269968908,17.2446239,27.62714285,22.1,0.6,21.5,11.0984375,3.2,74.08333333,4.370028409,1003.459115
Maule,2016/5/8,2016,18,34,0,0,35.2572375,92.78512188,3.40865275,14.0644749,24.719838,21.2,6.3,14.9,13.4234375,0.2,85.72585227,3.985842803,1003.14053
Maule,2016/5/15,2016,19,44,0,0,31.74221875,50.86105156,3.873123075,8.38846435,24.263092,20.1,4.5,15.6,12.4109375,9,83.87997159,4.349195076,1002.723769
Maule,2016/5/22,2016,20,42,0,0,31.65276281,93.148875,4.048293,9.10875945,21.97190075,20.1,2.8,17.3,11.6625,14.3,86.07552083,3.959611742,1003.9
Maule,2016/5/29,2016,21,58,1,0.017241379,38.69181875,112.0582125,4.37949375,7.2079343,27.318562,21.8,2.8,19,11.2,10.7,85.6015625,4.166477273,1004.439063
Maule,2016/6/5,2016,22,50,0,0,24.98246219,92.76236844,3.21770715,8.239399,26.33009795,17.9,2.6,15.3,8.9453125,18.4,86.79592803,3.797585227,1004.717732
Maule,2016/6/12,2016,23,66,3,0.045454545,39.83394063,94.06076563,5.793406225,8.34243865,35.13954295,15.2,-2.2,17.4,5.325,1.5,86.6015625,4.251893939,1009.133854
Maule,2016/6/19,2016,24,71,8,0.112676056,46.91323438,91.40321563,5.251079325,6.5509521,37.411483,13.1,-2.5,15.6,5.775,1.5,89.53125,4.156628788,1007.383854
Maule,2016/6/26,2016,25,75,11,0.146666667,52.52575625,101.5536047,5.06843585,7.23489165,32.672003,15.4,-0.3,15.7,6.5625,0,86.4375,4.106770833,1006.863281
Maule,2016/7/3,2016,26,90,26,0.288888889,50.16695781,93.42174219,4.968289625,8.30284175,30.6275265,18.7,-0.7,19.4,6.83125,1.2,86.07708333,4.065893308,1004.768438
Maule,2016/7/10,2016,27,117,37,0.316239316,44.52938969,60.13484219,5.903714775,7.67708725,29.7718445,16.6,-0.2,16.8,6.6875,36.6,85.1796875,5.18655303,1006.453906
Maule,2016/7/17,2016,28,143,41,0.286713287,26.88843063,58.91934063,4.482607125,11.82840645,23.81346415,16.7,-1.6,18.3,7.7125,114.9,83.75,7.145833333,1003.269531
Maule,2016/7/24,2016,29,124,45,0.362903226,34.39487719,73.42139688,4.800802195,7.2388386,28.17904975,19.1,0.8,18.3,9.8375,75.3,87.109375,5.783854167,1004.043229
Maule,2016/7/31,2016,30,87,30,0.344827586,31.77834219,77.35857188,4.668284233,9.5282852,26.5224196,18.3,3.7,14.6,9.3375,49.4,85.5859375,4.456439394,1004.821875
Maule,2016/8/7,2016,31,95,32,0.336842105,36.24708969,76.39436875,3.209901188,12.3091773,26.7990475,18.5,-0.1,18.6,8.8125,0.1,84.88210227,4.722537879,1007.266856
Maule,2016/8/14,2016,32,115,30,0.260869565,37.63007813,57.4977875,3.108410575,12.44972645,29.134407,19.7,2,17.7,11.05,4.3,84.84043561,5.021306818,1006.499929
Maule,2016/8/21,2016,33,108,25,0.231481481,23.38641844,53.07595813,2.8287747,18.4001615,23.8784205,22.4,0.7,21.7,10.1875,3.9,78.72916667,6.083333333,1008.270573
Maule,2016/8/28,2016,34,147,66,0.448979592,24.40545344,51.61890938,2.853646033,26.0574111,23.1492907,21.9,2.2,19.7,10.1625,0,75.14322917,6.027225379,1005.29349
Maule,2016/9/4,2016,35,96,21,0.21875,26.20814281,58.93834688,3.064126025,24.39933685,21.4218574,21.6,-0.7,22.3,8.275,0,62.83072917,6.465672348,1009.560156
Maule,2016/9/11,2016,36,88,15,0.170454545,25.50307656,64.68612188,3.293847625,25.77886815,28.14590535,24.4,-0.5,24.9,11.575,3.9,62.31510417,5.490056818,1005.608073
Maule,2016/9/18,2016,37,54,9,0.166666667,24.53503063,44.6938325,2.926320575,30.3670885,21.15729675,23.4,4.2,19.2,12.425,6.6,77.48457532,6.405740093,1006.070353
Maule,2016/9/25,2016,38,51,4,0.078431373,21.45100781,51.79906094,3.258051875,27.0212558,21.227409,27.6,4.3,23.3,14.2375,0,68.72896635,6.508012821,1003.340645
Maule,2016/10/2,2016,39,59,13,0.220338983,18.11630625,38.18283281,2.862137125,31.699325,16.1514748,25.5,3.6,21.9,13.6375,0,73.44173535,7.017971612,1003.738773
Maule,2016/10/9,2016,40,45,3,0.066666667,13.26693656,35.63233125,3.292354225,30.2331225,20.28218025,25.7,3,22.7,13.85,0,62.39923878,6.908253205,1005.834655
Maule,2016/10/16,2016,41,37,2,0.054054054,12.09383281,25.72042563,3.139254525,21.5564181,15.2319527,26.6,6.4,20.2,14.3,45.5,75.81049679,6.86338141,1002.203606
Maule,2016/10/23,2016,42,33,2,0.060606061,9.67562875,27.36438344,2.865814623,32.056094,15.0102396,24.9,2,22.9,12.9,10.9,70.97475962,6.924278846,1003.982452
Maule,2016/10/30,2016,43,39,1,0.025641026,14.479215,26.27547938,3.236474865,34.44357,16.02425755,31.2,7.4,23.8,16.6,0,69.49078526,6.963741987,1004.114203
Maule,2016/11/6,2016,44,28,0,0,9.973085938,26.50992281,3.024711728,33.9606015,14.12458805,30.8,5.1,25.7,17,12.4,66.31710737,8.074519231,1004.936458
Maule,2016/11/13,2016,45,27,0,0,14.00389875,33.70323438,2.820787958,35.109921,14.8214641,28.2,8,20.2,18.2484375,0,59.27103365,8.434294872,1002.702183
Maule,2016/11/20,2016,46,12,0,0,14.38322594,34.57012219,2.965640225,37.165275,15.123566,32.2,7.2,25,17.575,0,59.16606571,7.556490385,1002.578846
Maule,2016/11/27,2016,47,28,0,0,10.47743938,26.04723781,2.705153275,29.9513725,11.0219794,30.2,10.5,19.7,18.1,0,65.72816506,6.904246795,1001.918409
Maule,2016/12/4,2016,48,16,0,0,14.83540906,31.82238656,2.818671325,37.7540835,11.6479301,36.6,9.5,27.1,19.75,0,62.86979167,7.770833333,1001.257272
Maule,2016/12/11,2016,49,17,0,0,10.55412,24.76822219,2.856208065,34.435828,13.4057066,31,9.1,21.9,18.775,0,62.96624164,7.991647506,1003.157169
Maule,2016/12/18,2016,50,19,0,0,19.25158406,28.3220025,3.502646233,37.764545,14.3925609,34.3,9.6,24.7,20.9875,0,58.15124199,8.229767628,1002.009275
Maule,2016/12/25,2016,51,14,0,0,20.40196594,27.42425281,3.127032225,33.8937655,11.93777675,33,9.5,23.5,19.6625,0,56.4677484,8.395833333,1001.073498
Maule,2016/12/31,2016,52,16,0,0,14.21069786,20.35755929,2.9204092,32.027128,12.04930943,34.7,9.5,25.2,19.35714286,0,66.28754579,7.367445055,1000.674702
Maule,2017/1/8,2017,1,8,0,0,15.26632778,32.60748056,3.091393311,34.21809378,13.87517289,33.7,9.5,24.2,21.05555556,0.1,56.60612536,8.073896011,1001.759135
Maule,2017/1/15,2017,2,15,0,0,10.94833406,30.62263438,2.98030895,30.7259155,12.8468249,35.1,9.7,25.4,22.3625,3.3,57.03285256,8.506410256,1000.51875
Maule,2017/1/22,2017,3,11,0,0,27.65437844,42.9644625,3.316163803,30.7110685,16.1903901,36.4,9.7,26.7,23.625,0,50.93229167,9.104567308,1000.537821
Maule,2017/1/29,2017,4,7,0,0,55.2409525,45.67629688,3.307226,39.770213,17.10150155,37.3,13.9,23.4,24.2,0,56.25160256,7.900440705,1000.271254
Maule,2017/2/5,2017,5,12,0,0,31.74999656,38.21436563,3.1411573,37.3090165,15.48986285,35,10.1,24.9,21.2046875,0.1,55.52495994,7.322716346,999.7726162
Maule,2017/2/12,2017,6,9,0,0,16.50415781,34.19746563,3.211788243,32.6161885,15.35758135,33.8,10.3,23.5,21.4875,0,52.61394231,7.974158654,1000.086579
Maule,2017/2/19,2017,7,14,0,0,22.10926688,31.37792188,2.85973,28.0750645,14.9250897,33.8,8.3,25.5,20.9625,0,62.16225962,6.336137821,1001.665885
Maule,2017/2/26,2017,8,9,0,0,14.58455813,28.77368438,2.961048675,21.16232825,12.81258305,34.8,12.6,22.2,24.4875,0,64.37179487,7.247195513,999.5919671
Maule,2017/3/5,2017,9,13,0,0,12.03053063,26.1040625,3.09258905,25.71656465,14.1484241,32.8,9.6,23.2,21.0375,0.1,62.78285256,6.773036859,1000.388682
Maule,2017/3/12,2017,10,13,0,0,13.56295969,36.74179688,3.425954575,35.0687365,19.7237145,32.5,6.9,25.6,16.95,1,56.33052885,7.194911859,1002.078806
Maule,2017/3/19,2017,11,21,0,0,19.35586,35.05962188,3.338269398,33.4583515,18.95976945,32.5,6.9,25.6,18.875,0,61.05448718,6.483625975,1001.491457
Maule,2017/3/26,2017,12,20,0,0,20.56741344,33.82806563,2.944905545,33.758795,16.86748455,31.2,10.8,20.4,18.425,0,68.78545673,5.616786859,1002.014483
Maule,2017/4/2,2017,13,13,0,0,22.67588188,37.30329875,2.77921085,26.9245935,17.3522778,28.9,3.5,25.4,16.275,0,68.40685096,4.531650641,1003.246234
Maule,2017/4/9,2017,14,26,0,0,18.58853531,40.9444275,2.767463425,26.4119163,20.09248825,26,3.5,22.5,14.425,14.1,70.80008013,5.379407051,1003.358922
Maule,2017/4/16,2017,15,13,0,0,21.54632,62.792975,2.824920025,22.81166335,23.1594239,27.5,3.9,23.6,14.4,0,70.52135417,4.534895833,1001.378438
Maule,2017/4/23,2017,16,20,0,0,20.53118,46.27214375,2.920214993,22.59460315,22.34081315,24.6,5.8,18.8,13.8625,15.2,78.01822917,5.059895833,1003.539844
Maule,2017/4/30,2017,17,34,1,0.029411765,23.45903438,56.00117188,3.7841839,24.3195575,28.565237,22.7,2.8,19.9,10.9375,3,77.29166667,5.026041667,1005.533854
Maule,2017/5/7,2017,18,33,1,0.03030303,29.09215938,52.5284625,3.147461675,24.8975615,22.883642,22,2.9,19.1,12.2625,31.8,80.90625,6.21875,1001.826302
Maule,2017/5/14,2017,19,51,0,0,18.46875,62.15625,2.701875,15.19,20.5531,21.6,7.4,14.2,13.4125,39.6,81.6328125,6.651041667,1001.132031
Maule,2017/5/21,2017,20,53,1,0.018867925,27.1640625,54.46875,2.9213,15.68,19.505,19.1,0.7,18.4,9.225,60.1,81.8359375,4.908854167,1005.577344
Maule,2017/5/28,2017,21,57,2,0.035087719,41.58984375,65.921875,2.911475,11.27,27.6407,16.9,0.8,16.1,7.325,0.5,80.30729167,3.895833333,1005.911458
Maule,2017/6/4,2017,22,62,2,0.032258065,44.3671875,75.5625,3.0785,16.905,26.6772,16.4,-0.5,16.9,6.3,0.5,86.41927083,3.9609375,1007.422656
Maule,2017/6/11,2017,23,84,5,0.05952381,35.71875,56.25,4.057725,12.005,29.1212,13.9,-1.7,15.6,6.2,18.4,84.5546875,4.838541667,1009.000521
Maule,2017/6/18,2017,24,88,8,0.090909091,33.49107156,64.1875,3.1571,16.415,21.3662,18.1,-0.5,18.6,6.9625,56.9,83.22135417,7.955729167,1003.895052
Maule,2017/6/25,2017,25,98,11,0.112244898,32.375,67.0625,3.835025,11.76,13.9966,15.2,-0.5,15.7,8.5,120.1,85.953125,6.703125,1001.277604
Maule,2017/7/2,2017,26,76,16,0.210526316,32.25,69.59375,3.6156,15.435,19.4204,17.1,4.1,13,10.225,69.1,90.42447917,5.122916667,1004.376042
Maule,2017/7/9,2017,27,88,33,0.375,41.1875,71.25,3.848125,9.585625,26.5409,18.3,0.3,18,8.6375,18.6,88.30208333,5.330729167,1006.408073
Maule,2017/7/16,2017,28,121,47,0.388429752,27.75,59.01339281,3.352196335,15.68,21.09125,15.1,-0.8,15.9,6.4375,57.125,80.08341568,6.913398224,1007.945649
Maule,2017/7/23,2017,29,107,43,0.401869159,39.1,58.9375,4.852614333,14.7,29.8732,17.9,-2.2,20.1,6.4,8.3,84.41264205,5.413276177,1008.921709
Maule,2017/7/30,2017,30,82,34,0.414634146,43.53125,68.34375,3.835025,12.005,26.17195,14.6,-1.6,16.2,5.9125,6.9,83.74739583,4.508522727,1007.190365
Maule,2017/8/6,2017,31,73,23,0.315068493,50.59375,62.21875,3.153825,18.865,24.1909,17.8,-2.3,20.1,6.2625,1.7,80.51302083,5.366666667,1006.945573
Maule,2017/8/13,2017,32,83,33,0.397590361,24.6875,52.8203125,2.966740625,14.945,22.7856,19.8,3.6,16.2,9.625,66.7,81.9921875,7.619791667,1004.669271
Maule,2017/8/20,2017,33,95,30,0.315789474,25.09375,36.34375,3.186575,14.21,20.89855,18.6,0.8,17.8,8.35,31.4,81.90885417,6.361979167,1008.795313
Maule,2017/8/27,2017,34,100,25,0.25,49.65625,41.6875,3.2095,22.785,18.46865,19.8,0.6,19.2,9.125,34.4,80.8515625,6.989583333,1004.348177
Maule,2017/9/3,2017,35,88,25,0.284090909,26.625,56.6028625,3.1964,27.93,31.7391,20.8,-0.8,21.6,8.8125,19.9,77.5546875,6.125,1006.925521
Maule,2017/9/10,2017,36,73,7,0.095890411,22.0390625,38.41406125,3.15055,33.411875,21.36385,17.7,0.3,17.4,8.75,0,72.02604167,5.682291667,1008.184896
Maule,2017/9/17,2017,37,46,6,0.130434783,21.421875,32.625,3.311025,29.89,18.9081,26.6,0.6,26,10.6,0,69.52644231,6.013221154,1008.270913
Maule,2017/9/24,2017,38,51,6,0.117647059,21.21875,28.90625,2.870128125,33.81,16.8636,26.6,4.9,21.7,12.6375,0,74.37680288,6.570112179,1005.938261
Maule,2017/10/1,2017,39,35,5,0.142857143,19.0625,34.53125,2.937675,29.645,16.6603243,22.8,6.4,16.4,12.55,25.4,72.94591346,6.684695513,1004.300701
Maule,2017/10/8,2017,40,56,1,0.017857143,14.25,21.88541688,2.9737,29.89,13.8885,22.5,2.6,19.9,11.8625,25.6,76.46053686,7.203325321,1004.895994
Maule,2017/10/15,2017,41,45,2,0.044444444,13.828125,27.52604188,5.44305,35.77,13.73575,23.4,3.9,19.5,12.525,0,68.37520032,7.020833333,1005.774239
Maule,2017/10/22,2017,42,31,1,0.032258065,16.03125,27.34375,6.53035,35.525,18.0997,26.5,4.5,22,13.8875,0,69.52524038,7.789863782,1003.511398
Maule,2017/10/29,2017,43,36,2,0.055555556,10.53125,22.75892844,6.520525,32.095,15.5993,26.5,6.3,20.2,14.8375,2.3,65.63521635,7.001201923,1004.026703
Maule,2017/11/5,2017,44,23,0,0,10.25,21.12946438,4.699625,22.815625,15.604,26,4,22,13.45,25.1,72.16623741,6.47029533,1004.261504
Maule,2017/11/12,2017,45,32,1,0.03125,11.65625,26.41964281,4.542425,26.215,16.8824,29.7,10.5,19.2,18.475,0,67.87139423,6.800280449,1002.194171
Maule,2017/11/19,2017,46,20,0,0,12.5,29.12760406,3.199675,29.89,14.32325,29.7,6,23.7,17.425,0,59.12560096,8.834334936,1003.380689
Maule,2017/11/26,2017,47,27,0,0,14.50390625,32.640625,3.520625,32.095,14.95775,30.2,8.7,21.5,18.73035714,0,55.53182234,8.730225504,1002.842611
Maule,2017/12/3,2017,48,31,0,0,15.6875,30.66666688,2.734625,28.665,10.90165,30.9,10.5,20.4,18.4625,0,64.36899038,7.213541667,1001.064163
Maule,2017/12/10,2017,49,27,0,0,14.96875,27.07291688,3.396175,31.85,12.4644,33.1,8.8,24.3,19.925,0,61.99999129,6.76520694,1001.226856
Maule,2017/12/17,2017,50,23,0,0,12.05,24.53125,4.451953125,28.91,8.0041,33.2,10.3,22.9,20.3,0,62.94090545,8.183894231,1001.883313
Maule,2017/12/24,2017,51,21,0,0,13.0125,32.65625,8.48225,27.44,13.94225625,33.1,10.3,22.8,20.7125,0,50.69451122,8.892828526,1001.714643
Maule,2017/12/31,2017,52,12,0,0,11.75,23.91796875,8.577225,21.315,22.47775,33.6,11,22.6,22.375,0.6,56.29106571,7.923277244,1001.902764
Maule,2018/1/7,2018,1,14,0,0,9.385416656,26.0625,8.3709,24.01,15.9236,32.7,10.7,22,21.4625,0.1,57.08213141,8.322516026,1002.776663
Maule,2018/1/14,2018,2,19,0,0,12.83072916,28,6.612225,21.315,12.04375,33.8,12.8,21,22.3125,0,61.51282051,7.014022436,1000.208193
Maule,2018/1/21,2018,3,7,0,0,13.125,27.40625,5.22035,24.285625,11.50325,32.2,13.7,18.5,21.15625,0,63.28625801,7.038862179,1000.859575
Maule,2018/1/28,2018,4,19,0,0,14.34375,29.75,3.87105,28.175,14.4431,32.9,10.5,22.4,20.9625,0,59.10757212,7.077323718,998.9401442
Maule,2018/2/4,2018,5,10,0,0,17.0625,33.9609375,2.659955,26.95,13.0848,35.1,10.1,25,21.75,0,56.75600962,7.263822115,997.7353365
Maule,2018/2/11,2018,6,11,0,0,14.375,34,2.79816,28.175,16.6239,33.9,9.3,24.6,20.55,0,56.8818109,8.028645833,1001.536218
Maule,2018/2/18,2018,7,8,1,0.125,15.96875,33.5625,3.01955,28.42,15.3079,33.5,9.5,24,21.55,0,58.1810462,7.027382943,1000.288002
Maule,2018/2/25,2018,8,7,0,0,11.9375,23.9453125,2.65275,21.56,14.57235,32.7,11.4,21.3,21.2625,0.4,63.69951923,5.671674679,1001.18149
Maule,2018/3/4,2018,9,10,0,0,13.54166656,25.9375,2.62,22.785,14.00365,32,11,21,20,0,63.27924679,6.272836538,1001.674279
Maule,2018/3/11,2018,10,19,0,0,16.05520844,34.09375,2.65275,25.725,16.32075,32.6,8.2,24.4,18.6375,0,61.73096955,6.992588141,1000.796835
Maule,2018/3/18,2018,11,19,0,0,11.71503,34.28125,2.662575,26.852,20.1348,28.6,7.4,21.2,15.68571429,33.8,63.6181891,7.724959936,1001.973538
Maule,2018/3/25,2018,12,36,1,0.027777778,12.89806563,35.80859375,2.65275,27.685,20.73405,27.6,7,20.6,15.85,0,66.90504808,7.057965472,1002.35595
Maule,2018/4/1,2018,13,27,0,0,16.546875,37.40625,2.66585,27.195,23.47885,28.9,7,21.9,17.4,0,67.26081731,7.367788462,1001.278666
Maule,2018/4/8,2018,14,47,0,0,17.69140625,35.09375,2.62,24.5,17.6485,26.5,6.5,20,15.575,0.5,73.37660256,5.035456731,1001.928646
Maule,2018/4/15,2018,15,33,1,0.03030303,17.43229188,35.15625,2.630916885,18.375,19.32405,26.2,5.3,20.9,13.65,6.2,77.47916667,6.393229167,1003.014583
Maule,2018/4/22,2018,16,49,0,0,26.796875,37.4375,2.706241885,23.275,25.3048,23.6,4.7,18.9,13.125,0,79.09114583,5.263020833,1003.533854
Maule,2018/4/29,2018,17,42,1,0.023809524,28.24553563,47.34375,2.714975,18.62,26.3341,23.6,3.5,20.1,11.9875,0,77.00544508,5.1328125,1004.147562
Maule,2018/5/6,2018,18,35,1,0.028571429,26.56770844,54.78125,2.623275,17.885,26.8887,25,3.5,21.5,12.0203125,0,76.8489037,5.191597465,1003.320613
Maule,2018/5/13,2018,19,41,5,0.12195122,23.75,55.9375,2.708425,15.68,26.34585,23.4,2.2,21.2,12.2375,9.2,81.2724359,4.390224359,1004.473738
Maule,2018/5/20,2018,20,24,0,0,30.921875,71.3125,2.9213,16.17,31.99995,20.6,2.9,17.7,11.3125,9.4,81.83072917,5.041666667,1005.514323
Maule,2018/5/27,2018,21,50,6,0.12,39.56770844,70.65625,2.714975,14.945,37.9713,22.8,-2.1,24.9,7.4,0.2,81.22750947,4.90719697,1004.932718
Maule,2018/6/3,2018,22,59,9,0.152542373,34.09375,94.38764875,2.62,12.25,28.3457,15.4,-1.8,17.2,7.2625,55.8,83.18489583,5.5390625,1005.547396
Maule,2018/6/10,2018,23,59,15,0.254237288,33.73214281,84.48828125,2.66585,15.925,35.5884,17,-2.8,19.8,6.9375,73.9,83.015625,6.046875,1004.726823
Maule,2018/6/17,2018,24,69,19,0.275362319,35.5625,95.46595969,2.656025,15.68,33.5063,16.1,-2,18.1,5.4875,54.3,85.09635417,5.700520833,1008.353385
Maule,2018/6/24,2018,25,79,33,0.417721519,39.9375,51.96484375,3.0261,7.595,32.52635,15.4,-1.2,16.6,6.3375,0.2,87.37239583,5.080729167,1007.43125
Maule,2018/7/1,2018,26,92,40,0.434782609,40.1875,48.075,2.878725,8.82,31.1845,17.5,1.1,16.4,8.625,6.8,88.06297348,4.891524621,1004.684025
Maule,2018/7/8,2018,27,65,21,0.323076923,20.8125,81.68125,2.7379,12.005,20.6659,17.9,6.5,11.4,11.0375,63.8,84.16193182,8.199337121,1000.661056
Maule,2018/7/15,2018,28,83,36,0.43373494,38.6875,76.6015625,2.629825,11.515,28.0543,18.3,1.3,17,9.125,0.4,84.87689394,4.425899621,1005.124834
Maule,2018/7/22,2018,29,83,40,0.481927711,32.0625,57.65625,2.751,18.865,26.2542,14,-4.6,18.6,4.575,2.4,84.08854167,5.229166667,1008.890625
Maule,2018/7/29,2018,30,77,26,0.337662338,41.47916656,77,2.65275,16.415,28.6747,15.8,-2.7,18.5,5.0875,0.4,78.98177083,4.96875,1008.141406
Maule,2018/8/5,2018,31,49,10,0.204081633,42.80729188,64.96875,2.636375,15.925,33.23575625,15.8,-3.5,19.3,5.4625,0.8,83.83854167,4.893229167,1007.583854
Maule,2018/8/12,2018,32,56,12,0.214285714,35.3515625,73.6875,2.7379,16.17,32.8953,18.8,0,18.8,8.6375,15.6,80.17708333,5.038020833,1005.004948
Maule,2018/8/19,2018,33,80,16,0.2,26.1875,46.01339281,2.7248,19.355,26.179,18.8,-0.3,19.1,8.95,0.4,73.46614583,6.1484375,1008.904167
Maule,2018/8/26,2018,34,83,17,0.204819277,23.875,47.5,2.7641,19.845,26.6725,22.1,-1.9,24,8.5,9.8,71.6650641,7.28505609,1007.357272
Maule,2018/9/2,2018,35,61,7,0.114754098,25,48.8125,2.7379,23.03,20.8492,20.7,3.2,17.5,10.25,0.4,83.5869391,5.313701923,1005.85649
Maule,2018/9/9,2018,36,27,3,0.111111111,23.875,50.015625,3.363425,29.155,17.38765,24.2,2.1,22.1,10.80625,0,74.09753788,6.518371212,1006.137808
Maule,2018/9/16,2018,37,87,13,0.149425287,22.8125,41.8125,2.918025,28.175,20.6095,24,2.2,21.8,11,1.2,72.35677083,5.90625,1004.828906
Maule,2018/9/23,2018,38,54,10,0.185185185,15.65625,29.0625,2.7117,26.46,17.38295,26.4,3.5,22.9,12.125,52,79.71414263,6.48818109,1003.589363
Maule,2018/9/30,2018,39,59,1,0.016949153,12.2578125,32.96875,2.77065,26.215,18.39726875,20.4,7.2,13.2,12.2125,33.2,76.54106571,7.291666667,1002.953486
Maule,2018/10/7,2018,40,60,3,0.05,16.625,33.04166656,3.04575,34.545,19.0256,25,2,23,11.275,12.8,70.3542213,7.647344843,1005.124645
Maule,2018/10/14,2018,41,56,1,0.017857143,16.5,27.921875,2.6462,37.24,15.48415,22.4,3,19.4,11.9125,13.9,71.47516026,6.810496795,1006.397917
Maule,2018/10/21,2018,42,37,0,0,12.96875,25.75,2.62655,34.055,13.48195,23.9,5.3,18.6,13.825,0,69.88455529,7.154246795,1004.665966
Maule,2018/10/28,2018,43,52,1,0.019230769,13.2484375,30.125,2.7379,33.32,17.74015,25.8,6.1,19.7,15.6625,4.5,67.25955529,6.361778846,1004.0752
Maule,2018/11/4,2018,44,31,0,0,11.50520844,20.875,2.911475,28.175,12.3093,27.7,6.8,20.9,15.5,26,78.23297276,5.78125,1002.352424
Maule,2018/11/11,2018,45,43,0,0,13.28459813,26.71875,3.16365,30.135,13.91435,31.3,7.7,23.6,17.425,0,64.58854167,7.1015625,1001.438321
Maule,2018/11/18,2018,46,32,0,0,10.59375,19.390625,2.878725,31.115,12.6571,27.6,7.3,20.3,17.275,0,64.81530449,6.260216346,1003.707272
Maule,2018/11/25,2018,47,51,2,0.039215686,12.01116063,26.71875,3.383075,36.26,14.7956,31.1,8.8,22.3,19.375,0,59.1786859,8.689102564,1002.678045
Maule,2018/12/2,2018,48,38,0,0,15.16796875,30.15625,3.12435,39.77166585,12.68765,30.6,10.7,19.9,19.675,0,57.57612179,8.205929487,1001.94391
Maule,2018/12/9,2018,49,21,0,0,14.78515625,26.71875,2.787025,40.99666585,11.59725,33.8,10.7,23.1,19.4125,0,65.37800481,6.064503205,1002.395353
Maule,2018/12/16,2018,50,27,0,0,13.8125,21.54427094,2.773925,40.67,11.95445,32,8.9,23.1,19.5625,0,56.85264423,7.053966346,1003.660665
Maule,2018/12/23,2018,51,29,0,0,16.4375,26.1015625,2.74445,37.24,10.6314,34.3,11.8,22.5,21.6375,0,57.46554487,8.125,1000.995994
Maule,2018/12/30,2018,52,15,0,0,14.81875,25.1875,3.455125,37.56666585,12.83805,35.2,11.4,23.8,21.475,0,60.25080128,7.329126603,999.7119591
Maule,2019/1/6,2019,1,22,0,0,16.625,33.78125,3.252075,35.91291585,14.32795,34.7,9.8,24.9,20.6375,0,60.734375,8.208333333,999.784375
Maule,2019/1/13,2019,2,19,0,0,11.4375,22.3125,2.695325,24.5,12.14715,30.7,9.5,21.2,19.575,0,63.62760417,6.104166667,1002.590625
Maule,2019/1/20,2019,3,30,0,0,14.34375,29.375,3.062125,28.42,12.51375,37.2,11.5,25.7,21.975,0,61.26041667,6.346354167,1001.526302
Maule,2019/1/27,2019,4,22,0,0,18.00260406,32.375,3.1833,30.38,13.51955,35.6,11.9,23.7,23.075,0,57.59114583,7.713541667,999.5122396
Maule,2019/2/3,2019,5,16,0,0,17.4375,34.125,3.173475,29.645,13.90025,36.4,13.2,23.2,23.675,0,58.10582386,7.47561553,999.4489583
Maule,2019/2/10,2019,6,16,0,0,18.5390625,34.58984375,3.165833443,28.665,13.96605,36.3,13.6,22.7,23.625,0,62.11197917,6.567708333,998.0679688
Maule,2019/2/17,2019,7,9,0,0,16.69270813,38.90625,3.2831875,31.605,15.5147,33.6,11.6,22,21.1875,0,64.37239583,6.84375,999.6622396
Maule,2019/2/24,2019,8,16,0,0,15.26822906,25.8125,2.6674875,30.87,12.831,33.2,11.2,22,21.35,0,72.296875,6.177083333,1000.899219
Maule,2019/3/3,2019,9,24,0,0,14.4296875,35.3125,2.8427,19.894,15.46065,34.1,9.5,24.6,19.425,0,60.24100379,6.941051136,1001.118726
Maule,2019/3/10,2019,10,15,0,0,13.875,31.5,2.751,1.96,17.1362,30.7,9,21.7,18.675,0,63.65104167,6.716145833,1000.866406
Maule,2019/3/17,2019,11,24,0,0,16.34375,33.77083344,2.728075,1.96,15.26795,31.2,6.9,24.3,18.8875,0,67.44270833,6.088541667,1000.497917
Maule,2019/3/24,2019,12,36,0,0,18.2734375,35.125,2.826325,1.96,20.9291,29.5,5.8,23.7,16.5,0,64.22395833,7.700520833,1003.877865
Maule,2019/3/31,2019,13,38,0,0,26.85677094,41.125,2.662575,1.96,16.81519,30.1,8,22.1,16.2625,1.6,75.54166667,5.307291667,1001.613802
Maule,2019/4/7,2019,14,32,0,0,21.5,35.07366063,2.629825,9.555,17.83305255,32.2,6.7,25.5,16.5359375,0,73.55819746,5.867640399,1003.449038
Maule,2019/4/14,2019,15,47,1,0.021276596,25.53125,36.75,2.71825,14.455,21.3313401,32.2,6.2,26,13.95,0,80.44100996,4.768682065,1003.487579
Maule,2019/4/21,2019,16,45,2,0.044444444,25.25,38.87890625,2.70515,10.29,23.40365,26.7,3.2,23.5,13.3375,0,78.16145833,4.401041667,1003.206771
Maule,2019/4/28,2019,17,42,2,0.047619048,28.59375,63.60416688,2.62655,9.065,26.2495,24,3.9,20.1,11.7125,2.8,82.97135417,3.734375,1004.188281
Maule,2019/5/5,2019,18,48,1,0.020833333,22.34375,44.375,2.6593,7.35,24.59745,23,3.3,19.7,12.6,8,81.125,5.776041667,1002.842708
Maule,2019/5/12,2019,19,45,0,0,26.9921875,47.53125,2.656025,8.33,24.9335,19.1,0.6,18.5,10.62142857,0,88.63149498,4.319715497,1004.839198
Maule,2019/5/19,2019,20,57,5,0.087719298,29.09375,58.03125,2.780475,9.065,27.6924,20.2,0.6,19.6,10.0625,8.6,84.83299366,5.57959692,1004.338859
Maule,2019/5/26,2019,21,86,4,0.046511628,31.375,64.125,3.08505,7.595,32.8201,18,-0.4,18.4,7.8375,0,79.29744112,5.007019928,1005.160315
Maule,2019/6/2,2019,22,89,13,0.146067416,20.71875,64.78125,2.688775,6.125,23.3080849,20.6,3.3,17.3,11.375,33.8,84.53736413,7.009727026,1002.925361
Maule,2019/6/9,2019,23,114,14,0.122807018,26.28125,60.03125,2.9213,4.165,28.1295,20.6,0.3,20.3,9.45,10.4,89.3662817,4.680366848,1005.767856
Maule,2019/6/16,2019,24,156,34,0.217948718,22.09895844,49.625,2.773925,5.635,25.7842,13.2,0.3,12.9,7.7125,18.2,86.96875,5.291666667,1003.878646
Maule,2019/6/23,2019,25,134,33,0.246268657,34,71.59375,3.114525,4.41,36.5848,17.9,0.7,17.2,7.2,2.2,83.5785779,4.194067029,1006.010983
Maule,2019/6/30,2019,26,150,46,0.306666667,26.75,57.5234375,2.74445,4.41,28.31045,13.9,-2.3,16.2,6.8375,27.2,85.44213474,5.737153358,1003.713367
Maule,2019/7/7,2019,27,151,44,0.291390728,30.46875,71.5625,3.0916,4.165,30.3667,15.5,-1.7,17.2,6.075,0,84.14643034,6.236937994,1006.468797
Maule,2019/7/14,2019,28,145,42,0.289655172,39.34375,86.90625,3.1178,4.165,29.3045,16.7,1.4,15.3,8.85,0.2,86.08258929,5.583026009,1005.528916
Maule,2019/7/21,2019,29,114,43,0.377192982,33.5625,65.65625,3.212775,6.125,30.5923,15.8,-0.1,15.9,7.5,16,85.19484637,5.357297254,1006.0325
Maule,2019/7/28,2019,30,92,25,0.27173913,29.85677084,54.75,2.74445,8.33,27.04145,15,-3.1,18.1,7.0875,4.8,82.25260417,5.427083333,1007.810417
Maule,2019/8/4,2019,31,79,21,0.265822785,26.10546875,53.6875,3.029375,8.51375,28.8063,19.6,-0.2,19.8,8.975,3.6,83.16225091,5.94214221,1008.846037
Maule,2019/8/11,2019,32,83,15,0.180722892,29.46875,47.96875,2.872175,18.650625,23.4013,19.6,-0.9,20.5,7.025,2.6,82.38802083,5.114583333,1008.43151
Maule,2019/8/18,2019,33,96,24,0.25,26.39453125,54.625,3.08505,15.435,25.1826,24.1,-0.8,24.9,9.2125,2.4,81.01345315,5.968544137,1005.627693
Maule,2019/8/25,2019,34,90,11,0.122222222,28.03125,62.125,3.01955,11.27,32.83185,23.9,4.3,19.6,12.16071429,0.2,82.79556365,4.31759305,1006.016021
Maule,2019/9/1,2019,35,81,11,0.135802469,19.90625,44.90625,3.265175,14.7,28.74285,22.2,2.6,19.6,11.4625,0,81.6888587,6.003623188,1006.720596
Maule,2019/9/8,2019,36,82,5,0.06097561,17.03125,48.15625,3.04575,20.335,20.26405,20.8,-0.8,21.6,9.5375,10.4,75.11605525,5.824048913,1003.908118
Maule,2019/9/15,2019,37,74,6,0.081081081,12.3203125,36.015625,2.787025,28.2975,17.60385,21.9,3.3,18.6,10.95,2,81.9852808,5.911458333,1005.280197
Maule,2019/9/22,2019,38,57,2,0.035087719,10.98437491,27.08928563,2.83615,19.6,15.67685,24.5,1.3,23.2,10.3375,0,71.34386322,7.498867754,1007.630412
Maule,2019/9/29,2019,39,66,8,0.121212121,17.42447906,32.95089281,2.6986,23.275,15.0964,26.3,3.7,22.6,13.0625,0,78.77728714,5.118093297,1003.612534
Maule,2019/10/6,2019,40,70,3,0.042857143,12.8984375,27.25,2.734625,24.01,15.6651,23.5,0.5,23,10.175,8.6,75.67017663,5.587258454,1008.001744
Maule,2019/10/13,2019,41,64,3,0.046875,15.84635416,38,3.72695,17.15,22.08765,25.9,5.2,20.7,14.775,0,71.71852355,5.801290761,1003.387274
Maule,2019/10/20,2019,42,60,1,0.016666667,13.1875,34.5,2.911475,24.01,11.80875,24,6.7,17.3,14.1875,3.6,72.81793478,6.086616848,1004.18853
Maule,2019/10/27,2019,43,56,1,0.017857143,14.65625,31.84375,2.767375,23.52,14.77915,28.4,5.2,23.2,15.65,0,67.34375,5.934895833,1004.670833
Maule,2019/11/3,2019,44,44,2,0.045454545,9.14453125,25.125,2.787025,22.05,13.57125,27.1,5.8,21.3,14.925,0,68.93478261,6.848278986,1003.249921
Maule,2019/11/10,2019,45,59,1,0.016949153,12.375,31.90625,3.180025,23.03,15.9095,33.3,6.2,27.1,17.7734375,0,62.38474603,8.076295987,1001.225213
Maule,2019/11/17,2019,46,32,0,0,12.21875,27.59375,3.1964,22.295,15.51,33.3,9.9,23.4,20.5125,0,66.22514205,6.616003788,1002.045431
Maule,2019/11/24,2019,47,48,0,0,11.575,37.2550225,3.127625,16.17,17.0046,33.7,9.9,23.8,19.825,0,64.828125,7.299479167,1001.76875
Maule,2019/12/1,2019,48,38,0,0,10.71875,31.0625,3.455125,17.395,14.5888,32.7,5.9,26.8,17.575,0,60.27291667,7.602256944,1003.892188
Maule,2019/12/8,2019,49,31,0,0,12.9140625,34.5625,4.3835875,18.865,13.39735,32.7,10.1,22.6,19.9125,0,59.42078804,8.115126812,1002.118399
Maule,2019/12/15,2019,50,31,0,0,10.29263406,27.25,6.8883075,16.17,14.69925,32.4,10.5,21.9,19.9125,1,62.89071558,7.408265399,1002.756239
Maule,2019/12/22,2019,51,35,0,0,10.21875,33.3125,5.721425,12.005,16.29725,33.1,10.8,22.3,21.1796875,0.4,56.83691297,8.840710354,1001.775223
Maule,2019/12/29,2019,52,20,0,0,10.45535719,30.65625,4.44745,10.78,13.7334,35.4,10.8,24.6,22.525,0,57.7421875,8.322916667,999.9315104
Metropolitana.de.Santiago,2015/1/4,2015,1,74,0,0,16.54353463,32.11954167,9.70853576,29.64653043,11.14237372,33.86666667,12.56666667,21.3,22.26666667,0,44.07913614,6.543555403,938.64168
Metropolitana.de.Santiago,2015/1/11,2015,2,84,0,0,19.01770658,41.72715139,9.912609035,32.85720235,12.48222337,35.5,13.4,22.1,22.475,0,49.69147904,6.5652891,938.53388
Metropolitana.de.Santiago,2015/1/18,2015,3,72,0,0,21.60723097,43.06327931,10.98691564,32.27856717,12.89049451,34.4,12.93333333,21.46666667,21.70833333,0,53.16198132,6.686108954,939.635531
Metropolitana.de.Santiago,2015/1/25,2015,4,66,0,0,17.05814245,31.91427375,8.004839823,28.7581599,12.21445456,32.66666667,13.33333333,19.33333333,20.76666667,0,62.49441964,6.43328373,940.7911458
Metropolitana.de.Santiago,2015/2/1,2015,5,60,0,0,16.65735359,39.46216667,9.027273373,25.51454084,13.30659459,32.8,14.4,18.4,22.52916667,0,49.20014881,6.467881944,938.8673735
Metropolitana.de.Santiago,2015/2/8,2015,6,74,0,0,18.73540677,42.51823056,8.80413092,23.94154324,13.39856945,32.43333333,13.63333333,18.8,21.85833333,0,49.60755801,6.360601808,939.1178275
Metropolitana.de.Santiago,2015/2/15,2015,7,64,0,0,21.89273406,50.56704167,10.69637778,26.49762963,17.06120134,35.5,13.26666667,22.23333333,22.19166667,0,45.7217208,5.806827985,940.3776193
Metropolitana.de.Santiago,2015/2/22,2015,8,52,0,0,24.52893313,55.63892833,10.69389533,28.41043406,17.50140298,31.7,10.43333333,21.26666667,19.68333333,0.133333333,54.5531498,5.844805021,940.0579886
Metropolitana.de.Santiago,2015/3/1,2015,9,51,2,0.039215686,15.16422938,35.06892542,7.996492668,25.64065222,14.56371713,31.36666667,12.2,19.16666667,19.0203125,0.9,63.94340469,5.931016293,940.2264719
Metropolitana.de.Santiago,2015/3/8,2015,10,88,0,0,15.00884391,33.24634708,7.607288228,25.40945913,16.08229121,31.56190476,11.4,20.16190476,19.53472222,0,57.65710852,5.78381601,939.6371203
Metropolitana.de.Santiago,2015/3/15,2015,11,106,0,0,23.91757688,48.89545153,9.273561068,27.88600212,21.05840014,35.1,11.83333333,23.26666667,21.35555556,0,46.35629697,5.319853908,937.4306896
Metropolitana.de.Santiago,2015/3/22,2015,12,103,0,0,19.88217141,45.82248597,8.006110523,26.31127745,21.13668507,36.4,11.8,24.6,20.975,0,45.52090774,5.413995726,940.1173909
Metropolitana.de.Santiago,2015/3/29,2015,13,85,0,0,17.67162617,46.55859347,8.03557275,19.00697081,22.43389043,29.96666667,11.06666667,18.9,18.675,10.73333333,65.78161124,4.694162834,942.280844
Metropolitana.de.Santiago,2015/4/5,2015,14,98,0,0,16.79220308,36.28241111,7.9275418,22.29464873,26.89179301,30.6,9.533333333,21.06666667,18.00416667,0,53.58110134,4.668318585,941.4973916
Metropolitana.de.Santiago,2015/4/12,2015,15,100,0,0,19.05955123,41.22779222,8.345610615,22.47374389,25.62906349,32.1,9.466666667,22.63333333,17.51666667,0,56.97847031,4.746661325,939.5223157
Metropolitana.de.Santiago,2015/4/19,2015,16,98,0,0,20.39120984,47.01320931,6.920777815,24.02108392,22.2343637,27.5,6.333333333,21.16666667,15.14583333,0,59.82625534,4.643229167,941.7553352
Metropolitana.de.Santiago,2015/4/26,2015,17,82,1,0.012195122,28.34524761,66.10984264,7.696310425,26.14587543,26.89276856,29.56666667,6.466666667,23.1,14.67916667,0,56.98036859,3.977430556,941.0992254
Metropolitana.de.Santiago,2015/5/3,2015,18,120,1,0.008333333,34.35172109,85.85416389,7.526725193,24.91226015,25.81599597,28.13333333,6.566666667,21.56666667,14.7625,1.2,60.96067041,3.855902778,940.8982238
Metropolitana.de.Santiago,2015/5/10,2015,19,137,1,0.00729927,31.43992516,66.05503167,6.617887148,22.06130009,27.74956386,26.96666667,4.8,22.16666667,12.92760417,0,57.49512553,3.555555556,941.7194645
Metropolitana.de.Santiago,2015/5/17,2015,20,100,2,0.02,37.64809328,63.58852153,7.797921393,21.65988834,30.33022582,25.46666667,4.566666667,20.9,12.55416667,0,55.23330662,3.415798611,941.3785457
Metropolitana.de.Santiago,2015/5/24,2015,21,134,5,0.037313433,38.05368438,49.97921861,6.018647625,23.93439559,26.25252742,30.8,1.666666667,29.13333333,11.8125,0.066666667,66.67367788,3.500868056,943.5677751
Metropolitana.de.Santiago,2015/5/31,2015,22,140,8,0.057142857,47.60499078,75.40313542,7.151602273,21.71547096,32.93308574,23.9,1.4,22.5,9.9484375,0.166666667,62.62226229,3.337673611,943.6001536
Metropolitana.de.Santiago,2015/6/7,2015,23,154,13,0.084415584,40.05728969,48.63074167,7.549536715,18.32127305,35.83655609,21.8,3.2,18.6,11.5171875,0,61.96073718,3.475694444,943.925394
Metropolitana.de.Santiago,2015/6/14,2015,24,177,20,0.11299435,30.12620891,56.30512486,6.209223315,22.73269346,27.11082405,20.56666667,-0.766666667,21.33333333,8.5671875,0,66.18256457,3.683537138,945.270876
Metropolitana.de.Santiago,2015/6/21,2015,25,191,36,0.188481675,53.83554484,87.376725,7.57235102,23.46124261,35.66026418,24.86666667,-1.5,26.36666667,8.079166667,0,44.4911917,3.428328804,943.528969
Metropolitana.de.Santiago,2015/6/28,2015,26,238,73,0.306722689,50.76502478,76.96050833,6.787059403,20.55398431,34.62841237,22.63333333,2.1,20.53333333,9.495833333,0,50.78419094,3.469202899,941.621344
Metropolitana.de.Santiago,2015/7/5,2015,27,257,102,0.39688716,51.41843719,76.2618375,7.553439533,20.57106812,35.06379472,20.6,0.2,20.4,9.083333333,1.5,46.44099545,3.383612621,942.2008817
Metropolitana.de.Santiago,2015/7/12,2015,28,231,92,0.398268398,39.22327253,55.34357778,6.149182248,20.08679021,35.04417002,20.43333333,1.6,18.83333333,10.05,34.36666667,75.4812589,3.274412159,943.265569
Metropolitana.de.Santiago,2015/7/19,2015,29,225,76,0.337777778,31.80058811,56.69757639,5.399225098,23.44894026,28.06011202,18.86666667,1,17.86666667,7.9375,21.16666667,74.34668803,3.479166667,945.3034722
Metropolitana.de.Santiago,2015/7/26,2015,30,263,102,0.3878327,43.58667184,60.23108611,7.856437455,19.95064531,32.83450277,23.6,-0.766666667,24.36666667,8.383333333,0.133333333,60.27605328,3.333635266,944.5101034
Metropolitana.de.Santiago,2015/8/2,2015,31,258,88,0.341085271,29.30380463,37.74491014,6.275345238,21.24375745,27.36665204,23.53333333,3.566666667,19.96666667,9.770833333,6.033333333,76.74165331,3.506944444,942.353953
Metropolitana.de.Santiago,2015/8/9,2015,32,249,75,0.301204819,19.02644825,39.22965514,5.835790948,21.49906529,23.68146986,25.03333333,3.266666667,21.76666667,11.075,97.86666667,78.61516522,4.359623016,938.2973539
Metropolitana.de.Santiago,2015/8/16,2015,33,246,39,0.158536585,20.40840797,61.30956778,6.408076893,24.36288395,22.4413077,17.23333333,3.166666667,14.06666667,8.8875,16.9,81.73445349,3.460413124,944.2545103
Metropolitana.de.Santiago,2015/8/23,2015,34,282,57,0.20212766,23.44870478,48.90076111,7.087294208,25.21647188,24.85557344,24.56666667,2.733333333,21.83333333,10.9625,0,71.04039797,4.341145833,942.6667334
Metropolitana.de.Santiago,2015/8/30,2015,35,222,37,0.166666667,22.67459934,37.96362931,6.984125978,20.59360115,26.38869567,25.4,5.933333333,19.46666667,13.1546875,0.033333333,60.78214667,3.790900072,942.460307
Metropolitana.de.Santiago,2015/9/6,2015,36,170,27,0.158823529,20.30330844,48.81822861,7.739442175,23.58833511,24.88874728,27.9,6.733333333,21.16666667,14.87083333,5.266666667,55.73796916,4.305274209,941.7745314
Metropolitana.de.Santiago,2015/9/13,2015,37,170,22,0.129411765,18.42021289,38.58355819,6.58181417,26.13442824,19.54572377,26.2,2.133333333,24.06666667,11.35,14.63333333,71.92134081,3.737847222,944.086031
Metropolitana.de.Santiago,2015/9/20,2015,38,199,14,0.070351759,19.39678219,46.5321875,7.194559628,27.21004165,20.97526184,26.2,4.866666667,21.33333333,12.34583333,0,64.29031212,4.105235043,941.0589162
Metropolitana.de.Santiago,2015/9/27,2015,39,153,14,0.091503268,14.60223078,35.28115278,6.220895088,27.5989236,19.77882638,21.66666667,1.466666667,20.2,11.84166667,7.633333333,69.75967262,4.04553953,942.4799727
Metropolitana.de.Santiago,2015/10/4,2015,40,171,18,0.105263158,13.64488017,27.75279486,5.83177285,26.86501252,17.55809256,25.16666667,7.6,17.56666667,14.2875,7.633333333,73.01946925,4.378205128,941.4423611
Metropolitana.de.Santiago,2015/10/11,2015,41,137,8,0.058394161,10.39545143,30.5200125,7.111999825,29.3042529,16.84134297,24.76666667,3,21.76666667,11.61666667,0.166666667,67.22619048,4.468616453,944.0991319
Metropolitana.de.Santiago,2015/10/18,2015,42,100,10,0.1,13.02153241,30.9619275,6.53825536,28.9790979,17.39289946,24.96666667,3.4,21.56666667,13.0125,11.13333333,61.82924107,4.588207799,941.7825273
Metropolitana.de.Santiago,2015/10/25,2015,43,129,5,0.03875969,12.37191639,31.60926944,6.108631363,27.1230741,17.50130446,25.36666667,4.666666667,20.7,13.99166667,11.36666667,66.14369285,4.926992463,941.2963606
Metropolitana.de.Santiago,2015/11/1,2015,44,130,0,0,10.96915884,32.50069167,7.2204431,28.8664547,14.9070439,26.03333333,7.8,18.23333333,16.05,0,65.39613527,5.046018557,942.8333188
Metropolitana.de.Santiago,2015/11/8,2015,45,114,2,0.01754386,12.91389405,34.16505556,7.189611595,30.82308377,13.57675684,28.03333333,8.533333333,19.5,15.52916667,0,68.84635417,5.339877137,942.4391989
Metropolitana.de.Santiago,2015/11/15,2015,46,105,0,0,10.02983628,31.07210278,7.403595183,30.20128802,13.03346405,29.4,9.7,19.7,17.0375,8.4,63.22123016,5.821848291,940.8481895
Metropolitana.de.Santiago,2015/11/22,2015,47,119,0,0,8.657820594,26.68450319,7.024965555,25.00163427,11.51980114,27.43333333,6.533333333,20.9,16.14010417,0,57.56177918,6.168803419,940.2970378
Metropolitana.de.Santiago,2015/11/29,2015,48,106,0,0,8.948149891,26.77317792,7.632680123,21.36359085,11.87587558,31.63333333,7.966666667,23.66666667,17.3875,0,52.68182798,6.044774745,939.969975
Metropolitana.de.Santiago,2015/12/6,2015,49,93,0,0,11.74400219,34.59692917,8.68966754,23.88892835,12.75306149,31.63333333,11.2,20.43333333,19.65416667,0,54.50653468,6.077866201,939.8319655
Metropolitana.de.Santiago,2015/12/13,2015,50,84,1,0.011904762,11.47901406,34.63808153,9.65965917,24.92347446,10.9832546,31.63333333,9.433333333,22.2,19.89166667,0,53.72844419,6.37611068,939.623204
Metropolitana.de.Santiago,2015/12/20,2015,51,68,0,0,10.95619891,30.47748236,8.21281575,26.24982975,11.84643019,31.73333333,9.433333333,22.3,18.93055556,0,49.10610429,6.339022197,939.4266586
Metropolitana.de.Santiago,2015/12/27,2015,52,82,0,0,11.42815938,27.69096778,8.220107538,23.89873515,12.20087261,34.76666667,9.666666667,25.1,20.89305556,0,46.38615532,6.23735119,938.5787747
Metropolitana.de.Santiago,2016/1/10,2016,1,91,0,0,11.4851574,37.90969899,7.659304308,21.49768121,12.06706553,31.26666667,12.93333333,18.33333333,21.1,0,58.91440021,5.944017034,939.5090635
Metropolitana.de.Santiago,2016/1/17,2016,2,65,0,0,11.41770327,33.24221806,7.335405753,22.05557783,11.95944622,34.93333333,11.6,23.33333333,21.14166667,0,55.43367987,6.173183184,940.8026611
Metropolitana.de.Santiago,2016/1/24,2016,3,80,0,0,13.94845617,39.12618403,8.08125458,22.08360757,13.33040737,34.93333333,13.53333333,21.4,22.03333333,7.166666667,58.40798072,6.365214156,939.6004653
Metropolitana.de.Santiago,2016/1/31,2016,4,72,0,0,9.793591406,30.57167236,7.74371081,18.30008107,14.39601913,33.7,12.93333333,20.76666667,20.52083333,0.066666667,60.92076432,5.357487923,940.7192773
Metropolitana.de.Santiago,2016/2/7,2016,5,62,0,0,12.82615241,35.91491722,8.611862875,22.45050368,12.76193594,31.33333333,13.23333333,18.1,20.95833333,0,63.0043643,6.220896073,939.6058637
Metropolitana.de.Santiago,2016/2/14,2016,6,86,4,0.046511628,12.23078091,35.47857625,8.69767246,22.14311797,13.41348363,32.93333333,12.93333333,20,21.0375,0,56.94927536,5.968329451,939.7787558
Metropolitana.de.Santiago,2016/2/21,2016,7,85,0,0,11.53508438,36.05935069,8.290209733,22.52092824,14.68744533,34.53333333,11.86666667,22.66666667,21.54583333,0,47.22201236,5.945388813,937.4363152
Metropolitana.de.Santiago,2016/2/28,2016,8,72,0,0,12.68793534,40.21334125,9.975254708,22.56820207,15.81580403,33.5,11.03333333,22.46666667,21.82916667,0,42.63939073,5.726755355,938.7276491
Metropolitana.de.Santiago,2016/3/6,2016,9,93,0,0,15.44312981,44.84544569,9.308747013,25.14602876,17.13436812,34.5,12.43333333,22.06666667,20.42916667,0,47.80842682,5.511351496,940.1501803
Metropolitana.de.Santiago,2016/3/13,2016,10,79,0,0,16.21729266,40.63876861,7.638209468,23.82830437,16.79093119,32.63333333,10.63333333,22,18.8375,0,60.49686165,5.216372283,941.508828
Metropolitana.de.Santiago,2016/3/20,2016,11,83,0,0,16.30905234,47.12643403,7.878690425,25.7311849,19.28323484,32.03333333,10.16666667,21.86666667,18.99583333,0,57.6648812,5.294235995,940.589347
Metropolitana.de.Santiago,2016/3/27,2016,12,75,0,0,19.78533498,55.24511667,9.23133944,29.84166095,21.56504918,31.13333333,10.1,21.03333333,17.74166667,0,59.04318875,4.982875631,940.2762936
Metropolitana.de.Santiago,2016/4/3,2016,13,115,0,0,18.87736417,43.48553903,6.710275225,22.56398234,20.73020828,26.2,10.33333333,15.86666667,16.2625,0,71.52537106,4.340957126,941.9179923
Metropolitana.de.Santiago,2016/4/10,2016,14,122,4,0.032786885,16.09899444,44.04939528,6.70154424,20.24229698,20.9147286,24.63333333,6.2,18.43333333,14.55416667,2.9,67.30601389,4.174310781,941.6939349
Metropolitana.de.Santiago,2016/4/17,2016,15,128,2,0.015625,17.07215131,37.1715075,6.03041814,19.42545781,20.47220638,25.03333333,6.2,18.83333333,14.4,95,76.11053241,3.835182669,940.9756869
Metropolitana.de.Santiago,2016/4/24,2016,16,127,5,0.039370079,13.01319202,41.21999083,5.78203346,17.91175264,20.47943983,23.9,7.6,16.3,13.05416667,51.13333333,80.25774592,4.104466823,942.3445499
Metropolitana.de.Santiago,2016/5/1,2016,17,123,1,0.008130081,26.70283147,80.80531486,6.396216973,17.82912258,29.67446118,26.73333333,2.333333333,24.4,12.44583333,4.3,64.11625817,3.171058007,942.3173458
Metropolitana.de.Santiago,2016/5/8,2016,18,143,9,0.062937063,30.91495381,66.07739681,6.31909547,16.70578359,25.36236795,26.06666667,7.9,18.16666667,14.425,0.166666667,74.71923378,3.462937802,942.0472751
Metropolitana.de.Santiago,2016/5/15,2016,19,155,16,0.103225806,32.43847323,61.40741833,5.056287893,15.02691902,26.21154927,19.86666667,4.566666667,15.3,12.60833333,2.966666667,75.20892797,3.153120883,942.101568
Metropolitana.de.Santiago,2016/5/22,2016,20,166,27,0.162650602,31.22756484,73.27047472,4.619471505,17.81146793,24.01024317,21.3,2.2,19.1,11.90833333,3.066666667,76.75255803,2.891650884,942.8464489
Metropolitana.de.Santiago,2016/5/29,2016,21,163,31,0.190184049,40.77745766,73.40274028,5.812426608,17.48432618,30.44849587,23.26666667,2.2,21.06666667,10.71666667,14.73333333,69.56004965,3.005602904,943.4833018
Metropolitana.de.Santiago,2016/6/5,2016,22,195,52,0.266666667,27.87703891,56.46026111,4.550559283,18.05975747,25.22820998,17.5,3.433333333,14.06666667,9.970833333,54.73333333,83.55880492,2.945120361,943.0823044
Metropolitana.de.Santiago,2016/6/12,2016,23,216,80,0.37037037,42.73702047,79.89638611,5.92271387,18.00761719,31.9034402,21.9,1.85037170770859e-17,21.9,8.058333333,0.4,62.60654858,3.012626263,946.2732008
Metropolitana.de.Santiago,2016/6/19,2016,24,220,67,0.304545455,52.66235078,90.28325139,5.9719738,15.8481524,33.87163835,22.2,2.033333333,20.16666667,9.475,0.4,67.8740699,3.139125631,944.9215593
Metropolitana.de.Santiago,2016/6/26,2016,25,234,101,0.431623932,57.46697219,93.42485903,6.10044288,17.3580375,33.38082387,20.6,1.366666667,19.23333333,7.408333333,0,72.74053406,2.800223214,944.0547743
Metropolitana.de.Santiago,2016/7/3,2016,26,213,47,0.220657277,50.12035594,95.66606069,5.715133563,16.935572,32.78157233,23.86666667,1.533333333,22.33333333,8.595833333,0.266666667,70.54404095,2.892937184,942.5069331
Metropolitana.de.Santiago,2016/7/10,2016,27,253,80,0.316205534,42.97346886,69.42979139,5.936245678,19.15240223,31.85718838,19.86666667,0.7,19.16666667,7.570833333,9.4,69.68337588,3.093729414,944.3066281
Metropolitana.de.Santiago,2016/7/17,2016,28,310,78,0.251612903,29.83593531,50.79869944,5.158920335,22.47437428,27.30648074,16.9,1.133333333,15.76666667,8.195833333,23.46666667,73.05885623,3.61855992,943.3136892
Metropolitana.de.Santiago,2016/7/24,2016,29,265,64,0.241509434,36.69517719,51.62105542,5.685447653,20.3109028,29.76279006,21.83333333,2.033333333,19.8,9.770833333,20.83333333,70.65961243,3.101559069,943.3549781
Metropolitana.de.Santiago,2016/7/31,2016,30,295,54,0.183050847,26.33537797,51.49493319,6.437940963,19.39059605,27.66192112,22.23333333,2.1,20.13333333,10.10416667,25.53333333,73.37970054,3.285878486,943.1686584
Metropolitana.de.Santiago,2016/8/7,2016,31,241,58,0.2406639,31.77833266,60.54014028,6.146191028,20.20317928,29.26311291,21.36666667,2.266666667,19.1,9.366666667,0,67.80302344,3.374255462,944.5995118
Metropolitana.de.Santiago,2016/8/14,2016,32,216,31,0.143518519,36.38082219,62.405305,7.544704288,23.20864347,31.75244153,25.63333333,2.7,22.93333333,11.68333333,0,62.05429293,3.598045674,944.5118073
Metropolitana.de.Santiago,2016/8/21,2016,33,221,23,0.104072398,22.57076206,42.61187361,9.355897353,25.57060002,22.41357896,25.26666667,0.933333333,24.33333333,10.89166667,0,65.67689463,4.01879529,946.2013738
Metropolitana.de.Santiago,2016/8/28,2016,34,183,18,0.098360656,23.02888175,53.56982083,8.183781565,24.43973723,24.01617291,26,0.933333333,25.06666667,10.9875,0,68.23697917,4.157986111,942.4565104
Metropolitana.de.Santiago,2016/9/4,2016,35,197,16,0.081218274,21.40794641,52.98741389,9.029901068,23.89635757,22.73326465,22.96666667,0.633333333,22.33333333,9.8375,0,63.14436141,4.125264191,945.9699238
Metropolitana.de.Santiago,2016/9/11,2016,36,182,9,0.049450549,23.12039625,65.15975833,8.710225043,23.41788155,28.06434076,28.66666667,1.366666667,27.3,13.05,0,49.76241697,4.369187802,943.7396286
Metropolitana.de.Santiago,2016/9/18,2016,37,176,3,0.017045455,22.07128094,38.96522722,6.517869468,26.40877001,22.40385536,29.13333333,3.366666667,25.76666667,12.57083333,0,66.43182425,4.338675214,944.217942
Metropolitana.de.Santiago,2016/9/25,2016,38,164,2,0.012195122,20.69739984,50.99750722,8.738018985,27.64808738,23.37421884,31.3,4.133333333,27.16666667,16.175,0,52.27944988,4.61719242,941.5556018
Metropolitana.de.Santiago,2016/10/2,2016,39,171,3,0.01754386,15.51617422,40.63982722,7.256934623,28.8368468,19.91320645,27.93333333,5.333333333,22.6,14.48333333,0.266666667,62.58298619,5.169259635,941.9593908
Metropolitana.de.Santiago,2016/10/9,2016,40,128,3,0.0234375,13.32321375,39.07790694,6.778878288,26.40126882,20.02883686,27.93333333,6.6,21.33333333,16.15416667,0.3,49.06127353,4.87521642,942.934607
Metropolitana.de.Santiago,2016/10/16,2016,41,109,1,0.009174312,12.34114141,30.40258972,6.079614698,22.87128018,17.7952518,27.2,7.166666667,20.03333333,15.37083333,12.03333333,59.36912393,4.608173077,941.5939303
Metropolitana.de.Santiago,2016/10/23,2016,42,150,0,0,11.21888172,30.81630458,5.489416468,27.7181055,16.98770338,28.46666667,3.1,25.36666667,12.55416667,4.966666667,66.49826389,4.986712073,942.4379076
Metropolitana.de.Santiago,2016/10/30,2016,43,118,1,0.008474576,13.00163727,29.96966944,7.946301983,29.6490561,17.45948959,31.5,7.533333333,23.96666667,16.62916667,0,62.06445995,5.358431461,942.3110002
Metropolitana.de.Santiago,2016/11/6,2016,44,103,0,0,10.88971705,27.95396417,6.83651354,27.44620205,15.1059534,33.63333333,6.366666667,27.26666667,18.12083333,0,52.87714256,5.781093227,942.3658369
Metropolitana.de.Santiago,2016/11/13,2016,45,84,1,0.011904762,13.26135834,35.92368444,9.69823212,27.34438385,17.10304467,31.7,10.2,21.5,19.825,0,46.78231838,5.942975427,940.7131596
Metropolitana.de.Santiago,2016/11/20,2016,46,90,0,0,14.21372053,33.26312917,8.011236225,27.0344673,15.82732923,34.06666667,8.133333333,25.93333333,18.975,0,47.52856571,5.653912927,940.7771368
Metropolitana.de.Santiago,2016/11/27,2016,47,119,0,0,9.847073906,31.82724069,6.0921139,26.31961337,13.03465908,29.9,9.666666667,20.23333333,17.04583333,0,61.44017053,5.855108132,941.0219573
Metropolitana.de.Santiago,2016/12/4,2016,48,93,2,0.021505376,14.89314156,34.2250225,6.974162118,30.24658415,14.7141621,34.06666667,9.533333333,24.53333333,19.94166667,0.2,56.25525279,6.288164998,940.5061788
Metropolitana.de.Santiago,2016/12/11,2016,49,82,0,0,10.63826672,26.44759847,6.41514205,23.81301075,13.70562494,30.7,10.23333333,20.46666667,18.30833333,20.23333333,59.87976071,5.580605159,941.7690104
Metropolitana.de.Santiago,2016/12/18,2016,50,88,0,0,17.71033344,32.69124639,8.403172505,27.09570613,17.13945255,36.7,12.26666667,24.43333333,21.89166667,0,50.50290261,5.757019928,940.5308219
Metropolitana.de.Santiago,2016/12/25,2016,51,85,0,0,20.87796661,32.11022458,7.773243285,26.68867592,15.0147281,33.16666667,11.1,22.06666667,20.12916667,7.1,46.88182044,6.477058532,939.7647073
Metropolitana.de.Santiago,2016/12/31,2016,52,86,0,0,11.4152378,24.41348333,6.729244119,25.31896297,14.1013726,32.16666667,9.4,22.76666667,19.24285714,12.3,59.71842404,6.135090703,939.9028486
Metropolitana.de.Santiago,2017/1/8,2017,1,81,0,0,17.14737069,31.46672296,8.879425117,25.76553158,13.91405236,33.2,11.96666667,21.23333333,21.73333333,0,46.02744709,6.110229277,940.0415123
Metropolitana.de.Santiago,2017/1/15,2017,2,99,1,0.01010101,12.84866141,29.71060958,9.61813397,24.35657776,14.81987903,35.26666667,12.73333333,22.53333333,23.40416667,0,42.49516369,6.11359127,939.349938
Metropolitana.de.Santiago,2017/1/22,2017,3,81,0,0,26.96669794,43.84588361,11.75041524,29.29408272,19.60286663,36.76666667,12.73333333,24.03333333,23.90416667,0,39.62672533,5.89958053,939.5583339
Metropolitana.de.Santiago,2017/1/29,2017,4,64,0,0,31.09622314,48.61560319,11.34048284,30.2040861,18.97797123,36.9,15.6,21.3,24.37916667,0,50.90215774,5.815972222,939.9021081
Metropolitana.de.Santiago,2017/2/5,2017,5,57,0,0,24.65427141,40.94316819,9.891388508,29.42936292,16.25327239,33.7,11.63333333,22.06666667,21.62083333,0,52.27628968,5.880704365,939.1509921
Metropolitana.de.Santiago,2017/2/12,2017,6,63,0,0,13.45009578,36.23226514,11.30825503,24.87319337,14.61571346,33.56666667,10.86666667,22.7,20.74583333,0,46.6160229,5.72754378,939.4247903
Metropolitana.de.Santiago,2017/2/19,2017,7,55,0,0,13.15066844,33.70901625,8.81323935,22.37397003,14.53259438,33.3,11.56666667,21.73333333,20.775,0,52.24284959,5.943758087,940.9976573
Metropolitana.de.Santiago,2017/2/26,2017,8,57,0,0,14.25857542,31.09120986,9.927293808,21.35415165,15.11347428,34.33333333,12.76666667,21.56666667,23.51666667,0,52.59286577,5.490866546,939.4761188
Metropolitana.de.Santiago,2017/3/5,2017,9,56,0,0,11.23389153,27.92089986,7.903898755,21.64962163,15.25169549,31.33333333,11.46666667,19.86666667,21.3375,0,56.801886,5.360338446,939.5123037
Metropolitana.de.Santiago,2017/3/12,2017,10,70,0,0,13.28829848,34.68142597,8.073211015,23.73121038,20.14873747,34.36666667,8.866666667,25.5,19.27916667,0,39.49072636,5.088736181,940.0321143
Metropolitana.de.Santiago,2017/3/19,2017,11,86,1,0.011627907,15.41192058,40.46196806,9.380314115,26.60537639,21.71867253,34.36666667,8.866666667,25.5,19.2625,0,49.50107667,5.170002439,940.4012265
Metropolitana.de.Santiago,2017/3/26,2017,12,84,0,0,15.89189984,38.10104722,7.249274398,25.92689791,21.70596847,29.83333333,9,20.83333333,17.54583333,0,61.41443452,4.958026175,941.3311012
Metropolitana.de.Santiago,2017/4/2,2017,13,97,2,0.020618557,12.30539281,36.28124583,7.041811663,18.86885826,20.45074528,28.46666667,7.866666667,20.6,15.8625,0,58.94924693,4.846433081,941.9799006
Metropolitana.de.Santiago,2017/4/9,2017,14,99,2,0.02020202,13.25338781,38.237325,6.908711405,21.26724444,21.84168411,27.63333333,4.633333333,23,15.02916667,0.033333333,58.59759383,4.675056903,941.688928
Metropolitana.de.Santiago,2017/4/16,2017,15,82,1,0.012195122,16.2187875,42.91919583,8.44086268,20.63597131,25.94066262,31.23333333,4.633333333,26.6,15.20416667,0,55.57182507,4.173271437,940.3038282
Metropolitana.de.Santiago,2017/4/23,2017,16,138,6,0.043478261,16.20996578,34.68611514,7.991290493,22.36849557,26.63361049,24.6,8.833333333,15.76666667,15.825,5.866666667,68.13838579,3.970747774,942.1136175
Metropolitana.de.Santiago,2017/4/30,2017,17,122,6,0.049180328,22.70055891,47.50377778,10.04193846,22.97559371,36.26917421,29.2,3.733333333,25.46666667,13.19166667,1.133333333,50.20911429,3.909986413,942.8591204
Metropolitana.de.Santiago,2017/5/7,2017,18,124,9,0.072580645,28.33093234,44.80706111,6.469347723,26.09509345,29.53561692,28.9,4.3,24.6,12.3125,9.7,62.14893353,3.795472756,941.2766575
Metropolitana.de.Santiago,2017/5/14,2017,19,140,15,0.107142857,19.98815109,40.20833333,5.34637593,19.0569174,25.71267484,21.2,6.666666667,14.53333333,12.72083333,34.3,80.38047543,3.211174242,941.2814692
Metropolitana.de.Santiago,2017/5/21,2017,20,167,21,0.125748503,26.72864578,59.66666667,5.896802725,19.77423898,27.08393629,19.6,0.766666667,18.83333333,9.208333333,20.3,76.29079861,3.172269571,943.8664852
Metropolitana.de.Santiago,2017/5/28,2017,21,205,27,0.131707317,35.953125,85.48611111,6.412424455,17.36711919,33.5344997,18.83333333,3.266666667,15.56666667,9.2125,11.66666667,73.16403233,2.781036468,943.2175022
Metropolitana.de.Santiago,2017/6/4,2017,22,248,54,0.217741935,42.13169641,72.66261528,5.100626318,21.09427713,33.61044172,20.46666667,0.833333333,19.63333333,8.457291667,0.133333333,70.17013889,3.336410985,944.7556503
Metropolitana.de.Santiago,2017/6/11,2017,23,312,76,0.243589744,38.03710938,70.74768514,7.082534488,21.84065534,40.61902973,20.26666667,-1.4,21.66666667,6.941666667,3.6,67.98154438,3.435345301,945.5810102
Metropolitana.de.Santiago,2017/6/18,2017,24,293,81,0.276450512,32.5234375,66.52962958,5.485229708,23.57285387,31.82735604,20,0.3,19.7,7.591666667,51.53333333,76.05932971,3.852104606,942.9523479
Metropolitana.de.Santiago,2017/6/25,2017,25,290,95,0.327586207,28.578125,59.93171292,4.409308205,22.45669731,30.80522483,16.7,-1.533333333,18.23333333,8.379761905,1.666666667,71.74305556,3.776302083,940.9266888
Metropolitana.de.Santiago,2017/7/2,2017,26,268,94,0.350746269,29.40625,47.20833333,4.9944387,21.0732947,29.74873941,25.23333333,2.566666667,22.66666667,9.795833333,5.633333333,61.07109375,3.545672131,943.4302108
Metropolitana.de.Santiago,2017/7/9,2017,27,207,70,0.338164251,36.82864578,57.53819444,4.776093958,21.84869612,35.10498646,19.33333333,0.566666667,18.76666667,8.316666667,6.5,56.39685692,3.422871634,945.0527284
Metropolitana.de.Santiago,2017/7/16,2017,28,214,67,0.313084112,30.84270828,68.99528764,5.176432578,26.30937719,27.38014766,21,0.166666667,20.83333333,7.903333333,16.4,71.82552083,2.966145833,951.1050505
Metropolitana.de.Santiago,2017/7/23,2017,29,230,66,0.286956522,31.9609375,68.95998667,6.161009748,23.04339415,34.24269,22.93333333,-3.4,26.33333333,8.1,0.333333333,68.91346388,2.332970119,956.5744057
Metropolitana.de.Santiago,2017/7/30,2017,30,217,61,0.281105991,38.82421875,74.69444444,5.75236409,22.10662932,34.5891186,21.76666667,1.3,20.46666667,8.295833333,0.066666667,74.98536706,2.782978595,947.8524922
Metropolitana.de.Santiago,2017/8/6,2017,31,236,48,0.203389831,39.828125,66.66493056,6.107201005,26.89185007,33.57644333,21.03333333,1.766666667,19.26666667,8.570833333,0.066666667,71.95753968,3.428935937,944.6110563
Metropolitana.de.Santiago,2017/8/13,2017,32,237,55,0.232067511,24.421875,37.05555556,4.778749983,27.4345697,27.68642004,20.96666667,0.866666667,20.1,8.5953125,26.13333333,76.90778579,3.342487374,944.4697583
Metropolitana.de.Santiago,2017/8/20,2017,33,172,28,0.162790698,23.09486609,46.25,5.586933195,25.70150805,25.28299042,22.43333333,1.066666667,21.36666667,8.9484375,10.93333333,71.70880075,3.569711538,946.4899907
Metropolitana.de.Santiago,2017/8/27,2017,34,163,11,0.067484663,20.7640625,38.70833333,5.100131793,31.2902534,24.59729704,26.5,1.066666667,25.43333333,9.4875,0,71.23637821,4.053218483,943.2058427
Metropolitana.de.Santiago,2017/9/3,2017,35,131,14,0.106870229,17.21502984,48.83333333,5.433100388,30.87676663,22.92629018,22.46666667,1.3,21.16666667,9.958333333,11.33333333,73.07638889,4.325520833,944.475621
Metropolitana.de.Santiago,2017/9/10,2017,36,125,8,0.064,17.76283484,45.06944444,6.220520263,30.31788405,22.25078021,19.36666667,1.9,17.46666667,9.008333333,7.566666667,71.62414481,4.156456127,944.9090016
Metropolitana.de.Santiago,2017/9/17,2017,37,125,3,0.024,19.92578125,45.70833333,7.476207828,32.12832845,22.55944294,30.86666667,1.366666667,29.5,10.84583333,6.533333333,65.38605965,4.303932669,945.5844169
Metropolitana.de.Santiago,2017/9/24,2017,38,116,4,0.034482759,18.26888031,39.38888889,6.88922319,31.8069867,17.72640911,28.8,4.3,24.5,13.275,0.366666667,62.69237447,4.926816239,943.3882946
Metropolitana.de.Santiago,2017/10/1,2017,39,122,2,0.016393443,18.98828125,40.45138889,6.97588706,27.7830784,20.4112063,24.3,6.866666667,17.43333333,14.075,14.53333333,63.90588942,4.38126717,942.5074544
Metropolitana.de.Santiago,2017/10/8,2017,40,108,1,0.009259259,10.88020839,26.06076389,5.984516723,29.12546933,16.55210723,27,3.633333333,23.36666667,12.5125,30.9,69.82448725,4.724068655,943.8716049
Metropolitana.de.Santiago,2017/10/15,2017,41,81,1,0.012345679,11.35416661,31.20932542,7.893155283,31.36335577,15.62336811,29.1,4.733333333,24.36666667,13.19583333,0,62.8787107,4.974893162,942.9391941
Metropolitana.de.Santiago,2017/10/22,2017,42,103,1,0.009708738,13.41331847,30.55092611,7.14315048,30.47618618,17.9692889,28.46666667,6.1,22.36666667,15.60416667,0,60.84219845,4.783563847,941.167069
Metropolitana.de.Santiago,2017/10/29,2017,43,81,0,0,10.06361608,25.90839958,7.59911219,31.76941378,14.26429716,28.46666667,8.333333333,20.13333333,15.87083333,0,58.31009325,5.782202248,941.9818603
Metropolitana.de.Santiago,2017/11/5,2017,44,112,0,0,9.333333328,22.82638889,5.990958648,26.17308567,16.01299946,27.76666667,4,23.76666667,14.11166667,0.166666667,63.34521902,4.961204594,943.0839076
Metropolitana.de.Santiago,2017/11/12,2017,45,115,1,0.008695652,12.015625,28.26388889,6.874846105,27.5478305,15.9205762,32.7,10.46666667,22.23333333,19.47527778,0,55.13616071,5.432091346,940.6587073
Metropolitana.de.Santiago,2017/11/19,2017,46,122,0,0,11.58593744,29.05555556,7.081475843,29.47781445,14.17868023,30,8.366666667,21.63333333,18.52361111,0,52.36619544,6.196247329,940.7584001
Metropolitana.de.Santiago,2017/11/26,2017,47,92,0,0,12.93489578,38.52777778,8.981207878,31.91966085,17.18260198,32.33333333,8.3,24.03333333,19.4843254,0,44.33016628,6.028050678,940.9108925
Metropolitana.de.Santiago,2017/12/3,2017,48,93,0,0,13.23697906,40.62037042,7.18151432,31.52649492,15.0452764,29.33333333,10.8,18.53333333,18.14583333,0,56.96483791,6.45631105,939.7589515
Metropolitana.de.Santiago,2017/12/10,2017,49,64,1,0.015625,13.65364578,34.97222222,7.51772844,33.229886,16.57138287,34.16666667,10.9,23.26666667,19.675,0,53.67698352,6.218480229,940.1901863
Metropolitana.de.Santiago,2017/12/17,2017,50,74,0,0,10.92578125,30.73611111,6.809659685,29.2277827,15.30383071,34.5,11.9,22.6,20.925,0,49.08240834,6.334388106,940.3801111
Metropolitana.de.Santiago,2017/12/24,2017,51,85,0,0,11.95535714,37.60555556,9.08631327,27.02077125,16.69815815,32.53333333,11.9,20.63333333,21.95833333,0,41.60014674,6.223780409,939.5093998
Metropolitana.de.Santiago,2017/12/31,2017,52,77,0,0,8.926339281,27.77569444,8.79038902,23.78146672,12.90267985,32.96666667,12.16666667,20.8,22.3625,0,44.86972346,6.280499752,940.4648332
Metropolitana.de.Santiago,2018/1/7,2018,1,60,0,0,10.06197917,27.19618056,8.972018718,22.91197333,13.22211761,34,13.03333333,20.96666667,21.80833333,0,47.59300595,6.289558532,941.2705233
Metropolitana.de.Santiago,2018/1/14,2018,2,61,0,0,13.8125,34.02777778,8.37765043,24.682522,13.67356818,30.96666667,14.46666667,16.5,21.15416667,0,59.61004896,6.455423916,939.857919
Metropolitana.de.Santiago,2018/1/21,2018,3,55,1,0.018181818,13.015625,34.33606153,6.893079175,24.55863367,13.26583495,33,11.93333333,21.06666667,20.375,0,59.43229167,6.39484127,940.059189
Metropolitana.de.Santiago,2018/1/28,2018,4,64,1,0.015625,14,37.953125,6.749448155,23.84723315,14.583963,34.8,11.8,23,20.77083333,0,56.35205853,6.127604167,937.9914063
Metropolitana.de.Santiago,2018/2/4,2018,5,72,1,0.013888889,15.72070313,41.92658722,8.000981545,24.58742529,16.44023017,34.8,10.83333333,23.96666667,21.8125,0,49.49541171,6.216641865,937.1025794
Metropolitana.de.Santiago,2018/2/11,2018,6,52,2,0.038461538,13.37053563,38.97222222,6.964297653,21.91952462,15.07635503,32.53333333,11.23333333,21.3,21.32916667,0,52.63541667,6.206349206,939.9363591
Metropolitana.de.Santiago,2018/2/18,2018,7,65,0,0,15.83816953,41.84722222,7.727326475,21.36509433,17.42949043,35.23333333,11.36666667,23.86666667,21.35833333,0,48.57964959,6.165764063,939.78943
Metropolitana.de.Santiago,2018/2/25,2018,8,53,0,0,11.34375,29.94444444,6.883841383,18.2221929,14.45568202,31.66666667,11.6,20.06666667,20.54326389,0,55.87202381,6.134653541,940.7407013
Metropolitana.de.Santiago,2018/3/4,2018,9,54,0,0,13.02994797,31.87268514,7.18174308,19.39510503,16.77858505,31,11.4,19.6,19.38229167,0,60.13107639,6.019097222,941.2420654
Metropolitana.de.Santiago,2018/3/11,2018,10,62,1,0.016129032,14.6734375,35.28472222,7.048578468,20.00987302,20.73040124,32.5,10.03333333,22.46666667,19.16388889,0,55.90302579,5.543755723,939.618585
Metropolitana.de.Santiago,2018/3/18,2018,11,88,0,0,12.76093755,30.7375,6.451984328,19.01454528,20.65764253,30.23333333,7.766666667,22.46666667,17.53194444,0.566666667,44.4484127,5.371174832,940.33301
Metropolitana.de.Santiago,2018/3/25,2018,12,78,0,0,12.93554688,32.48015875,7.092580058,19.10089403,23.56745575,32.3,8.533333333,23.76666667,17.36840278,0,51.09376335,5.298811432,940.8635483
Metropolitana.de.Santiago,2018/4/1,2018,13,72,0,0,16.859375,38.58333333,8.991523963,20.70926047,25.21429783,32.3,8.733333333,23.56666667,18.73902778,0,44.9765625,4.729834402,939.7221955
Metropolitana.de.Santiago,2018/4/8,2018,14,99,0,0,15.95898438,43.40277778,6.667467045,19.9363624,24.84168274,27.63333333,8.633333333,19,16.57791667,0,61.74505876,4.801348825,940.7585804
Metropolitana.de.Santiago,2018/4/15,2018,15,90,0,0,15.953125,42.97222222,7.341741075,17.07303124,25.7795361,28.2,7.6,20.6,15.26645833,0,62.11805556,4.518229167,942.2438368
Metropolitana.de.Santiago,2018/4/22,2018,16,125,1,0.008,22.5234375,51.47222222,9.368607463,20.22991378,32.27421263,28.2,8.1,20.1,15.685625,0,56.31482865,4.1040157,941.5496377
Metropolitana.de.Santiago,2018/4/29,2018,17,130,0,0,22.32617188,63.16666667,8.051826085,18.50998109,34.70815522,26.56666667,5.166666667,21.4,14.39222222,0,55.31303419,3.891619925,942.3391026
Metropolitana.de.Santiago,2018/5/6,2018,18,127,3,0.023622047,23.99739578,54.13888889,5.795288695,18.7850479,31.62176038,25.73333333,4.766666667,20.96666667,13.17083333,0,60.13458258,4.011737621,942.302038
Metropolitana.de.Santiago,2018/5/13,2018,19,127,3,0.023622047,23.8359375,53.19444444,9.70100408,16.55574618,29.05410553,25.4,4.933333333,20.46666667,12.78333333,0,67.16471415,4.072276433,943.2568376
Metropolitana.de.Santiago,2018/5/20,2018,20,118,0,0,32.5390625,64.38888889,9.40760731,17.01410133,34.54592449,25.13333333,2.933333333,22.2,11.7,0,56.49361454,3.815883015,943.6840237
Metropolitana.de.Santiago,2018/5/27,2018,21,139,8,0.057553957,36.73242188,90.87301583,10.61718992,18.89482894,38.08667831,25.63333333,0.466666667,25.16666667,10.59166667,0,46.29165329,3.582839262,942.991597
Metropolitana.de.Santiago,2018/6/3,2018,22,169,6,0.035502959,32.92643234,71.03298611,9.390603018,19.92206402,30.69683563,19.8,-2.266666667,22.06666667,8.951041667,11.43333333,68.84173632,3.817425615,943.656642
Metropolitana.de.Santiago,2018/6/10,2018,23,167,10,0.05988024,31.10611984,83.13888889,8.656363248,19.0599918,36.68226349,21.23333333,-1.433333333,22.66666667,8.048214286,35.7,58.39108922,3.777400362,943.4489621
Metropolitana.de.Santiago,2018/6/17,2018,24,214,34,0.158878505,36.29771219,73.875,8.012268178,17.48846306,35.01628695,25.03333333,-1.833333333,26.86666667,7.445833333,18.26666667,64.72473958,3.374368687,945.9041667
Metropolitana.de.Santiago,2018/6/24,2018,25,241,52,0.215767635,41.0625,65.13368056,12.16815983,16.00031741,36.78851738,26.63333333,1.3,25.33333333,9.240763889,1.5,62.96987847,3.383680556,944.4657986
Metropolitana.de.Santiago,2018/7/1,2018,26,271,74,0.273062731,39.98046875,50.66666667,11.47560917,19.32208052,34.01095868,20.86666667,2.633333333,18.23333333,9.019930556,4.666666667,74.85508207,3.27282197,943.1939536
Metropolitana.de.Santiago,2018/7/8,2018,27,249,95,0.381526104,23.96517859,46.13888889,4.675401955,22.80386663,24.12225603,20.7,2.766666667,17.93333333,9.179166667,45.4,79.44260351,3.548179142,940.9963076
Metropolitana.de.Santiago,2018/7/15,2018,28,199,62,0.311557789,36.671875,69.69618056,9.957496348,17.98424544,33.71063919,24.23333333,2.6,21.63333333,9.866666667,0.033333333,67.64340278,3.572679924,942.9940183
Metropolitana.de.Santiago,2018/7/22,2018,29,218,85,0.389908257,27.28125,79.47222222,7.308305783,19.07768867,29.43715066,16.4,-2.066666667,18.46666667,7.6625,0.166666667,67.74195728,3.900218215,944.895412
Metropolitana.de.Santiago,2018/7/29,2018,30,284,99,0.348591549,35.578125,95.04166667,8.39596112,20.63049568,35.22641826,22.1,-1.933333333,24.03333333,6.516666667,1.766666667,64.40746528,3.516729798,945.1881392
Metropolitana.de.Santiago,2018/8/5,2018,31,328,112,0.341463415,41.65429688,76.71701389,7.556232943,19.73345861,36.91139939,18.16666667,-0.966666667,19.13333333,6.633333333,0,62.79169823,3.506549874,944.7637153
Metropolitana.de.Santiago,2018/8/12,2018,32,279,87,0.311827957,32.42773438,74.42261903,8.003394893,21.11746802,37.40298476,26.16666667,-0.233333333,26.4,11.02916667,9.1,56.66481158,3.593592172,943.2854324
Metropolitana.de.Santiago,2018/8/19,2018,33,262,70,0.267175573,23.13932297,59.41666667,7.03532438,26.55440205,29.81793475,25.43333333,-0.733333333,26.16666667,10.6,0,60.83320646,3.9609375,945.4932292
Metropolitana.de.Santiago,2018/8/26,2018,34,253,78,0.308300395,25.28320313,54.97222222,6.929467373,28.37007608,28.15411151,27.76666667,-1.533333333,29.3,8.691666667,1.933333333,58.99535256,4.232638889,944.6547743
Metropolitana.de.Santiago,2018/9/2,2018,35,223,37,0.165919283,22.27455359,49.05555556,6.86496936,26.23778827,25.34167156,27.76666667,3.733333333,24.03333333,11.040625,0.066666667,66.73055904,4.332386021,943.1140172
Metropolitana.de.Santiago,2018/9/9,2018,36,242,28,0.115702479,23.859375,56.43055556,8.645550835,28.31281822,27.47149395,30.8,3.433333333,27.36666667,12.64940476,0,55.1375736,4.252958937,943.2118037
Metropolitana.de.Santiago,2018/9/16,2018,37,220,23,0.104545455,19.20507813,52.625,9.054869995,29.18497195,26.6906242,28.03333333,3.933333333,24.1,12.01488095,0.1,61.61062425,4.297252415,942.5129755
Metropolitana.de.Santiago,2018/9/23,2018,38,122,13,0.106557377,15.921875,23.5,6.443426425,28.38761725,19.69541999,27.3,4.466666667,22.83333333,12.60416667,18.63333333,67.05534391,3.945292178,943.2171831
Metropolitana.de.Santiago,2018/9/30,2018,39,185,13,0.07027027,13.98632813,32.06944444,6.153737283,26.45163652,22.58701994,20.96666667,6.133333333,14.83333333,12.93333333,5.733333333,69.27498474,4.18616453,941.6141092
Metropolitana.de.Santiago,2018/10/7,2018,40,230,10,0.043478261,13.48958339,36.76388889,6.429830753,31.82349018,21.99642531,28.56666667,3.966666667,24.6,13.67916667,0.166666667,56.83784393,4.864850427,942.2595753
Metropolitana.de.Santiago,2018/10/14,2018,41,159,6,0.037735849,13.56510422,34.625,5.404732173,31.7334203,19.9248965,23.16666667,5.066666667,18.1,13.04583333,0,68.15996928,4.948651175,943.9541685
Metropolitana.de.Santiago,2018/10/21,2018,42,146,4,0.02739726,10.27362352,26.77777778,5.0841606,29.9698926,16.66887515,24.96666667,5.066666667,19.9,13.72083333,0,63.51103575,5.469083868,942.8253606
Metropolitana.de.Santiago,2018/10/28,2018,43,148,2,0.013513514,11.1564358,33.13252319,6.213634085,27.76616442,18.45000671,27.8,6.733333333,21.06666667,17.00416667,0,50.68955567,5.03525641,942.0440371
Metropolitana.de.Santiago,2018/11/4,2018,44,77,1,0.012987013,9.557663594,22.84722222,5.393865888,24.8675931,14.89920721,26.4,7.8,18.6,16.6875,1.866666667,60.5842192,5.442975427,941.6475717
Metropolitana.de.Santiago,2018/11/11,2018,45,142,0,0,9.59765625,31.70833333,6.57593669,25.57857058,16.37105625,33.9,8.2,25.7,19.2875,0,44.65587384,5.973090278,940.3168069
Metropolitana.de.Santiago,2018/11/18,2018,46,103,1,0.009708738,9.21875,25.95833333,5.87637049,23.13247833,15.4188717,31.73333333,6.266666667,25.46666667,17.41666667,10.2,53.32987001,5.607772436,942.2685831
Metropolitana.de.Santiago,2018/11/25,2018,47,96,0,0,10.83007813,31.04340278,8.522541998,26.40061418,15.9856853,32.3,10.26666667,22.03333333,21.4625,0,41.08344917,5.926656564,940.6154366
Metropolitana.de.Santiago,2018/12/2,2018,48,126,2,0.015873016,11.56054688,39.14351861,9.73632954,27.7512499,15.6640959,31,10.5,20.5,20.0625,0,46.97577354,6.391597861,940.6995834
Metropolitana.de.Santiago,2018/12/9,2018,49,102,0,0,11.70898438,38.61689819,6.297382713,26.7158693,14.47651101,30.4,10,20.4,18.52916667,1.5,61.5672123,5.946899802,941.7881696
Metropolitana.de.Santiago,2018/12/16,2018,50,83,0,0,11.04520089,25.18576389,7.213345028,24.54557355,14.14120038,31.9,8.5,23.4,19.2625,0,49.05975947,6.297532781,942.1731698
Metropolitana.de.Santiago,2018/12/23,2018,51,75,0,0,13.20535719,31.45833333,9.76920006,24.44111045,15.18422975,32.43333333,10.9,21.53333333,20.85,0,50.12146523,6.737264924,940.2938789
Metropolitana.de.Santiago,2018/12/30,2018,52,84,1,0.011904762,12.37053578,32.13888889,8.408514685,23.6859072,13.63683765,33.23333333,11.7,21.53333333,21.35416667,0,50.71396275,6.747929607,938.6538987
Metropolitana.de.Santiago,2019/1/6,2019,1,68,0,0,16.078125,35.52212306,8.110277793,24.18627995,14.65242246,34.73333333,11.7,23.03333333,22.025,0,42.59286954,6.422991071,937.8576141
Metropolitana.de.Santiago,2019/1/13,2019,2,72,0,0,8.359375,24.66904764,6.861540763,19.21818378,12.4487849,29.03333333,9.766666667,19.26666667,18.69166667,0,58.91319444,6.351041667,941.6839633
Metropolitana.de.Santiago,2019/1/20,2019,3,66,0,0,12.30133922,36.75,8.901831538,22.86076543,14.39248341,34.23333333,11.63333333,22.6,20.82083333,0,50.47006448,6.584573413,940.8612227
Metropolitana.de.Santiago,2019/1/27,2019,4,80,0,0,15.25,42.80555556,9.939839023,24.7823546,17.23188727,38.33333333,13.2,25.13333333,23.44166667,0,47.36500496,6.297123016,938.6270461
Metropolitana.de.Santiago,2019/2/3,2019,5,61,0,0,14.515625,45.375,10.17229574,23.97247617,17.52100395,35.86666667,12.86666667,23,23.6,0,44.31026786,6.368923611,939.0505952
Metropolitana.de.Santiago,2019/2/10,2019,6,83,4,0.048192771,16.10267858,45.94791667,7.80461664,25.24716915,18.18935846,33.76666667,14.8,18.96666667,23.40416667,0,51.15385665,6.158705357,937.9019221
Metropolitana.de.Santiago,2019/2/17,2019,7,67,0,0,16.4375,55.50763889,6.425949878,24.61178064,16.86354401,36.06666667,12.16666667,23.9,21.11666667,0,54.8029854,5.85270553,939.245342
Metropolitana.de.Santiago,2019/2/24,2019,8,72,0,0,11.69921875,32.17222222,5.91375216,22.14411785,14.74326429,32.13333333,13.2,18.93333333,21.09166667,0,59.84882827,5.901793594,939.9470361
Metropolitana.de.Santiago,2019/3/3,2019,9,68,0,0,12.875,41.85115736,8.635436653,23.4856676,19.12397737,32,10.83333333,21.16666667,20.39166667,0,43.77718349,5.773170406,939.946441
Metropolitana.de.Santiago,2019/3/10,2019,10,86,0,0,11.28125,37.79050931,7.7113394,22.00249232,19.14754697,31.36666667,11.2,20.16666667,19.14166667,0,50.87692975,5.720352564,939.655028
Metropolitana.de.Santiago,2019/3/17,2019,11,101,1,0.00990099,13.25195313,41.73611111,8.212055133,22.80374195,19.92986218,31.66666667,8.666666667,23,18.45,0,52.88861416,5.551682692,939.6433494
Metropolitana.de.Santiago,2019/3/24,2019,12,104,0,0,15.76888031,46.79166667,9.91642883,23.96495485,25.24247125,31.66666667,7.766666667,23.9,18.1,0,42.87661592,4.965745192,941.2255743
Metropolitana.de.Santiago,2019/3/31,2019,13,149,1,0.006711409,19,53.43055556,6.39383703,24.8512927,28.92203573,29.7,9.333333333,20.36666667,16.97083333,1.2,58.39408387,5.086137821,940.5751402
Metropolitana.de.Santiago,2019/4/7,2019,14,136,0,0,19.24283844,45.59027778,8.126098008,24.48137682,29.03633503,32.26666667,9.766666667,22.5,17.68333333,0,60.62227321,4.737580128,942.283873
Metropolitana.de.Santiago,2019/4/14,2019,15,127,0,0,24.10872391,48.52777778,6.014072778,24.30573815,28.23666118,32.26666667,4.9,27.36666667,14.49322917,0,64.2090366,4.587830047,942.0741417
Metropolitana.de.Santiago,2019/4/21,2019,16,103,0,0,21.68359375,52.76388889,6.076102915,22.86866995,27.59405987,29.5,4.766666667,24.73333333,14.0875,0,59.01507809,4.016692056,941.557539
Metropolitana.de.Santiago,2019/4/28,2019,17,137,1,0.00729927,23.53125,59.05555556,5.381008728,20.17282744,28.77332063,26.56666667,4.766666667,21.8,12.89947917,0.266666667,69.84484965,3.947717666,942.4786894
Metropolitana.de.Santiago,2019/5/5,2019,18,164,2,0.012195122,20.48828125,44.625,6.874146565,21.43377598,28.67300057,26.56666667,5.266666667,21.3,14.59285714,0,53.07530262,3.610304471,941.1131986
Metropolitana.de.Santiago,2019/5/12,2019,19,166,4,0.024096386,24.71875,53.59722222,5.551315443,18.87789645,29.86456493,22.86666667,2.366666667,20.5,11.6172619,0.2,67.432901,3.712002841,942.3414541
Metropolitana.de.Santiago,2019/5/19,2019,20,200,9,0.045,27.71354167,75.59166667,6.27486856,22.15137575,32.54987878,28.1,3.133333333,24.96666667,11.4125,0,58.0939641,3.440030513,942.6975482
Metropolitana.de.Santiago,2019/5/26,2019,21,230,14,0.060869565,28.6875,83.73888889,5.892785283,22.12105715,31.01177543,22.36666667,-0.1,22.46666667,8.708333333,0,54.65045633,3.727400362,943.0583627
Metropolitana.de.Santiago,2019/6/2,2019,22,239,14,0.058577406,26.45247391,51.96304556,4.423842983,19.93799208,27.92643353,19.83333333,2.166666667,17.66666667,10.1125,5.933333333,67.50001407,3.250367122,943.6049867
Metropolitana.de.Santiago,2019/6/9,2019,23,335,44,0.131343284,32.90625,54.58333333,4.838636798,19.5614036,31.24241605,22.73333333,0.466666667,22.26666667,9.708333333,0,56.29272412,3.22522096,944.6506471
Metropolitana.de.Santiago,2019/6/16,2019,24,328,53,0.161585366,24.0625,59.88888889,4.18420943,19.90903737,27.79303082,20.76666667,0.466666667,20.3,8.270833333,25.1,68.79201286,7.0459345,942.7039292
Metropolitana.de.Santiago,2019/6/23,2019,25,310,81,0.261290323,38.34375,84.94444444,5.02533292,20.31627285,32.85279335,20.56666667,0.3,20.26666667,8.183333333,0.433333333,64.02319287,5.468137072,944.1363242
Metropolitana.de.Santiago,2019/6/30,2019,26,348,147,0.422413793,30.62369797,57.06944444,4.704145155,22.10442011,30.45211853,15.9,-1.433333333,17.33333333,7.025,20.9,71.73686176,3.360447546,942.8734678
Metropolitana.de.Santiago,2019/7/7,2019,27,281,83,0.295373665,36.4921875,76.51388889,4.847234655,17.46829219,42.68143055,22.6,-1.033333333,23.63333333,7.2484375,0,65.16644425,3.114932418,943.6400563
Metropolitana.de.Santiago,2019/7/14,2019,28,285,83,0.29122807,41.65625,51.52182542,4.63537163,17.34364141,43.39692918,16.13333333,0.033333333,16.1,7.975,0,75.37411152,3.07247112,944.4052278
Metropolitana.de.Santiago,2019/7/21,2019,29,274,99,0.361313869,40.30273438,62.24007944,5.346464028,20.281677,44.72666258,21.33333333,0.033333333,21.3,8.508333333,11.5,61.77322683,3.471627278,944.1072673
Metropolitana.de.Santiago,2019/7/28,2019,30,310,118,0.380645161,30.20535714,72.43055556,5.061331393,20.67852683,31.19294428,17.93333333,-1.666666667,19.6,7.104166667,12.3,69.73517958,3.534463521,945.6302845
Metropolitana.de.Santiago,2019/8/4,2019,31,287,92,0.320557491,27.36830358,52.33333333,5.650529275,20.06279304,29.40505874,26.93333333,-0.833333333,27.76666667,10.02291667,0.9,51.46436903,3.903993056,948.6557789
Metropolitana.de.Santiago,2019/8/11,2019,32,262,84,0.320610687,25.40625,55.23611111,5.390638538,23.51679675,28.29918965,26.93333333,-1.1,28.03333333,7.825694444,0,57.55260835,4.246596154,945.5872155
Metropolitana.de.Santiago,2019/8/18,2019,33,299,76,0.254180602,23.23632813,52.48611111,4.518053433,21.83806763,27.21070634,27.8,-0.033333333,27.83333333,9.208333333,0,61.59729324,4.123027146,944.0724511
Metropolitana.de.Santiago,2019/8/25,2019,34,258,58,0.224806202,27.0625,66.06018528,4.867704223,18.07028999,31.42037922,28.9,4.066666667,24.83333333,13.13333333,0,55.20377315,3.788101806,944.0453638
Metropolitana.de.Santiago,2019/9/1,2019,35,221,28,0.126696833,18.9921875,44.625,5.650336378,21.3757619,25.83462921,27.66666667,2.933333333,24.73333333,14.05416667,0,50.86277586,4.230917646,943.8509282
Metropolitana.de.Santiago,2019/9/8,2019,36,188,18,0.095744681,14.796875,44.98239083,5.566476728,24.8113079,21.8448235,24.43333333,2.133333333,22.3,11.7375,0.1,54.09775305,4.447929819,942.1450823
Metropolitana.de.Santiago,2019/9/15,2019,37,208,17,0.081730769,12.878125,34.72982806,4.464179193,26.2268855,18.25627612,25.8,3.333333333,22.46666667,11.1375,6.233333333,64.80267909,4.596264959,943.4260469
Metropolitana.de.Santiago,2019/9/22,2019,38,110,7,0.063636364,12.61523438,34.08506944,6.168635093,26.9678635,16.36371901,27.2,2.566666667,24.63333333,11.95416667,0,57.00713074,4.813848912,943.5371439
Metropolitana.de.Santiago,2019/9/29,2019,39,214,11,0.051401869,15.63839281,34.77951389,6.235435105,27.7395106,19.94880085,29.06666667,5.166666667,23.9,14.12083333,0.066666667,58.63768698,5.584871348,941.943814
Metropolitana.de.Santiago,2019/10/6,2019,40,132,3,0.022727273,10.296875,27.57002319,5.012106178,26.7374116,16.22359733,26.13333333,2.9,23.23333333,11.09479167,3.033333333,57.05626235,5.590049844,944.6139049
Metropolitana.de.Santiago,2019/10/13,2019,41,164,4,0.024390244,16.98130581,38.02546292,6.370916943,26.44169877,20.57822308,32.16666667,4.8,27.36666667,15.375,0,43.51927161,4.663020944,941.2876503
Metropolitana.de.Santiago,2019/10/20,2019,42,135,0,0,13.36575516,39.10648153,4.894707253,30.21142938,15.74063811,25.4,5.65,19.75,13.1,0.433333333,59.89624601,5.637475083,942.6994997
Metropolitana.de.Santiago,2019/10/27,2019,43,163,1,0.006134969,13.37395828,30.48611111,5.39925228,31.3515045,14.52459028,29.23333333,5.216666667,24.01666667,14.44583333,0,46.83267128,5.417245828,942.6136228
Metropolitana.de.Santiago,2019/11/3,2019,44,100,0,0,8.796875,26.77777778,5.100531998,29.69073778,15.39545483,29.33333333,6.6,22.73333333,13.82083333,0,49.22017895,6.018456197,941.3665465
Metropolitana.de.Santiago,2019/11/10,2019,45,116,1,0.00862069,12.5625,37.7375,7.320332728,31.92472228,16.81354952,34.43333333,8.566666667,25.86666667,16.6375,0,41.56050614,5.836057692,939.2631343
Metropolitana.de.Santiago,2019/11/17,2019,46,61,0,0,11.953125,36.97361111,7.032039555,31.37857645,12.9722625,33.33333333,10.43333333,22.9,17.65833333,0,45.69618697,6.453087021,940.6320897
Metropolitana.de.Santiago,2019/11/24,2019,47,97,0,0,12.24023438,39.15682875,5.879956615,31.61467097,13.70089433,34.03333333,10.76666667,23.26666667,17.3125,0,44.90428877,6.473777091,940.3355521
Metropolitana.de.Santiago,2019/12/1,2019,48,75,0,0,10.421875,32.51388889,5.82964623,30.03357272,11.74767262,32.83333333,7.966666667,24.86666667,16.23333333,0,42.08768601,6.417649191,941.3038681
Metropolitana.de.Santiago,2019/12/8,2019,49,73,0,0,12.3828125,40.125,8.225461508,30.33446947,12.32119162,33.13333333,9.366666667,23.76666667,17.0375,0,42.21460382,6.413102786,940.6781644
Metropolitana.de.Santiago,2019/12/15,2019,50,94,0,0,10.703125,34.61111111,6.882315398,28.31473602,12.24355429,34.26666667,9.8,24.46666667,17.07083333,0,44.33740079,6.341840278,941.045191
Metropolitana.de.Santiago,2019/12/22,2019,51,80,0,0,11.27539063,36.41666667,8.404744015,27.7979597,12.63555688,34.56666667,10.86666667,23.7,18.4375,0,37.46145833,5.962673611,939.619494
Metropolitana.de.Santiago,2019/12/29,2019,52,94,0,0,11.51041672,33.00462963,8.080857158,28.31304825,12.48466399,36.5,11.9,24.6,19.15,0,38.4157223,6.487274878,938.4953936
Nuble,2015/1/4,2015,1,5,0,0,3.714355,42.737075,10.55505645,13.8616443,13.3946616,34.6,7.8,26.8,20.375,0,38.50841346,5.155448718,912.345633
Nuble,2015/1/11,2015,2,7,0,0,8.75665125,51.856725,16.7457038,18.5447752,16.3190298,34.6,10.9,23.7,21.3375,0,39.06547619,5.101905907,912.1387735
Nuble,2015/1/18,2015,3,5,0,0,10.90514125,57.4452875,16.04742468,21.35320775,17.93323305,34.6,11.6,23,22.25,0,38.87245307,5.815390339,913.0838542
Nuble,2015/1/25,2015,4,2,0,0,6.04114125,44.557375,15.80544475,20.9908699,15.49958715,34,10.6,23.4,21.5125,0,45.45933494,4.929086538,913.953726
Nuble,2015/2/1,2015,5,2,0,0,7.53214375,52.820275,13.57029328,14.9234645,17.3674588,33.6,8.3,25.3,21.225,0,39.06730769,4.786858974,912.4364583
Nuble,2015/2/8,2015,6,4,0,0,9.18759875,53.3254875,7.906148025,14.65130625,19.9269472,34.1,9.4,24.7,21.625,0,40.60416667,4.471354167,912.446855
Nuble,2015/2/15,2015,7,7,0,0,10.25342,66.5311875,13.98370635,19.93898445,25.96795355,33.1,8.2,24.9,20.45,0,39.50020032,5.271233974,914.0182492
Nuble,2015/2/22,2015,8,8,0,0,23.5182375,67.3072625,14.73957635,20.65322315,25.7161675,32.8,8,24.8,18.5625,0,44,5.036858974,913.0905649
Nuble,2015/3/1,2015,9,6,0,0,12.07336875,40.3754875,48.10158215,17.0602222,18.92140805,33.7,8,25.7,18.875,0,55.703125,4.062900641,912.9785256
Nuble,2015/3/8,2015,10,12,0,0,8.41899125,50.962475,31.2723986,16.85212655,25.7034869,31.8,7.2,24.6,18.18291667,0,47.11197917,4.560697115,912.79375
Nuble,2015/3/15,2015,11,8,0,0,19.8351275,82.0859125,30.60294275,21.59772265,36.52652,34.2,7.5,26.7,19.73125,0,35.13060897,5.7109375,911.5341146
Nuble,2015/3/22,2015,12,5,1,0.2,10.750065,79.30985,34.79529645,16.57512465,34.90966595,34.1,5,29.1,19.45,0,33.34114583,4.080729167,913.8567708
Nuble,2015/3/29,2015,13,5,0,0,12.9979375,44.47755125,40.22054028,13.15655145,26.19288615,30,6.8,23.2,19.45,7.2,55.6484375,3.690104167,915.1278646
Nuble,2015/4/5,2015,14,15,0,0,8.99175875,68.420935,54.54549835,17.0550821,35.234255,29.5,1.4,28.1,19.45,0,47.55208333,4.286458333,914.7276042
Nuble,2015/4/12,2015,15,8,0,0,17.58728,90.3634225,58.00291913,19.12636355,37.63572,29.6,5.2,24.4,19.45,0,56.61985604,3.648887103,912.4817418
Nuble,2015/4/19,2015,16,18,0,0,22.81377125,67.011525,31.85043283,19.06361415,39.434457,29.6,1.2,28.4,19.45,28.8,60.70605728,3.251300007,913.6986045
Nuble,2015/4/26,2015,17,14,1,0.071428571,46.34336875,100.3266375,66.12339625,17.48253605,50.303113,25.4,2.2,23.2,19.45,0.1,47.17322485,3.464631928,914.4135543
Nuble,2015/5/3,2015,18,18,1,0.055555556,64.3981375,101.2003125,44.68155533,17.95473925,43.311487,22,1.2,20.8,19.45,6.8,55.3687066,3.600299874,914.2428524
Nuble,2015/5/10,2015,19,18,1,0.055555556,55.1455125,98.3496375,95.66428925,17.47164335,49.616819,21,0.6,20.4,19.45,11.7,53.89891098,4.990767045,914.2204309
Nuble,2015/5/17,2015,20,17,0,0,62.7865875,124.98425,68.9726135,15.05495355,63.4826885,21.6,3,18.6,19.45,0,57.65104167,3.250710227,914.2848958
Nuble,2015/5/24,2015,21,24,6,0.25,73.318675,98.8723,81.65540143,12.9920805,47.785323,20.5,-0.1,20.6,19.45,32.3,64.96022727,3.726325758,915.2890862
Nuble,2015/5/31,2015,22,20,4,0.2,92.8467625,113.461,105.0992728,13.84956335,66.036081,15.3,-3,18.3,19.45,33.4,64.2905303,4.124147727,915.5175521
Nuble,2015/6/7,2015,23,26,8,0.307692308,36.8519,127.3377,110.8913363,9.7439195,60.318296,18.2,5.5,12.7,19.45,68.9,77.44507576,6.506392045,913.6911458
Nuble,2015/6/14,2015,24,24,10,0.416666667,64.8729875,80.2914375,79.27616633,15.3942467,42.7968135,15.5,-0.8,16.3,19.45,68.4,75.046875,4.736979167,916.4702178
Nuble,2015/6/21,2015,25,24,10,0.416666667,75.65275,178.760625,94.69120488,16.50940095,66.837854,14.9,-0.3,15.2,19.45,1.8,60.35961174,5.3359375,916.5887074
Nuble,2015/6/28,2015,26,29,13,0.448275862,73.632825,156.536125,74.6163555,10.5170415,70.1333765,18.4,-1.7,20.1,17.825,0.2,53.30563447,6.683712121,914.3783854
Nuble,2015/7/5,2015,27,48,17,0.354166667,81.2361125,156.3515,118.2341155,10.88362275,61.4296345,15.3,-3.1,18.4,14.825,18.8,57.50828598,5.642045455,914.5225379
Nuble,2015/7/12,2015,28,36,13,0.361111111,54.354775,96.6326625,70.33482683,9.28689895,50.6379081,14.4,1.8,12.6,12.8,123.4,82.64559659,5.685606061,912.2636127
Nuble,2015/7/19,2015,29,49,19,0.387755102,61.9373625,88.5005125,85.73283865,19.18768338,39.2908156,13.1,0.6,12.5,12.8,69.8,80.52083333,5.810369318,914.9665483
Nuble,2015/7/26,2015,30,29,7,0.24137931,72.0978625,114.8723625,61.58942403,13.75666131,63.1876695,16.6,-2.1,18.7,12.8,22.2,64.05989583,5.985795455,915.9253078
Nuble,2015/8/2,2015,31,34,9,0.264705882,33.39575,69.9987625,42.89464983,8.6857498,40.835198,15,2.5,12.5,12.8,99,79.83972538,7.675899621,911.2360795
Nuble,2015/8/9,2015,32,48,8,0.166666667,40.0049,43.8186875,23.78757048,10.6589504,34.09893005,17.3,0.5,16.8,12.8,80.8,77.27690972,6.797348485,907.6250552
Nuble,2015/8/16,2015,33,47,5,0.106382979,52.8949125,45.8906125,11.20668975,18.5630718,27.25312155,15.6,-1.8,17.4,12.8,15,69.17582071,5.757102273,915.3919823
Nuble,2015/8/23,2015,34,57,7,0.122807018,52.1712375,61.0521125,21.70459745,20.8584621,33.6728445,21,-1.1,22.1,12.8,22,60.2014678,6.538589015,913.9426847
Nuble,2015/8/30,2015,35,47,11,0.234042553,58.74571,74.2831,31.91130853,16.4119718,42.4904675,20.4,4.5,15.9,12.8,98.6,72.3610322,7.255918561,912.3098485
Nuble,2015/9/6,2015,36,55,10,0.181818182,33.9475125,73.4062125,35.18414048,23.8907585,38.04904975,22.9,1.8,21.1,12.8,9.2,53.52075321,6.447541521,914.6595662
Nuble,2015/9/13,2015,37,40,6,0.15,21.9466,47.0234375,39.68438675,21.8849729,29.60359625,20.8,-1.9,22.7,12.8,27.8,63.28385417,6.515625,915.4989583
Nuble,2015/9/20,2015,38,39,5,0.128205128,40.037675,52.3697625,50.0986182,23.31395255,30.7317255,20.8,-0.3,21.1,12.8,0,57.52864583,4.513020833,912.5432292
Nuble,2015/9/27,2015,39,32,1,0.03125,31.2982375,43.5668125,48.87168727,22.44293835,26.4422611,19.4,2.7,16.7,12.8,93.2,70.5625,5.674479167,913.3447917
Nuble,2015/10/4,2015,40,28,3,0.107142857,30.4577,38.2734125,8.41499198,20.3503223,28.22248715,19.7,6.9,12.8,12.8,63,74.44791667,6.158854167,912.1611979
Nuble,2015/10/11,2015,41,34,4,0.117647059,19.5202625,36.6432125,4.97693366,24.0641401,22.2828739,22.6,2.2,20.4,12.7,8.8,60.21614583,5.59375,915.4890625
Nuble,2015/10/18,2015,42,26,2,0.076923077,20.6652625,48.6157875,14.58591171,24.97256335,26.3959285,23.1,2.1,21,12.7,58,57.15504808,5.142628205,912.5418069
Nuble,2015/10/25,2015,43,17,3,0.176470588,16.6361375,41.2709875,18.16702433,23.14054645,24.98802235,23.4,4,19.4,12.9,23.2,63.06994048,4.883928571,912.3526042
Nuble,2015/11/1,2015,44,23,1,0.043478261,7.9635425,46.2813375,19.19530424,26.9668315,19.5369976,23.3,5.9,17.4,13.90416667,10.6,54.65625,6.09375,915.1328125
Nuble,2015/11/8,2015,45,19,1,0.052631579,10.50688125,52.31415,24.42654165,30.695658,18.37300265,27.5,6.1,21.4,15.03125,2,62.50260417,4.4296875,914.2945313
Nuble,2015/11/15,2015,46,9,0,0,7.1668375,43.110475,12.72681048,25.406353,17.36283165,27.4,6.9,20.5,15.01354167,4.2,58.73858173,5.235376603,913.0052885
Nuble,2015/11/22,2015,47,18,0,0,4.05168875,45.288475,10.44657371,26.5547905,12.48065025,24.3,1.2,23.1,13.3625,2.2,62.42709848,5.273403833,912.5358688
Nuble,2015/11/29,2015,48,15,2,0.133333333,3.79017625,54.9623625,27.63529823,23.85695095,14.506268,31.7,4.5,27.2,15.6,0.6,57.96903617,6.110720009,912.3263536
Nuble,2015/12/6,2015,49,20,0,0,5.628535,62.4445875,5.52104478,25.7091975,18.1622805,32.8,8.7,24.1,19.2375,0,48.93369391,6.179086538,912.4269631
Nuble,2015/12/13,2015,50,14,0,0,5.18404875,62.74995,4.320009598,24.57252,18.55738835,30.1,6.6,23.5,17.925,0,43.0776721,6.152634277,912.2698747
Nuble,2015/12/20,2015,51,4,0,0,4.61136625,72.9556875,12.44669219,27.985223,19.97609275,30,6.4,23.6,16.4625,0,44.63060897,5.607572115,912.1169271
Nuble,2015/12/27,2015,52,3,0,0,5.68332675,69.21666125,8.18513152,23.7134765,22.35132235,33.1,4.1,29,17.65,0,44.62019231,5.514623397,911.3965144
Nuble,2016/1/10,2016,1,10,0,0,8.740894545,69.6008,14.48058518,18.06056789,18.18346767,35,9.5,25.5,20.94545455,0,52.70153035,4.61034889,911.9229496
Nuble,2016/1/17,2016,2,6,0,0,5.5002575,70.5989375,20.954891,23.6630359,16.92226305,32.6,8.7,23.9,19.875,0,56.3994391,4.969751603,913.5873197
Nuble,2016/1/24,2016,3,4,0,0,9.922840875,78.2292125,18.01224291,19.8013851,15.7540569,35.4,8.5,26.9,21.375,1.6,48.47135417,4.729166667,912.2875
Nuble,2016/1/31,2016,4,4,0,0,5.945518875,57.489625,14.82222916,17.7812621,20.5210225,36.4,10.9,25.5,20.5,5.6,67.13745471,4.741961051,912.8339221
Nuble,2016/2/7,2016,5,5,0,0,9.39973125,92.335925,16.48925165,18.1793626,17.12509625,36.4,9.4,27,21.3125,0,54.84635417,4.528645833,912.0966146
Nuble,2016/2/14,2016,6,9,0,0,7.47524875,89.3738875,26.39104058,19.55335935,20.8632577,32.7,8.4,24.3,19.3,0,49.31770833,4.955729167,912.8458333
Nuble,2016/2/21,2016,7,9,0,0,5.4274125,84.17575,23.18887003,19.13060695,24.78895855,33.5,7.2,26.3,19.15,0,47.796875,5.3921875,910.949375
Nuble,2016/2/28,2016,8,10,0,0,5.5908625,89.6431875,19.9145676,16.22111435,26.72327175,34.1,7.5,26.6,19.6625,0,38.55208333,6.091145833,912.3393229
Nuble,2016/3/6,2016,9,3,0,0,14.14459375,84.0494875,14.9333319,18.39665065,35.26328455,34.3,6.6,27.7,19.3875,0,38.4521234,5.094551282,913.0911458
Nuble,2016/3/13,2016,10,7,0,0,12.01954375,79.6303125,12.5478874,19.92095245,32.72685905,32.8,7.6,25.2,18.1375,0,42.44230769,5.016025641,914.1408454
Nuble,2016/3/20,2016,11,14,0,0,15.0201175,73.5078375,19.8830228,22.2180553,38.002085,31.8,2.3,29.5,15.7,0,38.02577167,5.476893464,913.6753196
Nuble,2016/3/27,2016,12,11,0,0,23.7955125,75.58075,10.19384033,32.6867975,36.673677,32.2,4,28.2,16.425,0,36.88942308,5.254407051,913.1127804
Nuble,2016/4/3,2016,13,16,0,0,16.66694,63.85435,10.6826439,20.9105442,36.3425056,28.8,3.3,25.5,14.1,6.2,57.48477564,4.341746795,914.0540264
Nuble,2016/4/10,2016,14,7,0,0,20.78762375,61.5052125,20.31091793,15.0043978,35.8626121,23.8,0.5,23.3,12.3625,9.4,62.60616987,5.270032051,913.746274
Nuble,2016/4/17,2016,15,10,0,0,23.6325125,62.97154625,21.15390948,11.24702635,32.2572891,24.5,2.9,21.6,13.0875,27.2,70.96474359,5.957732372,911.7453273
Nuble,2016/4/24,2016,16,13,0,0,23.9559875,41.17835875,11.704064,12.466286,28.77429065,19,6.6,12.4,11.5,40.6,80.16782253,4.175105838,912.5917579
Nuble,2016/5/1,2016,17,10,0,0,95.57155,96.1894875,28.1614499,15.52893055,53.66094105,22.2,2.3,19.9,10.175,5.4,59.03741387,4.41753008,914.0386381
Nuble,2016/5/8,2016,18,17,0,0,63.7308,65.6837125,24.0076757,10.1292114,43.744686,20.6,5,15.6,11.8,4.2,76.00373641,3.247622283,913.8348845
Nuble,2016/5/15,2016,19,7,0,0,61.241725,65.7578125,39.95006458,6.367757515,43.648477,20.8,4.6,16.2,11.2375,4.6,74.171875,3.700520833,913.4856771
Nuble,2016/5/22,2016,20,18,1,0.055555556,64.80812,59.6536375,28.69064405,6.1587414,41.5261685,20.8,3.4,17.4,11.2375,30.4,76.04947917,3.604166667,914.3989583
Nuble,2016/5/29,2016,21,21,1,0.047619048,85.6322075,81.9564125,59.16947413,5.09888365,57.6075945,19.8,3.4,16.4,10.05,30.4,68.37239583,3.533854167,915.04375
Nuble,2016/6/5,2016,22,28,1,0.035714286,81.6544125,38.8683125,54.43973223,7.2128392,30.994103,16.3,0.6,15.7,8.425,12.2,82.7495471,3.37964221,913.8637681
Nuble,2016/6/12,2016,23,26,2,0.076923077,120.120975,111.1980375,68.42688715,8.5643964,57.4248115,15.5,-1.5,17,5.45,1,65.85665761,4.586503623,918.361413
Nuble,2016/6/19,2016,24,25,11,0.44,115.583275,107.4386875,62.086402,4.86899525,64.643048,15.4,-1.3,16.7,4.5125,0.8,63.31770833,4.497395833,917.1916667
Nuble,2016/6/26,2016,25,53,19,0.358490566,88.037775,112.68425,78.44022585,5.69661505,57.5398205,14.6,-3.1,17.7,4.575,0.2,63.29188092,4.270331199,916.0141685
Nuble,2016/7/3,2016,26,28,10,0.357142857,127.868425,95.315125,84.21984105,7.45183915,58.887945,14.5,-3.1,17.6,4.6375,1.8,73.56915761,3.454034571,914.5001755
Nuble,2016/7/10,2016,27,52,21,0.403846154,88.12935,87.4947625,36.9426026,8.23748065,63.808751,17.2,-2.5,19.7,5.5125,36.4,67.69035326,4.327109066,915.2391114
Nuble,2016/7/17,2016,28,69,28,0.405797101,83.0510875,75.2674625,36.58713083,13.35443305,48.7852715,14,-1.7,15.7,6.4125,90.2,64.42249774,6.153843119,913.5612331
Nuble,2016/7/24,2016,29,83,25,0.301204819,47.0238125,94.22405,46.82506248,7.73450055,56.5580375,15.4,4.1,11.3,9.4625,94.6,76.90755208,5.408499053,913.7823982
Nuble,2016/7/31,2016,30,68,13,0.191176471,65.0808625,70.343825,56.73961735,8.72924465,48.403185,15.8,0.1,15.7,8.175,42.2,79.9474226,4.08034832,913.7694304
Nuble,2016/8/7,2016,31,49,18,0.367346939,79.4788,77.5989375,50.1576206,11.06087045,53.759399,17,0.5,16.5,7.1125,5.2,75.17447917,3.557291667,916.2833333
Nuble,2016/8/14,2016,32,66,23,0.348484848,51.009575,87.1917625,31.27485485,11.86839045,64.189075,20.4,1.7,18.7,9.225,15,68.39085145,4.582993659,916.2866508
Nuble,2016/8/21,2016,33,80,27,0.3375,24.1314375,54.05975,21.47876,18.72503395,41.20443,19.5,1.6,17.9,9.45,40,76.97588315,6.026154891,916.8203012
Nuble,2016/8/28,2016,34,61,13,0.213114754,35.3041,53.1223875,23.06620621,24.65398495,43.1132645,23.6,-1,24.6,8.75,2,57.2734375,5.852921196,914.8898438
Nuble,2016/9/4,2016,35,53,17,0.320754717,40.9099125,51.617175,38.56911498,21.5576676,40.657961,21.6,-1.8,23.4,7.35,0.4,54.61265851,7.066174654,918.2523551
Nuble,2016/9/11,2016,36,58,8,0.137931034,43.67925,80.8201875,53.67365274,22.1315654,50.9384355,22.9,-2.9,25.8,9.925,6,48.75951087,5.145720109,915.8981544
Nuble,2016/9/18,2016,37,46,10,0.217391304,17.46061,60.9866375,38.85627025,26.63092425,43.7432055,23.7,1.5,22.2,11.6875,14.6,69.22826087,5.163949275,915.5817482
Nuble,2016/9/25,2016,38,48,4,0.083333333,15.766375,61.1215625,30.66880955,42.0490315,49.8278725,27.8,3.3,24.5,12.9625,0,48.65079257,5.593206522,914.6714357
Nuble,2016/10/2,2016,39,32,2,0.0625,14.90706375,41.3177,24.50209918,35.71081535,35.336386,24.3,4.9,19.4,12.9125,3.6,61.91875,4.978894928,914.2055208
Nuble,2016/10/9,2016,40,35,3,0.085714286,9.318726375,47.2109375,7.042836738,25.0680227,34.5005145,24.3,-0.1,24.4,11.7625,4.2,52.58934295,5.0390625,915.8775641
Nuble,2016/10/16,2016,41,21,3,0.142857143,12.4089625,38.44130375,8.9827617,17.29906045,28.89674445,22.2,3.1,19.1,12.625,36.2,72.96955128,5.692708333,911.9753072
Nuble,2016/10/23,2016,42,20,2,0.1,14.438425,32.91265375,7.6805824,26.318733,26.7250601,24.3,0.3,24,11.3,7.2,72.71105072,4.439311594,913.2021286
Nuble,2016/10/30,2016,43,22,2,0.090909091,8.11793,52.635925,7.4045523,28.478408,24.339561,31.9,5.6,26.3,15.775,3.6,62.43432971,5.163722826,914.9113904
Nuble,2016/11/6,2016,44,14,1,0.071428571,4.8857,41.9297,10.27969445,26.601218,23.6346221,29.5,0.5,29,14.7625,13.4,61.37432065,4.942074275,915.5135643
Nuble,2016/11/13,2016,45,22,1,0.045454545,4.98971875,52.1224,20.99385695,23.4936478,28.41761,26.7,3.8,22.9,15.6375,0,50.61277174,5.883605072,913.8333333
Nuble,2016/11/20,2016,46,20,0,0,6.0802575,55.6120375,17.05492603,26.524631,25.90553285,30.8,3.8,27,16.025,0,57.20363887,5.062421614,913.6414376
Nuble,2016/11/27,2016,47,23,0,0,7.58102625,36.3046875,30.93188703,23.273677,18.40412605,34.4,6.5,27.9,16.925,16.4,71.17609044,4.955885939,912.7762559
Nuble,2016/12/4,2016,48,16,0,0,7.74459,49.718975,8.8406922,28.6061265,24.7570432,36.3,8.4,27.9,18.7875,6,56.75260417,5.57665308,913.0141078
Nuble,2016/12/11,2016,49,16,0,0,4.87399375,35.3137875,25.2869169,23.8269507,34.9279043,30.4,5,25.4,16.925,6,67.3428442,5.122509058,913.8891757
Nuble,2016/12/18,2016,50,11,0,0,6.98011925,56.380525,11.55888325,24.630291,31.8614833,33.5,7.9,25.6,18.9,2,57.02185236,5.36107337,914.0336051
Nuble,2016/12/25,2016,51,10,0,0,3.650525,61.5729,17.71623695,23.63522105,24.59642305,30.9,6.6,24.3,17.225,18.4,57.95663496,5.379868659,912.3088089
Nuble,2016/12/31,2016,52,4,0,0,6.283661429,36.27974286,21.00445391,22.0297728,26.99388869,34.6,6.6,28,18.15714286,17.2,67.16084369,4.89673913,912.167883
Nuble,2017/1/8,2017,1,7,0,0,6.676551111,52.48772222,12.00243251,24.0693096,30.41404675,32.1,7.6,24.5,18.85555556,4.2,55.12731481,5.650462963,913.30625
Nuble,2017/1/15,2017,2,9,0,0,6.48127875,46.96795,11.56422478,22.01390905,26.1534367,33.5,8.9,24.6,20.35,4.2,51.67957428,5.811254529,912.538904
Nuble,2017/1/22,2017,3,7,0,0,10.16525,77.6357875,12.6988256,21.57168405,39.6300945,35,10.3,24.7,22.5875,0,40.359375,6.697916667,913.4439198
Nuble,2017/1/29,2017,4,7,0,0,142.9609038,81.3964625,14.3199113,27.36306755,54.8269006,41.5,8.8,32.7,23.8,0,39.25260417,6.575520833,913.5783854
Nuble,2017/2/5,2017,5,6,0,0,15.80074375,64.8828625,9.349990725,25.59103155,49.26454225,33.6,8.4,25.2,19.5125,0.6,50.30208333,4.889379529,911.9110054
Nuble,2017/2/12,2017,6,5,0,0,5.10641375,47.5130375,15.7579376,21.5225934,24.3117605,33.6,9.1,24.5,19.9125,0,47.16927083,5.546354167,912.3023438
Nuble,2017/2/19,2017,7,14,0,0,6.5571825,46.0547,26.33347263,18.7331361,23.05262815,34.4,6.9,27.5,19.1,13.6,58.64322917,4.692708333,913.5270833
Nuble,2017/2/26,2017,8,8,0,0,4.93621125,52.305525,7.6995643,14.39022935,19.54296895,35.8,10.7,25.1,23.7,0,59.35677083,5.578645833,912.7177083
Nuble,2017/3/5,2017,9,2,0,0,4.42584875,39.61932,24.4096623,16.7084463,15.30572155,33,7.8,25.2,18.9375,1.6,65.98958333,4.963541667,912.2317708
Nuble,2017/3/12,2017,10,10,0,0,5.94876875,57.620825,33.1407599,24.41975515,22.48056295,31.3,4.4,26.9,15.1625,8.4,52.8828125,5.430480072,913.3708333
Nuble,2017/3/19,2017,11,17,0,0,16.4960025,66.570325,13.18073858,20.2973925,19.24460355,30.6,4.5,26.1,17.225,0,52.95459692,5.015511775,913.7205389
Nuble,2017/3/26,2017,12,10,0,0,13.92921,55.7083375,8.89446115,19.0727453,18.0701511,31.1,9.1,22,16.8375,0.2,63.8368433,4.553442029,913.6682971
Nuble,2017/4/2,2017,13,15,0,0,12.9680975,48.3671875,43.65896605,15.32271405,31.64135645,26.5,3.2,23.3,13.6,0,70.24547101,3.754981884,914.0498981
Nuble,2017/4/9,2017,14,12,0,0,10.02141,49.453125,47.73528978,16.8414372,33.8628091,24.8,3.2,21.6,12.8,25.2,68.58854167,4.177083333,913.7104167
Nuble,2017/4/16,2017,15,18,0,0,20.8234,64.1406125,75.9953008,15.0928134,45.16421055,27.4,3.7,23.7,13.7125,0.4,59.8828125,4.954936594,912.8708333
Nuble,2017/4/23,2017,16,14,0,0,16.49691,49.0651,22.1895267,15.1154073,30.4398085,24.7,5.3,19.4,13.35,21.6,70.73688978,4.091694079,914.1048895
Nuble,2017/4/30,2017,17,11,1,0.090909091,26.9489625,89.259625,41.81744665,18.17558715,48.0364675,24,1.1,22.9,11.1625,2.6,61.57552083,4.2109375,915.7674479
Nuble,2017/5/7,2017,18,28,3,0.107142857,44.2124375,87.328125,33.000865,16.6493719,53.96924225,24,3.4,20.6,11.575,52.6,67.27332428,4.805819746,912.5908854
Nuble,2017/5/14,2017,19,20,2,0.1,41,61.25,20.249325,9.555,36.18853125,19.8,7.2,12.6,12.725,17.4,78.71524004,5.124320652,911.3426744
Nuble,2017/5/21,2017,20,17,1,0.058823529,95.625,82.125,52.49825,11.515,38.6669,15.5,-2.3,17.8,7.85,26.6,77.09925446,4.41723279,914.4943849
Nuble,2017/5/28,2017,21,40,4,0.1,120.75,92,74.3687,7.105,46.61695,14.6,-0.7,15.3,4.9125,3.8,67.41106151,3.441468254,914.9178472
Nuble,2017/6/4,2017,22,50,2,0.04,90.875,106.75,65.064425,12.985,61.51125,15.7,-1.3,17,5.1125,8.4,69.46614583,3.867640399,916.4484375
Nuble,2017/6/11,2017,23,63,14,0.222222222,72.875,113.25,61.350575,9.555,67.0784,16.9,-2.8,19.7,6.0125,17,69.84635417,4.634624094,917.4036458
Nuble,2017/6/18,2017,24,61,7,0.114754098,50.125,72.0625,48.37748125,11.3749999,56.2966,14.6,-2.1,16.7,7,49.8,65.44008152,7.440919384,912.6816168
Nuble,2017/6/25,2017,25,59,9,0.152542373,47,94,36.41718125,9.555,58.71945,16,-2.1,18.1,7.975,103.4,74.93151791,6.749829823,911.5685849
Nuble,2017/7/2,2017,26,59,23,0.389830508,45.375,98.625,57.71205,11.76,56.81125,19.5,3.4,16.1,10.675,7.2,75.27431499,5.564509737,915.0259681
Nuble,2017/7/9,2017,27,65,35,0.538461538,62.875,105.25,46.52465,9.31,60.34095,16,1.3,14.7,8.025,20,68.63869075,5.388464296,917.353325
Nuble,2017/7/16,2017,28,71,34,0.478873239,60.125,71.96875,21.061525,13.475,40.78513125,14,-3.6,17.6,5.5,47,55.75777133,5.723927454,919.0648808
Nuble,2017/7/23,2017,29,64,34,0.53125,62.625,123.125,52.8061,14.455,53.10765,18.9,-3.6,22.5,6.5375,9.6,66.03200758,4.823745265,918.5976081
Nuble,2017/7/30,2017,30,54,32,0.592592593,89.75,95.625,68.3689,9.065,60.44435,15.4,-2.9,18.3,5.6375,0.6,87.22916667,3.427083333,916.0825521
Nuble,2017/8/6,2017,31,36,12,0.333333333,84.625,87.75,36.847025,17.885,64.97985,15.4,-3.9,19.3,5.1625,16.4,87.36245265,4.023910985,915.9476202
Nuble,2017/8/13,2017,32,48,17,0.354166667,40.875,62.125,58.00025,14.51625,54.0312,14.7,3.9,10.8,8.9625,102.6,81.09114583,6.015625,915.2296875
Nuble,2017/8/20,2017,33,29,7,0.24137931,51.125,76.5,40.3218,12.74,48.71785,16.7,-0.4,17.1,8.0375,43,63.21878774,5.616583635,918.1224638
Nuble,2017/8/27,2017,34,40,12,0.3,41.625,73.75,39.964825,20.09,47.72615,15.7,-0.6,16.3,7.8875,87,63.94281527,6.002063205,915.7528589
Nuble,2017/9/3,2017,35,33,7,0.212121212,64.65625,49.25,49.3215,23.03,45.4819,17.1,-0.7,17.8,7.45,32.6,60.75973103,5.714444319,915.7548885
Nuble,2017/9/10,2017,36,24,2,0.083333333,48.875,58.125,25.31575,25.48,40.94845625,16,-0.7,16.7,7.217857143,0.2,63.43463605,4.632139184,916.4978237
Nuble,2017/9/17,2017,37,21,2,0.095238095,37.125,59.5,22.076775,25.97,37.0501,24.5,1.2,23.3,9.3125,7.4,59.26762821,5.395214161,917.6576723
Nuble,2017/9/24,2017,38,21,2,0.095238095,16.625,55.453125,18.9557,26.46,31.3678,24.5,2.5,22,10.9625,2.4,58.70052083,5.716758578,915.7689491
Nuble,2017/10/1,2017,39,27,1,0.037037037,21.625,58.625,19.40765,21.805,45.77314255,22,3.1,18.9,11.1,56.8,63.62296196,5.532608696,913.7965919
Nuble,2017/10/8,2017,40,13,0,0,23.5,41,14.90125,21.56,44.379045,19.8,4.1,15.7,10.925,46.8,80.31974638,5.909193841,913.5059103
Nuble,2017/10/15,2017,41,18,2,0.111111111,13.75,42.375,34.0338,26.705,28.4444,24.2,2.3,21.9,11.7625,2.6,60.23177083,5.5703125,915.3174479
Nuble,2017/10/22,2017,42,22,1,0.045454545,8.125,52.125,24.375825,29.89,29.60295,25.1,4.7,20.4,12.8375,4.6,55.42447917,5.78125,913.4289063
Nuble,2017/10/29,2017,43,10,1,0.1,8.5,41.375,11.90135,27.685,17.3048125,25.1,4.7,20.4,12.9625,24.2,66.5,4.520833333,913.8033854
Nuble,2017/11/5,2017,44,15,1,0.066666667,12.125,35,41.667825,22.295,23.9200625,21.3,2.2,19.1,11.6,71.6,76.890625,5.106770833,913.5932292
Nuble,2017/11/12,2017,45,20,2,0.1,8.625,43.109375,24.8769,24.01,23.97235,27.8,9.2,18.6,16.6,1.2,61.60960145,5.046535326,913.5806499
Nuble,2017/11/19,2017,46,11,1,0.090909091,6.25,45.25,18.179525,25.725,20.04315,27.6,5.6,22,15.45,0,56.4609375,6.083333333,913.9552083
Nuble,2017/11/26,2017,47,14,1,0.071428571,7,50.125,20.065925,27.685,21.74925,27.6,6.5,21.1,16.5125,0,49.85416667,6.213541667,914.0161458
Nuble,2017/12/3,2017,48,11,0,0,10.375,44.875,6.0522,24.745,16.6098,31.8,7.3,24.5,17.2,0,59.17708333,4.594225543,912.2302423
Nuble,2017/12/10,2017,49,10,0,0,10.625,46.5,17.53435,28.175,19.0679,30.8,8.7,22.1,18.975,0,56.26041667,4.5625,912.9085938
Nuble,2017/12/17,2017,50,7,0,0,6.375,43.125,20.27225,24.745,16.6333,30.8,6.9,23.9,18.7625,0.6,63.17040308,5.602241848,913.4557405
Nuble,2017/12/24,2017,51,9,0,0,5.675,49.625,16.384825,24.255,25.22725,31.3,6.9,24.4,18.45,0,43.54313859,6.540307971,913.3241055
Nuble,2017/12/31,2017,52,10,0,0,6.25,40.375,15.24185,18.13,20.44735,32.7,8.3,24.4,19.825,9.4,52.49060236,5.582314312,913.8840014
Nuble,2018/1/7,2018,1,5,0,0,5.375,41.75,8.040125,21.315,19.6131,35.2,8.7,26.5,19.4,3.8,54.52864583,5.96875,914.4526042
Nuble,2018/1/14,2018,2,8,0,0,7.625,46,9.343575,18.13,17.9916,35.2,11,24.2,21.7375,0,51.86979167,5.419270833,912.5757813
Nuble,2018/1/21,2018,3,13,0,0,9.25,41.75,6.278175,21.98000105,13.91905,34.7,9.7,25,20.1875,0,57.84861866,5.302309783,912.8185236
Nuble,2018/1/28,2018,4,12,0,0,9.25,45.625,5.94003125,25.5500014,19.4674,31.9,7.2,24.7,19.65,0,56.02864583,4.90625,910.9856771
Nuble,2018/2/4,2018,5,5,0,0,15,53.5,6.553275,24.255,20.22028125,35.3,10.1,25.2,21.25,0,42.4375,5.916666667,910.5023438
Nuble,2018/2/11,2018,6,6,0,0,6.625,45.375,7.67005,26.705,28.41130495,34.2,8.3,25.9,19.65,0,46.10099638,6.248075181,913.3264266
Nuble,2018/2/18,2018,7,8,0,0,12.5,51.25,10.227825,25.725,50.46194245,34.4,8.3,26.1,20.8625,0,44.31657609,5.133718297,912.9185575
Nuble,2018/2/25,2018,8,13,0,0,10.375,34.75,15.343375,18.865,20.0314,32.5,9.1,23.4,19.5875,9,65.671875,4.03125,913.2739583
Nuble,2018/3/4,2018,9,6,0,0,9,40.375,15.98855,22.295,19.73765,32.5,8.6,23.9,19.3875,0,56.5078125,4.083333333,913.8880208
Nuble,2018/3/11,2018,10,8,0,0,11.375,50.5,13.791025,26.215,27.41745,32.3,5.7,26.6,17.0375,1.2,52.33763587,5.039515399,912.7292233
Nuble,2018/3/18,2018,11,8,0,0,7,49.25,16.823675,24.892,27.6871125,26.6,2.4,24.2,13.3,13.4,57.79947917,5.401041667,912.8942708
Nuble,2018/3/25,2018,12,12,0,0,11.875,45,12.821625,26.95,31.21426745,27.1,4.2,22.9,14.3625,11.3,64.19130609,5.639556624,912.8186665
Nuble,2018/4/1,2018,13,21,0,0,11.875,63.375,5.3841,25.97,37.51775,27.9,5.4,22.5,16.25,0,74.16178494,5.8869002,911.4088338
Nuble,2018/4/8,2018,14,17,0,0,23.625,51.875,15.3008,24.99,33.73425,26.8,2.7,24.1,12.9375,13.6,80.53520415,4.290290552,911.639127
Nuble,2018/4/15,2018,15,18,0,0,26.25,52.875,64.9498,20.335,38.93715,25.4,1.8,23.6,12.0125,35,84.26784769,4.411623815,913.2115028
Nuble,2018/4/22,2018,16,16,0,0,29,75,19.450225,24.745,51.9507779,25.4,3.3,22.1,12.425,0,84.99793931,3.567481884,913.949615
Nuble,2018/4/29,2018,17,14,0,0,52.125,75.5,29.170425,20.825,58.41461975,21.1,-0.5,21.6,9.525,12.2,75.71210938,3.500434028,914.403125
Nuble,2018/5/6,2018,18,27,0,0,42.625,71.875,22.83985,20.335,58.2706,23,4.1,18.9,11.575,9.2,72.24166667,3.442708333,914.1572917
Nuble,2018/5/13,2018,19,19,0,0,56.875,64.875,30.523,19.11,47.3008,18.9,2,16.9,10.25,24.4,76.95018116,3.458673007,914.9360281
Nuble,2018/5/20,2018,20,29,1,0.034482759,52.96875,92.375,59.595175,22.54,70.53995,17.7,2.3,15.4,9.525,28.6,75.96306612,3.972486413,915.5352808
Nuble,2018/5/27,2018,21,21,2,0.095238095,104.234375,104.265625,64.337375,21.315,76.0084,17.1,-1.8,18.9,6.7625,9.4,62.16302083,4.328125,915.2872396
Nuble,2018/6/3,2018,22,20,3,0.15,96.609375,72.8125,55.7274,15.68,55.37775,14.6,-3.7,18.3,6.2375,50.4,74.57681442,5.256227355,914.3305593
Nuble,2018/6/10,2018,23,37,4,0.108108108,90.125,85,59.56160625,19.355,87.9511,13.5,-3.1,16.6,5.675,62.6,80.80635341,5.908033288,910.3514346
Nuble,2018/6/17,2018,24,35,15,0.428571429,101.625,124.4642875,65.55895,20.09,78.40775,18.3,-3.3,21.6,5.4125,21.8,73.13286458,3.9296875,916.9440625
Nuble,2018/6/24,2018,25,44,24,0.545454545,69.5,99.75,45.289975,10.535,88.8441,17,-3.5,20.5,5.9625,0.4,67.37942708,4.502604167,917.0973958
Nuble,2018/7/1,2018,26,60,24,0.4,72.25,75.5,36.041375,12.25,54.30145,14.4,-3.5,17.9,7.8,50.6,79.3179389,4.670835392,913.9057673
Nuble,2018/7/8,2018,27,72,28,0.388888889,30.625,53,36.2215,14.945,39.14428605,17.9,3.3,14.6,10.625,83.2,76.01407395,7.803613238,910.7992108
Nuble,2018/7/15,2018,28,68,23,0.338235294,109.875,79.75,58.095225,9.555,56.82065,17.5,-0.6,18.1,7.5875,3.8,68.46640625,3.8125,915.1723958
Nuble,2018/7/22,2018,29,54,14,0.259259259,93.25,54.625,37.4005,18.865,32.68615,13.6,-4.1,17.7,3.85,4.4,68.81822917,3.380208333,916.6283854
Nuble,2018/7/29,2018,30,64,28,0.4375,152.625,75.25,41.5139,19.11,50.96915,13.9,-3.7,17.6,3.9875,0.4,62.56265851,4.705163043,916.9297441
Nuble,2018/8/5,2018,31,64,21,0.328125,102.75,91.375,68.87325,18.62,50.76959505,14,-2.6,16.6,5.6171875,9.8,64.4615942,4.543025362,916.3106205
Nuble,2018/8/12,2018,32,46,7,0.152173913,97.25,83.875,37.895025,18.13,54.9195,16.8,-1.3,18.1,7.55,26.2,66.73949275,4.411005435,914.8276042
Nuble,2018/8/19,2018,33,52,14,0.269230769,69.375,62.625,40.6362,22.295,69.7245,18.8,-0.7,19.5,7.2625,12,62.1298913,5.430932971,918.1717844
Nuble,2018/8/26,2018,34,46,13,0.282608696,47.5,62.25,25.351775,24.5,72.40957005,22.3,-2.4,24.7,7.3625,26.2,56.53385417,6.520833333,916.9299479
Nuble,2018/9/2,2018,35,41,13,0.317073171,51.375,49.5,23.7634,26.46,73.62134755,22.3,2.2,20.1,9.75,3.8,56.18138021,5.055772569,915.7719401
Nuble,2018/9/9,2018,36,44,11,0.25,28.625,73.25,38.622075,31.36,67.8808075,22.6,-0.1,22.7,9.5,0.8,51.58567708,6.234375,915.4308594
Nuble,2018/9/16,2018,37,28,5,0.178571429,26.125,55.625,30.90945,30.38,63.2821724,22.6,-0.1,22.7,10.0375,14.4,50.26145833,5.924479167,914.6148438
Nuble,2018/9/23,2018,38,19,4,0.210526316,16.375,39.375,27.05805,28.665,62.90793255,22,6.2,15.8,11.6125,90.8,55.709375,6.611979167,914.08125
Nuble,2018/9/30,2018,39,24,1,0.041666667,12.875,39.75,11.341325,27.44,47.94705,19.4,6.8,12.6,11.55,23.2,66.32229167,6.105208333,913.4971615
Nuble,2018/10/7,2018,40,23,2,0.086956522,16.25,46.625,10.22455,37.73,60.6206,22.9,-1,23.9,10.2125,18,73.19916667,5.146354167,914.7147917
Nuble,2018/10/14,2018,41,22,1,0.045454545,17.125,39.5,11.40355,38.71,47.54285,21.9,1.4,20.5,10.275,22.8,74.53794508,4.67405303,915.2248295
Nuble,2018/10/21,2018,42,26,3,0.115384615,10.125,38.875,16.266925,36.505,35.17715,21.9,4.2,17.7,11.9125,45.2,74.01416969,4.850226449,914.5154133
Nuble,2018/10/28,2018,43,16,0,0,9.875,44,14.02355,37.24,38.20395,23.6,4.2,19.4,13.7125,23.4,69.86412326,4.168880208,914.6195052
Nuble,2018/11/4,2018,44,9,1,0.111111111,8.875,30.625,8.27265,33.32,27.8099,21.6,6.2,15.4,13.6375,46.4,77.54618056,4.774305556,912.4795139
Nuble,2018/11/11,2018,45,18,0,0,8.5,40.5,37.05335,36.015,42.86850495,30.1,6,24.1,15.05,55.6,58.96943655,5.200994318,912.9349905
Nuble,2018/11/18,2018,46,9,0,0,6.25,30.875,20.87485,38.22,75.57756745,24.3,7.1,17.2,14.7375,7.4,71.98741987,4.305889423,914.1338615
Nuble,2018/11/25,2018,47,12,0,0,4.625,40,15.2615,41.405,37.00075,26.7,7.3,19.4,16.075,0.2,45.69247653,6.390424679,914.148117
Nuble,2018/12/2,2018,48,11,0,0,6.85,45.625,8.82285,43.40583415,19.49325,30.3,7.9,22.4,17.13333333,0,42.79087787,5.442599068,913.5877557
Nuble,2018/12/9,2018,49,14,0,0,9.425,35.5,17.2658,44.75333415,14.3538,32.4,7.8,24.6,18.69895833,1.2,52.96200517,5.021720031,913.8876061
Nuble,2018/12/16,2018,50,8,1,0.125,5.25,36,11.1612,44.4675,11.8158,29.1,5.7,23.4,16.475,5.6,52.54002246,5.900757001,914.702562
Nuble,2018/12/23,2018,51,8,1,0.125,5.875,45.125,4.7815,40.18,17.54275,32.2,7.6,24.6,19.9625,0,48.81273538,5.714810363,912.8120176
Nuble,2018/12/30,2018,52,8,0,0,5.5,40.625,8.590325,40.3025,16.8448,32.7,5.1,27.6,18.925,0,45.42992553,5.808187217,911.7133366
Nuble,2019/1/6,2019,1,5,0,0,5.625,52,9.245325,36.995,19.72825,32,7.6,24.4,18.7625,0,40.85705128,6.86708734,911.6103566
Nuble,2019/1/13,2019,2,12,1,0.083333333,5.5,32.625,17.786525,26.95,10.50685,29.5,5.3,24.2,16.75,16.8,61.34927885,5.220352564,913.4310697
Nuble,2019/1/20,2019,3,11,2,0.181818182,6.875,45.5,15.664325,31.115,16.41005,37,8.9,28.1,20.325,0,44.45895433,5.745793269,913.5688301
Nuble,2019/1/27,2019,4,8,1,0.125,6.375,53,11.54805938,33.075,24.47525,33.3,10.2,23.1,20.925,0,32.99389022,6.032652244,912.4889824
Nuble,2019/2/3,2019,5,4,0,0,8.625,54.5,9.05865,30.87,23.11695,40,9.6,30.4,22.125,0,31.06762821,6.737179487,912.5899639
Nuble,2019/2/10,2019,6,6,1,0.166666667,13.75,54.875,7.273775,28.175,22.68455,38.4,11.1,27.3,21.275,1.8,38.64078526,6.017027244,911.2605369
Nuble,2019/2/17,2019,7,8,0,0,9.875,47,22.9512,31.605,23.171,35.6,7.6,28,19.7625,5.6,55.34765625,5.830729167,912.2460938
Nuble,2019/2/24,2019,8,5,0,0,8.375,40.75,19.207875,29.89,22.12995,31.7,9,22.7,19.825,0,65.04036458,4.958333333,912.9690104
Nuble,2019/3/3,2019,9,5,0,0,9.875,50.5,17.0038,25.66375,30.6111,31.5,7.2,24.3,17.5875,0,43.07708333,5.46875,913.0960938
Nuble,2019/3/10,2019,10,3,0,0,7.25,43.5,24.6542,7.90125,24.9147,33.9,4,29.9,16.775,8,53.82447917,5.971354167,912.5098958
Nuble,2019/3/17,2019,11,5,0,0,9.5,51.75,18.8378,15.68,28.02375,31.2,5.1,26.1,16.9125,0,54.38958333,4.786458333,912.4432292
Nuble,2019/3/24,2019,12,9,0,0,15.875,68.125,15.09775,25.235,37.11355,27.9,3.1,24.8,15.35,0,44.09249527,6.301373106,914.9992898
Nuble,2019/3/31,2019,13,6,0,0,51.5,62.25,9.1831,22.785,44.0625,31.4,5.3,26.1,14.8375,2.2,50.68383049,4.179450758,913.4809186
Nuble,2019/4/7,2019,14,11,0,0,27.5,60.25,15.585725,17.395,36.51195,30.1,0.7,29.4,14.525,2,53.80807292,4.658854167,915.1419271
Nuble,2019/4/14,2019,15,7,0,0,31,71.25,7.706075,13.965,42.4974,30.1,0.7,29.4,12.5375,1.4,63.38828125,3.611979167,914.5679688
Nuble,2019/4/21,2019,16,9,0,0,32.5,74.375,25.554825,17.395,48.03165,24.8,-1,25.8,11.5125,0.2,58.09481431,3.568500906,914.2048007
Nuble,2019/4/28,2019,17,13,0,0,65.5,67.625,39.480125,16.17,44.46435,22.3,1.1,21.2,10.3875,0.2,68.27135417,3.205729167,914.7546875
Nuble,2019/5/5,2019,18,13,0,0,30.125,89.125,39.63405,17.395,47.3901,21.4,3.4,18,12.1125,48,58.16227059,6.184647817,913.9087891
Nuble,2019/5/12,2019,19,17,0,0,59.875,81.875,32.1343,15.19,44.791,19.8,0.9,18.9,10,5.6,69.63058036,4.478794643,914.8270833
Nuble,2019/5/19,2019,20,26,0,0,77.5,98.875,38.641725,17.885,56.2825,20.7,1.3,19.4,10.075,15.4,67.43005952,5.202752976,914.5192708
Nuble,2019/5/26,2019,21,19,0,0,96.78125,115.875,58.448925,18.865,48.9035,18.2,-2.8,21,6.825,4.4,65.74761905,4.522693452,915.7204427
Nuble,2019/6/2,2019,22,36,1,0.027777778,35.75,104.203125,31.436725,16.66,40.25785,19.2,7.5,11.7,11.75,77.8,66.484375,6.53125,914.8601563
Nuble,2019/6/9,2019,23,57,1,0.01754386,66.25,135.875,34.954075,20.825,56.49635,19.2,0.3,18.9,9.45,36.6,65.97050781,5.040798611,915.9150174
Nuble,2019/6/16,2019,24,68,3,0.044117647,58.125,82,79.32705,15.435,41.2143,13,1.4,11.6,7.2375,28.4,76.16975446,6.228422619,913.0902158
Nuble,2019/6/23,2019,25,63,4,0.063492063,108.25,136,64.34065,18.865,59.05785,16.1,-1.4,17.5,6.325,1.2,66.55453125,4.801041667,915.6378125
Nuble,2019/6/30,2019,26,56,5,0.089285714,54.875,92.75,32.831875,17.395,50.59315,14.7,-1.7,16.4,7.0775,185.4,80.87403877,6.285243742,912.6380008
Nuble,2019/7/7,2019,27,58,14,0.24137931,62.25,140.5,42.938525,16.66,56.9029,16.8,-0.8,17.6,6.675,1.6,65.07154851,5.697703451,915.9346802
Nuble,2019/7/14,2019,28,54,15,0.277777778,54.625,129.875,31.06665,17.395,52.89145,16.8,2.3,14.5,9.575,10.4,75.66080729,4.96875,914.8606771
Nuble,2019/7/21,2019,29,56,9,0.160714286,67.875,143,41.24535,19.11,53.85025,14.7,0.6,14.1,6.9328125,50.4,70.90550669,5.183031303,914.6709661
Nuble,2019/7/28,2019,30,79,29,0.367088608,55,98.5,51.876,13.23,42.2624,16.4,-0.6,17,6.725,18.8,67.69644097,5.261458333,916.1046875
Nuble,2019/8/4,2019,31,57,26,0.456140351,28.73958375,106.625,52.560475,13.965,42.1731,20,-0.5,20.5,9.025,13.6,70.528125,5.515625,918.0151042
Nuble,2019/8/11,2019,32,39,17,0.435897436,37.9583325,83,32.694325,14.363125,37.67285,20,-2.6,22.6,5.4875,12.6,62.71380208,5.130208333,917.028125
Nuble,2019/8/18,2019,33,65,27,0.415384615,51.375,93.625,23.8027,15.925,40.4576,19,-0.6,19.6,8.25,29.8,67.93567708,5.734635417,915.2127604
Nuble,2019/8/25,2019,34,1,0,0,81.875,106.625,24.55595,22.05,52.42615,17.7,1.3,16.4,9.3875,1.8,63.41666667,4.166666667,916.1695313
Nuble,2019/9/1,2019,35,61,20,0.327868852,25.875,80,24.860525,9.31,42.11905,17.6,2.1,15.5,9.7375,12.6,67.11354167,5.911458333,916.2861979
Nuble,2019/9/8,2019,36,48,19,0.395833333,50.125,64.5,33.978125,9.31,33.07155,18.4,-2.1,20.5,8.2125,26.4,62.7447577,5.073029891,913.1682405
Nuble,2019/9/15,2019,37,56,17,0.303571429,32.875,43.1041675,28.279625,8.82,26.5315,21,1.2,19.8,9.2,24.6,76.68922822,4.589251894,914.3254025
Nuble,2019/9/22,2019,38,18,11,0.611111111,13.125,45.75,21.205625,9.065,18.4851,22.7,0.8,21.9,9.0875,1,57.65243433,6.138813406,916.541327
Nuble,2019/9/29,2019,39,49,14,0.285714286,17.125,58.5,13.188425,10.535,26.93805,28.5,2.1,26.4,12.6,5.4,54.01744792,5.325520833,914.4846354
Nuble,2019/10/6,2019,40,38,3,0.078947368,17.5,37.875,14.31175,9.473333415,19.8152,19.7,0.3,19.4,8.675,10.4,70.42389437,4.095211988,916.4269645
Nuble,2019/10/13,2019,41,27,2,0.074074074,14,75.125,24.32015,12.57666683,36.5002,23.3,4.1,19.2,13.1375,1.4,57.66504755,4.790874094,914.1395833
Nuble,2019/10/20,2019,42,31,5,0.161290323,12.75,53.05,18.362925,8.085,18.706,22.9,3.8,19.1,12.775,3.6,66.70757473,4.972146739,914.2758605
Nuble,2019/10/27,2019,43,26,0,0,7.125,49.64166625,15.7855,7.595,9.92405,25.3,2.2,23.1,13.45,0.6,61.284375,4.541666667,914.8546875
Nuble,2019/11/3,2019,44,11,2,0.181818182,7.375,39.75,18.441525,6.125,12.1965,22.6,2.4,20.2,12.3,13.6,66.00572917,5.177083333,913.0578125
Nuble,2019/11/10,2019,45,14,1,0.071428571,5.75,57.125,14.118525,6.37,19.6789,31.6,6,25.6,16.1625,0.8,48.65480769,5.941225962,912.8042708
Nuble,2019/11/17,2019,46,23,1,0.043478261,6.5,56.25,17.3837,5.145,14.86845,31.6,4.9,26.7,18.4,0,55.02161458,4.822916667,913.8583333
Nuble,2019/11/24,2019,47,9,0,0,7.875,59.25,28.49536563,5.635,13.68405,32,4.9,27.1,17.875,0,51.51692708,5.078125,913.5393229
Nuble,2019/12/1,2019,48,4,0,0,4.875,49.25,14.88774063,6.86,11.63485,31.3,3,28.3,15.4875,0.8,59.76067708,5.270833333,914.3361979
Nuble,2019/12/8,2019,49,3,0,0,6.625,57.375,12.0651,14.59791683,15.38075,31.3,7,24.3,18.8625,0,46.26223958,6.395833333,913.8294271
Nuble,2019/12/15,2019,50,3,0,0,7,49.625,10.72235,17.98708342,14.25745,31.3,7.6,23.7,18.35,0,52.31881567,5.222531703,914.0026313
Nuble,2019/12/22,2019,51,3,1,0.333333333,5.125,51.625,11.302025,21.805,17.3148,32.4,8.4,24,19.1875,0.4,50.13984375,6.182291667,913.4424479
Nuble,2019/12/29,2019,52,6,0,0,4.104166625,47.5,12.343475,21.07,15.00475,33.5,8.5,25,20.4125,1.2,50.14557292,5.822916667,912.1940104
O.Higgins,2015/1/4,2015,1,14,0,0,10.6614625,33.525475,3.95354201,14.9611406,8.2112525,29.57769625,11.42658653,18.15110972,24.65172101,0.019484344,41.32336957,4.607964204,1011.083333
O.Higgins,2015/1/11,2015,2,1,0,0,14.881395,47.24955,5.99103872,16.73476175,8.7470384,30.04614382,12.73887975,17.30726406,25.140625,0.124207703,46.16145833,4.69796659,1010.973958
O.Higgins,2015/1/18,2015,3,21,0,0,20.11458125,56.73307813,5.145052838,19.38892025,10.42761035,29.45476488,13.21386565,16.24089924,24.9375,0.142496674,45.44270833,5.123468379,1012.098958
O.Higgins,2015/1/25,2015,4,17,0,0,15.13412063,40.18371563,3.043147685,18.3606038,11.2674322,28.11441187,13.4063732,14.70803867,23.85416667,0.045103623,55.13020833,4.926857225,1013.239583
O.Higgins,2015/2/1,2015,5,13,0,0,14.85399625,46.84701875,4.213931693,13.51716695,9.95463995,30.32184488,12.68169391,17.64015097,25.8125,0.072707019,41.49181548,4.717185008,1011.261161
O.Higgins,2015/2/8,2015,6,12,0,0,14.8203125,49.79875625,3.290706245,13.7041828,8.7692506,30.01912485,12.71605557,17.30306928,25.578125,0.131662902,41.08854167,4.540602309,1011.53125
O.Higgins,2015/2/15,2015,7,17,0,0,16.5572875,58.796825,5.7195779,18.93708145,10.492609,29.84078197,12.97187898,16.86890299,24.81770833,0.092452494,42.63020833,5.006926407,1012.932292
O.Higgins,2015/2/22,2015,8,10,0,0,23.7224375,70.14881563,3.64361959,19.84847165,12.16089539,27.72176065,10.98817819,16.73358247,22.03125,0.096347631,50.15104167,4.964779785,1012.692708
O.Higgins,2015/3/1,2015,9,10,0,0,18.3727375,42.54225781,2.783524353,15.8958597,9.3542549,26.524644,12.33671588,14.18792812,21.27604167,0.293520906,61.27083333,4.841230856,1012.921875
O.Higgins,2015/3/8,2015,10,14,0,0,16.91320688,48.68881969,2.60980689,14.84725725,10.60786945,28.18900333,11.680533,16.50847033,22.97916667,0.319654238,50.40104167,5.29568115,1012.182292
O.Higgins,2015/3/15,2015,11,11,0,0,19.43990063,67.85919688,4.614380025,19.2188388,9.85962945,29.38830184,12.3236194,17.06468244,24.54008152,0.273678942,38.91349638,4.627372408,1010.098505
O.Higgins,2015/3/22,2015,12,18,0,0,14.47950625,62.05955,4.873639505,14.25538625,9.79789025,29.74204619,11.21462847,18.52741771,24.28645833,0.383067542,38.1875,4.379246659,1012.671875
O.Higgins,2015/3/29,2015,13,16,0,0,14.51954563,43.4049125,3.40890165,10.72595888,15.0882972,26.47594669,13.16169721,13.31424948,21.41666667,3.60370869,63.33333333,4.968230049,1014.890625
O.Higgins,2015/4/5,2015,14,13,0,0,12.48618125,46.79875938,3.525596123,13.07469205,14.70742095,25.64821955,9.617323711,16.03089584,20.875,0.842480231,48.16145833,5.193478013,1014.203125
O.Higgins,2015/4/12,2015,15,23,1,0.043478261,18.02604938,55.43559781,3.775259853,15.12051065,11.61004105,25.98016593,9.591214233,16.3889517,20.27083333,0.45017604,50.88020833,4.963407727,1012.34375
O.Higgins,2015/4/19,2015,16,16,0,0,24.20051875,63.96041875,2.953923585,16.5086782,15.30687775,22.42156856,8.061857687,14.35971087,17.578125,10.84289467,56.13020833,4.681870726,1014.734375
O.Higgins,2015/4/26,2015,17,21,0,0,31.11175,92.76325313,4.844248345,16.28569145,12.3354038,20.88864353,7.749963806,13.13867972,16.80520833,4.411160206,54.21354167,4.661048413,1014.065625
O.Higgins,2015/5/3,2015,18,21,0,0,46.65238125,100.2169313,5.16236154,18.12147155,14.91971525,19.53113226,7.163936815,12.36719545,15.88541667,8.524532738,61.03125,4.971492291,1014.182292
O.Higgins,2015/5/10,2015,19,15,0,0,35.86561938,69.57208125,3.958222968,14.2928394,14.32646245,19.43794062,5.240436494,14.19750413,14.44270833,0.910738481,54.734375,4.764939337,1014.84375
O.Higgins,2015/5/17,2015,20,34,1,0.029411765,39.99612125,80.66985313,6.126200263,12.73104035,17.99053545,20.40453691,5.50770084,14.89683607,15.35416667,2.116836946,50.14583333,4.792045455,1014.427083
O.Higgins,2015/5/24,2015,21,28,1,0.035714286,42.02298125,79.94075313,3.712359548,10.9300184,19.0509236,18.10050632,6.585906862,11.51459946,14.21354167,3.37337702,64.60416667,5.00380247,1016.635417
O.Higgins,2015/5/31,2015,22,23,1,0.043478261,72.13425625,100.2742031,6.52275855,12.2580458,20.26289145,15.6101097,3.297010741,12.31309896,11.92708333,6.582546065,58.9375,4.718508938,1016.765625
O.Higgins,2015/6/7,2015,23,27,0,0,60.73693125,79.45393125,7.11528465,8.25454,26.93793015,17.40257104,7.890983549,9.511587487,14.328125,18.35326207,62.97395833,5.34320211,1016.796875
O.Higgins,2015/6/14,2015,24,25,7,0.28,36.26203125,68.20078438,3.059832828,11.9439656,18.9588412,14.2643754,4.167753644,10.09662175,10.42708333,8.040696687,68.375,4.922028515,1018.90625
O.Higgins,2015/6/21,2015,25,29,10,0.344827586,57.2822875,90.4081625,8.746155068,11.39578545,22.8477998,14.76459533,2.113528478,12.65106686,10.13541667,0.738369552,54.52083333,5.023146101,1016.729167
O.Higgins,2015/6/28,2015,26,31,11,0.35483871,71.16176063,98.29970938,7.9305566,8.36215135,16.7941669,15.54721204,3.591524559,11.95568748,11.19270833,0.640109628,55.4375,5.233886656,1014.708333
O.Higgins,2015/7/5,2015,27,61,28,0.459016393,67.95428125,100.3666094,6.661040185,9.4512327,20.79443325,14.22103636,3.116790375,11.10424599,10.734375,25.49628444,51.671875,5.091463156,1015.359375
O.Higgins,2015/7/12,2015,28,51,30,0.588235294,55.43758875,62.95307969,4.299124595,7.5501405,21.4434069,13.5289725,7.23597616,6.292996341,11.69791667,89.67332947,74.03645833,5.074250102,1016.223958
O.Higgins,2015/7/19,2015,29,54,34,0.62962963,59.8849975,71.73095313,3.084334085,13.666149,20.24251225,13.34192031,4.847701303,8.494219008,9.59375,15.89279175,72.109375,5.501951922,1018.869792
O.Higgins,2015/7/26,2015,30,45,28,0.622222222,76.142475,83.68357813,4.99533392,9.65898045,26.45563495,15.27403172,3.516078722,11.75795299,10.74479167,4.473717326,64.171875,4.967016262,1017.453125
O.Higgins,2015/8/2,2015,31,57,27,0.473684211,52.228925,58.35918125,4.350631175,6.88591365,20.8462907,14.56987173,7.209350104,7.360521626,12.140625,37.1765908,76.75,5.180726396,1015.40625
O.Higgins,2015/8/9,2015,32,54,23,0.425925926,33.39717938,47.10325,3.070911728,9.182615435,15.54025602,15.1385348,8.622020412,6.516514393,12.71354167,110.5389993,76.78645833,5.114063002,1011.203125
O.Higgins,2015/8/16,2015,33,61,27,0.442622951,34.85829875,56.192675,0.692671015,5.7346562,18.10438825,12.93653551,5.008151455,7.928384051,10.19270833,25.56199896,77.203125,4.80592389,1017.921875
O.Higgins,2015/8/23,2015,34,63,26,0.412698413,34.19228,64.22828438,0.912187388,6.26046785,16.9994864,16.65287062,5.61261844,11.04025218,12.68229167,7.314703764,69.3502141,4.633666635,1015.192029
O.Higgins,2015/8/30,2015,35,58,16,0.275862069,33.62246875,66.84071844,1.498262393,4.52391275,21.22087365,18.60046298,8.427299519,10.17316346,14.96354167,11.83438517,62.02083333,4.821809712,1015.151042
O.Higgins,2015/9/6,2015,36,57,13,0.228070175,23.0260375,58.71146563,1.555502843,8.5006425,17.1902641,21.28942884,7.502475391,13.78695345,16.93229167,7.76629906,54.30208333,5.27255474,1014.65625
O.Higgins,2015/9/13,2015,37,43,7,0.162790698,25.89578563,42.38516781,0.66812096,8.3788775,15.02707265,15.89188723,6.406328455,9.485558779,12.52083333,21.13278316,68.59895833,4.819449377,1017.307292
O.Higgins,2015/9/20,2015,38,54,7,0.12962963,28.30005,53.0388625,1.575025445,9.3991947,18.5980457,17.26706551,6.651736768,10.61532874,13.97916667,6.63165312,62.81770833,4.957374084,1013.979167
O.Higgins,2015/9/27,2015,39,48,7,0.145833333,24.24832813,46.88928125,1.187807785,8.9199894,14.65426865,17.35293234,7.40360847,9.949323872,13.81770833,24.12547155,64.66666667,4.804167286,1015.682292
O.Higgins,2015/10/4,2015,40,54,2,0.037037037,21.32478625,42.78026875,0.886063368,6.8050906,12.52683715,18.72201363,9.659833228,9.062180399,15.98958333,20.27075234,71.86458333,5.13869902,1014.390625
O.Higgins,2015/10/11,2015,41,40,7,0.175,15.54031,37.0169625,0.570418509,9.93982395,15.63664385,17.91740278,5.860934946,12.05646784,13.66666667,4.232189852,62.06875,5.016785417,1017.565897
O.Higgins,2015/10/18,2015,42,50,1,0.02,17.4853575,36.80254156,0.891336414,11.4453367,13.77027385,19.10513599,6.89873083,12.20640516,15.11979167,37.10237513,57.15625,4.673289573,1014.619792
O.Higgins,2015/10/25,2015,43,57,1,0.01754386,16.36671563,34.44676688,1.444668655,13.3015988,12.0279204,20.65815582,8.058735494,12.59942033,16.44270833,8.105734693,63.03645833,5.263899001,1014.28125
O.Higgins,2015/11/1,2015,44,46,0,0,15.04757375,36.59666594,1.46519832,19.8113762,14.58006693,21.66729982,9.663583333,12.00371648,17.81770833,0.445074216,62.140625,5.04906064,1015.890625
O.Higgins,2015/11/8,2015,45,31,0,0,16.683445,41.32115625,1.663440948,22.5862364,15.9166675,21.29118726,10.8710743,10.42011296,18.04166667,0.199267658,66.953125,5.378768655,1015.380208
O.Higgins,2015/11/15,2015,46,34,0,0,8.88503875,32.96977656,1.721005295,20.8307575,12.5559184,23.4575189,10.38263439,13.07488452,19.46354167,3.835651641,57.68229167,5.556877,1013.755208
O.Higgins,2015/11/22,2015,47,28,0,0,7.844529375,31.52392156,1.55920785,21.03295845,12.78115415,22.09389187,9.293414243,12.80047762,18.49479167,4.986289295,55.50520833,5.12289865,1013.40625
O.Higgins,2015/11/29,2015,48,28,0,0,7.655935,33.33482125,1.914115998,18.1840813,11.98754505,24.70091035,9.168652892,15.53225745,19.875,0.456178555,51.04166667,5.145655022,1012.942708
O.Higgins,2015/12/6,2015,49,29,0,0,11.89491375,47.55579375,3.060656163,20.1821641,10.8640406,26.76444707,11.65933241,15.10511466,21.63541667,0,52.48958333,5.00317061,1012.744792
O.Higgins,2015/12/13,2015,50,24,0,0,11.55561313,43.89259375,3.39600077,20.6828706,11.4557048,28.75,11.75872731,16.99127269,22.265625,0,51.28645833,5.158858578,1012.432292
O.Higgins,2015/12/20,2015,51,17,1,0.058823529,10.10333,43.58363875,2.878033648,22.224489,13.15441875,26.65,10.18103265,16.46896735,20.98958333,0,46.14583333,5.381984637,1012.421875
O.Higgins,2015/12/27,2015,52,21,0,0,11.72928188,41.52251313,3.94130006,18.98987895,11.70700205,29.625,10.72500052,18.89999948,23.31770833,0,44.94791667,4.89061853,1011.411458
O.Higgins,2016/1/10,2016,1,18,0,0,12.78883591,46.63411273,3.216970574,15.02302938,10.87271509,28.75454545,14.00690895,14.7476365,23.59848485,0,56.37121212,4.95327028,1012.234848
O.Higgins,2016/1/17,2016,2,12,0,0,13.07696938,43.68908813,2.19450414,19.7368521,13.30335,29.28965829,13.05618157,16.23347672,23.91666667,0,52.3125,5.080363025,1013.723958
O.Higgins,2016/1/24,2016,3,16,0,0,15.67141813,49.80775313,2.311940728,16.6070898,11.0706479,30.85,13.95,16.9,24.421875,0,55.18229167,4.841092727,1012.442708
O.Higgins,2016/1/31,2016,4,13,0,0,11.68538963,30.38599813,1.9774057,15.87676195,12.92595645,26.675,13.6375,13.0375,22.66666667,0,60.45833333,4.779449457,1013.541667
O.Higgins,2016/2/7,2016,5,18,0,0,12.37316425,48.84398438,143.0254938,19.2658641,12.02157775,29.9875,13.6875,16.3,23.71212121,0,60.08285985,5.032485178,1012.198864
O.Higgins,2016/2/14,2016,6,18,0,0,9.828840625,46.0102375,1.569197583,20.0274466,13.9195388,29.7375,12.0375,17.7,23.46354167,0,52.63541667,5.067396598,1012.510417
O.Higgins,2016/2/21,2016,7,16,0,0,10.37937563,45.99575938,4.2626483,20.20005155,14.54604645,30.35,11.675,18.675,23.96354167,0,45.11458333,4.7236266,1010.223958
O.Higgins,2016/2/28,2016,8,16,0,0,9.262021813,48.27112813,4.2952673,17.31559305,13.2655808,31.5875,12.05,19.5375,24.57717803,0,39.09327652,4.778397327,978.5577652
O.Higgins,2016/3/6,2016,9,10,0,0,13.88527563,58.31148125,3.644147848,19.91737055,13.46474565,31.2375,10.9875,20.25,23.78125,0,44.44270833,4.832175795,953.421875
O.Higgins,2016/3/13,2016,10,10,0,0,15.99954813,56.85605938,2.151434943,19.9064264,12.8005863,27.25,10.6375,16.6125,21.4375,0,59.21354167,5.117397434,954.796875
O.Higgins,2016/3/20,2016,11,8,0,0,16.01914375,60.43117188,2.300645253,21.14453145,16.48245115,26.5125,10.175,16.3375,21.11979167,0,54.74479167,5.030389493,954
O.Higgins,2016/3/27,2016,12,10,0,0,24.7638875,68.10059063,2.770340513,31.219468,16.1777337,27.25,8.5125,18.7375,20.73958333,0,54.3125,4.807391224,953.59375
O.Higgins,2016/4/3,2016,13,22,0,0,22.21445,55.38289688,2.145958488,19.92634245,15.8305024,23.05,10.7375,12.3125,18.63020833,0,69.55208333,4.848611307,955.2760417
O.Higgins,2016/4/10,2016,14,20,0,0,17.31636375,47.96968188,1.786167643,14.59324615,14.16668595,21.1125,7.575,13.5375,16.609375,0.4,66.16145833,5.076853706,955.171875
O.Higgins,2016/4/17,2016,15,14,0,0,19.58360188,38.26257719,2.44670534,10.54098045,11.5702156,19.7375,9.7625,9.975,16.05208333,0,75.29166667,4.636686826,954.3020833
O.Higgins,2016/4/24,2016,16,5,0,0,19.67946313,35.46511938,1.517578015,12.98971625,12.9911901,18.175,9.0875,9.0875,14.79166667,26.3,77.48958333,5.055194805,955.9010417
O.Higgins,2016/5/1,2016,17,10,0,0,39.80915,73.19597094,2.48581801,5.60477435,20.7260365,18.6375,6.125,12.5125,14.77604167,2.2,63.88541667,4.896423371,955.765625
O.Higgins,2016/5/8,2016,18,22,0,0,41.950625,61.49507781,2.248199075,3.494604785,16.17977585,19.8875,9.85,10.0375,16.15104167,0.2,75.90625,4.707308043,955.4895833
O.Higgins,2016/5/15,2016,19,17,0,0,49.4693875,62.24596813,2.047474325,2.4712807,15.0951686,17.525,8.275,9.25,14.69270833,3.3,76.59375,4.952315922,955.5260417
O.Higgins,2016/5/22,2016,20,18,1,0.055555556,37.6972,54.37022125,2.138382758,2.650622415,17.54031775,18.1,7.8625,10.2375,14.875,9.3,73.93229167,5.028311267,956.1927083
O.Higgins,2016/5/29,2016,21,27,0,0,59.330325,76.38583719,3.452841998,1.863326675,26.510773,17.9625,5.7375,12.225,13.82366071,2.8,72.09598214,4.769570232,957.4627976
O.Higgins,2016/6/5,2016,22,25,1,0.04,37.32356875,54.13530625,1.119550563,2.531812115,17.5412366,14.15,5.5625,8.5875,11.75520833,31.2,79.36458333,4.833081592,957.1875
O.Higgins,2016/6/12,2016,23,40,2,0.05,71.23545625,89.80328125,2.654913793,2.774442965,24.4181215,14.4125,-0.45,14.8625,9.911458333,0.4,66.33854167,5.193177546,959.984375
O.Higgins,2016/6/19,2016,24,31,7,0.225806452,83.11856875,91.67262625,3.737882605,2.122113805,20.9591471,16.0125,2.2375,13.775,10.9776348,1.1,74.18504902,4.788453146,958.3912377
O.Higgins,2016/6/26,2016,25,57,17,0.298245614,82.75405625,85.03352188,3.578843038,5.6624008,21.77688835,13.8375,1.9,11.9375,9.463541667,0.5,75.43229167,5.030883161,957.8020833
O.Higgins,2016/7/3,2016,26,79,33,0.417721519,78.91787875,95.05059438,7.327090035,7.2801064,20.94396845,14.2125,2.7875,11.425,10.83333333,0.4,74.35416667,5.254130881,956.2083333
O.Higgins,2016/7/10,2016,27,92,37,0.402173913,65.6396875,75.04854375,4.43246098,7.79653945,18.76357265,14.3375,0.725,13.6125,10.48958333,0.1,66.29166667,4.676704545,957.9479167
O.Higgins,2016/7/17,2016,28,99,40,0.404040404,43.57276813,58.05231156,3.545041435,11.6366229,16.7343077,14.1625,4.175,9.9875,10.984375,42.1,68.55208333,4.595454545,956.8645833
O.Higgins,2016/7/24,2016,29,85,34,0.4,54.9634,58.20683281,4.027470223,7.12045215,20.67900125,16.775,5.0875,11.6875,12.72916667,0.7,69.32291667,5.110586062,957.15625
O.Higgins,2016/7/31,2016,30,57,24,0.421052632,40.78752688,58.43800156,4.16419263,8.3381144,22.331392,16.275,5.5625,10.7125,12.49479167,37.1,73.69791667,4.716674901,957.1510417
O.Higgins,2016/8/7,2016,31,67,23,0.343283582,43.0262525,68.02800313,4.191001125,10.09905435,22.2106631,15.7625,2.9875,12.775,11.90625,0,69.921875,5.300156642,958.7083333
O.Higgins,2016/8/14,2016,32,80,17,0.2125,45.6583375,66.47852813,4.575656425,11.4922885,22.2415468,18.8625,4.975,13.8875,13.77083333,0,68.53125,4.811600332,958.4270833
O.Higgins,2016/8/21,2016,33,88,20,0.227272727,26.36655,42.7119375,2.829649453,16.2644965,20.60382475,17.5,4.35,13.15,13.11458333,0,65.3125,4.842263143,960.265625
O.Higgins,2016/8/28,2016,34,79,10,0.126582278,33.84314375,51.482725,2.41985034,20.61425835,16.8439211,15.8625,4.1125,11.75,12.40625,0,70.25,4.57834371,956.5729167
O.Higgins,2016/9/4,2016,35,64,10,0.15625,27.9625375,53.40443875,3.991529718,19.08110715,15.3436247,16.525,1.875,14.65,12.109375,0,57.64583333,5.111417161,960.1041667
O.Higgins,2016/9/11,2016,36,69,7,0.101449275,23.11510625,60.04751969,7.68117452,19.51009725,14.929973,22.9125,3.5375,19.375,15.94270833,0,46.02604167,4.800349895,957.7760417
O.Higgins,2016/9/18,2016,37,61,4,0.06557377,25.51205,43.48467875,3.257577983,22.3834793,15.2035506,18.45,6.525,11.925,14.28645833,0,67.265625,4.783757875,958.2291667
O.Higgins,2016/9/25,2016,38,53,0,0,18.146645,46.80806875,6.160713523,20.2198696,17.30938795,26.025,6.4875,19.5375,19.0625,0,47.77083333,4.86548913,955.7447917
O.Higgins,2016/10/2,2016,39,45,0,0,15.6761125,42.72740969,3.318974408,21.71394575,13.10981105,22.4375,6.675,15.7625,16.95833333,0,59.875,4.556738189,956.3177083
O.Higgins,2016/10/9,2016,40,26,1,0.038461538,9.912266875,37.90455313,2.379490223,21.3021865,16.42059516,23.875,6.9375,16.9375,18.02604167,0,45.50520833,4.927510352,957.4114583
O.Higgins,2016/10/16,2016,41,25,0,0,12.42344188,33.25778438,2.52062078,14.789474,14.031192,21.575,9.6375,11.9375,17.15625,0,60.46354167,5.30217803,955.7395833
O.Higgins,2016/10/23,2016,42,19,0,0,8.23598125,26.88502,1.278940228,22.46037745,11.5449719,18.4875,6.3375,12.15,15.03645833,0,61.65104167,5.070175748,956.6354167
O.Higgins,2016/10/30,2016,43,29,0,0,10.34797125,30.62624969,1.279861485,23.798712,12.11368835,22.8625,9.075,13.7875,18.875,0,59.89583333,5.103437324,956.3697917
O.Higgins,2016/11/6,2016,44,22,0,0,6.413539563,25.36530509,1.866628825,22.3012475,14.3807592,24.7625,9.3375,15.425,19.84375,0,52.234375,5.267492471,956.0729167
O.Higgins,2016/11/13,2016,45,16,0,0,7.83469875,36.94797969,4.132118918,20.8466139,13.11751905,28.3,10.6125,17.6875,22.26041667,0,44.8125,4.987060041,954.1770833
O.Higgins,2016/11/20,2016,46,10,0,0,16.26993125,40.52483281,1.978749433,22.48013425,11.63034505,26.75,9.5125,17.2375,20.72916667,0,48.36979167,4.854599567,954.296875
O.Higgins,2016/11/27,2016,47,16,0,0,7.8534175,32.89856938,258.2912096,19.5796454,9.4502336,24.92475657,10.2625,14.66225657,19.52604167,0,59.27083333,4.981114719,954.5208333
O.Higgins,2016/12/4,2016,48,28,0,0,14.81754938,39.86929156,2.070965573,24.30567335,9.80320125,28.1625,11.5375,16.625,22.26041667,0,53.4375,5.119814688,954.28125
O.Higgins,2016/12/11,2016,49,14,0,0,7.937252063,25.41199969,1.752698453,19.98859695,12.98063155,25.4125,10.85,14.5625,20.65104167,0,55.58333333,5.220428944,955.171875
O.Higgins,2016/12/18,2016,50,13,0,0,14.06658813,38.96015969,3.248083103,21.3246579,10.44198765,29.2875,11.7,17.5875,23.58854167,0,47.57291667,5.340435606,953.8958333
O.Higgins,2016/12/25,2016,51,7,0,0,9.035461875,33.48463531,3.32329315,20.93012215,10.48975375,29.1,10.675,18.425,22.59375,0,43.09895833,5.579193723,953.0885417
O.Higgins,2016/12/31,2016,52,18,0,0,8.779063571,27.10345321,2.094552264,19.2447976,11.81394417,26.97142857,11.05714286,15.91428571,21.45238095,0,56.125,5.278966049,953.5178571
O.Higgins,2017/1/8,2017,1,14,0,0,8.034187778,33.08481194,2.911242402,20.6393401,12.78436973,29.45555556,12.05555556,17.4,23.69444444,0,44.5,5.061267959,949.4074074
O.Higgins,2017/1/15,2017,2,9,0,0,9.92228025,35.06178281,5.345439608,20.3600292,10.93645585,31.475,14.35,17.125,25.72916667,0,39.75520833,5.052389187,952.1041667
O.Higgins,2017/1/22,2017,3,12,0,0,34.49915625,49.12969781,5.104634425,19.51627615,11.79105685,33.1125,14.0875,19.025,26.515625,0,35.05208333,4.55058948,953.7916667
O.Higgins,2017/1/29,2017,4,14,0,0,37.46613875,101.9210656,2.480158483,23.42683385,13.2819603,32.35,15.9625,16.3875,26.61458333,0,46.92708333,4.753691882,953.8385417
O.Higgins,2017/2/5,2017,5,21,0,0,31.15359875,54.71475625,2.231232938,22.08385655,13.88875615,29.475,13.1375,16.3375,24.00520833,0,47.76041667,4.837174148,953.171875
O.Higgins,2017/2/12,2017,6,19,0,0,10.00619,40.13604063,3.50523643,18.93293115,15.28465145,28.825,11.525,17.3,22.02777778,0,49.87127976,4.620751041,952.5014881
O.Higgins,2017/2/19,2017,7,12,0,0,9.99435375,38.97359375,3.348029553,15.82750715,15.47072915,29.7875,11.825,17.9625,23.32738095,0,51.10044643,4.977098374,953.9181548
O.Higgins,2017/2/26,2017,8,12,0,0,9.981234375,38.706775,3.747086665,12.2794049,10.19509195,32.0625,15.5375,16.525,26.59375,0,46.80208333,4.875161161,952.203125
O.Higgins,2017/3/5,2017,9,16,0,0,7.350129375,32.22908125,2.14708869,13.30070455,12.9147634,29.2875,13.8375,15.45,23.734375,0,52.47395833,5.073233107,952.25
O.Higgins,2017/3/12,2017,10,12,0,0,8.921664375,36.51752188,3.693216518,19.6793555,15.09787815,27.4125,8.85,18.5625,21.09895833,0,39.55729167,4.628286749,954.4791667
O.Higgins,2017/3/19,2017,11,20,0,0,14.79729125,48.284,3.300258765,17.55700135,12.316209,28.8875,9.375,19.5125,22.109375,0,46.55729167,4.786846532,954.078125
O.Higgins,2017/3/26,2017,12,24,0,0,18.21364688,47.61031875,233.252574,18.2149856,12.70006505,26.65,11.175,15.475,20.64583333,0,58.90625,5.215024344,954.0989583
O.Higgins,2017/4/2,2017,13,22,0,0,12.38579063,40.41627188,2.547175463,14.91687645,14.8306761,25.125,7.8625,17.2625,19.140625,0,54.72395833,5.342707621,955.0989583
O.Higgins,2017/4/9,2017,14,25,0,0,10.567535,33.75353156,3.036966778,15.330385,15.76539095,22.75,6.75,16,17.375,0,55.16666667,5.142187051,954.953125
O.Higgins,2017/4/16,2017,15,22,0,0,14.28369688,41.25071563,4.971027525,12.59660885,17.8403164,24.125,6.525,17.6,18.56770833,0,51.72395833,4.989799784,953.390625
O.Higgins,2017/4/23,2017,16,24,0,0,14.79527125,36.18132813,2.412327665,13.65560175,19.0276398,21.6375,10.0625,11.575,17.36979167,0,67.23958333,5.10625,955.453125
O.Higgins,2017/4/30,2017,17,23,0,0,22.30969688,46.97760313,5.408954958,16.10655725,19.24105035,19.8625,4.1,15.7625,14.77083333,0,59.484375,4.730315372,956.8385417
O.Higgins,2017/5/7,2017,18,21,0,0,28.4558875,56.35809688,2.950817575,15.72654755,14.13612185,21.4125,5.725,15.6875,15.07291667,7.6,62.453125,5.190471877,955.390625
O.Higgins,2017/5/14,2017,19,39,0,0,18.40625,38.25,1.542525,10.29,14.51125,17.9125,9.35,8.5625,15.203125,23.3,75.09895833,5.019220348,955.1041667
O.Higgins,2017/5/21,2017,20,31,1,0.032258065,37.8125,66.6875,1.82745,11.27,18.2595,15.8125,3.9625,11.85,11.5625,15.4,74.09375,5.29248597,957.125
O.Higgins,2017/5/28,2017,21,50,2,0.04,48.125,80.40625,3.3667,7.105,25.3565,14.2125,4.038756518,10.17374348,11.046875,0.9,73.19270833,5.153623188,956.4270833
O.Higgins,2017/6/4,2017,22,65,4,0.061538462,51,76.6875,3.00645,12.495,23.51175,15.8375,1.475,14.3625,10.78645833,0.1,68.41145833,5.35842156,958.0052083
O.Higgins,2017/6/11,2017,23,97,9,0.092783505,49.6875,67.15625,5.83605,10.78,24.34835,12.975,-0.0875,13.0625,7.918650794,9.5,74.16367188,5.405092756,959.4980469
O.Higgins,2017/6/18,2017,24,106,18,0.169811321,54.8125,60.34375,5.99325,18.13,14.852,13.175,2.3,10.875,9.210714286,29.9,79.1171441,5.322828115,956.6976997
O.Higgins,2017/6/25,2017,25,153,32,0.209150327,50,65.09375,3.520625,9.555,16.25025,12.025,4.525,7.5,10.92708333,13,71.44270833,4.791209682,953.5520833
O.Higgins,2017/7/2,2017,26,119,40,0.336134454,44.5,54.71875,4.234575,12.005,17.249,17.65,4.2375,13.4125,12.71354167,6.3,71.78645833,5.157980425,956.1614583
O.Higgins,2017/7/9,2017,27,175,80,0.457142857,51.9375,66.65625,3.9693,9.8,21.08185,15.025,4.6125,10.4125,10.96354167,8.5,76,4.972979014,958.1510417
O.Higgins,2017/7/16,2017,28,163,80,0.490797546,43.1875,55.875,3.2881,12.495,18.03155,13.5875,2.375,11.2125,9.491950758,22.4,75.24147727,5.50136758,958.9266098
O.Higgins,2017/7/23,2017,29,133,61,0.458646617,53.75,68.0625,3.9955,12.495,22.1793,14.625,1.0375,13.5875,10.27604167,0.4,69.60416667,4.891483918,958.9010417
O.Higgins,2017/7/30,2017,30,99,33,0.333333333,51.125,80.34375,4.29025,9.31,23.0676,14.575,1.5,13.075,10.3125,0.2,72.0625,5.483262618,957.5625
O.Higgins,2017/8/6,2017,31,82,20,0.243902439,73.875,80.40625,4.57845,14.455,18.6919,13.95,1.863578182,12.08642182,10.61979167,0,71.80208333,5.443567664,957.6927083
O.Higgins,2017/8/13,2017,32,66,12,0.181818182,40.625,47.125,3.16365,13.23,16.0082,13.55,4.325,9.225,10.91009964,40.3,73.52875906,5.385319276,958.0199275
O.Higgins,2017/8/20,2017,33,91,15,0.164835165,32.0625,48.4375,3.4846,11.515,19.8481,14.6125,2.3625,12.25,11.0298913,25.4,71.62771739,5.224910287,960.1501359
O.Higgins,2017/8/27,2017,34,85,7,0.082352941,31.125,47.28125,2.73135,15.435,13.5736,16.4125,3.05,13.3625,11.828125,1.6,68.984375,4.745013782,956.3385417
O.Higgins,2017/9/3,2017,35,66,9,0.136363636,22.3125,51.5625,2.94095,18.865,15.0118,16.6125,4.375,12.2375,12.16145833,10.6,69.55729167,4.873322511,957.9791667
O.Higgins,2017/9/10,2017,36,56,4,0.071428571,23.25,47.5625,2.171325,19.845,16.18915,15.58755914,3.244388536,12.3431706,11.6875,0,64.234375,4.617965368,958.515625
O.Higgins,2017/9/17,2017,37,47,3,0.063829787,24.3125,46.71875,3.21605,19.845,14.27155,17.06255914,3.527153754,13.53540538,13.44270833,0.8,62.80208333,4.694826369,959.1822917
O.Higgins,2017/9/24,2017,38,26,1,0.038461538,19.79464313,38.28125,3.07195,20.58,14.6405,21.0875,5.8,15.2875,15.55729167,0.2,61.98958333,4.605952381,957.2760417
O.Higgins,2017/10/1,2017,39,35,1,0.028571429,18.046875,46.40625,2.642925,18.13,15.2938,20.8625,7.525,13.3375,15.61979167,16.8,61.91145833,4.905444193,955.828125
O.Higgins,2017/10/8,2017,40,22,0,0,11.125,30.88671875,1.948625,18.13,15.12695,17.8625,5.25,12.6125,14.18418561,25.5,67.03219697,4.590719697,957.1638258
O.Higgins,2017/10/15,2017,41,28,1,0.035714286,10.5,31.3125,2.701875,21.07,15.2797,19.3375,5.2625,14.075,15.50520833,0,57.75520833,4.608239813,956.1979167
O.Higgins,2017/10/22,2017,42,35,1,0.028571429,13.9375,37.125,2.0698,22.785,15.31965,21.125,7.2875,13.8375,16.859375,0,60.234375,4.663319613,955.0208333
O.Higgins,2017/10/29,2017,43,30,0,0,9.0625,30.25,2.6069,21.315,15.33845,24.375,7.8875,16.4875,18.3125,0.2,55.47916667,5.094416996,956.015625
O.Higgins,2017/11/5,2017,44,38,0,0,11.5625,28.3828125,3.07195,16.66,14.6922,19.84651131,7.922850816,11.9236605,15.65625,0.6,64.80208333,5.265638528,956.1875
O.Higgins,2017/11/12,2017,45,33,1,0.03030303,9.75,31.375,3.92345,18.62,12.7699,25.5469587,11.82693226,13.72002644,21.67708333,0,52.90625,4.854743083,953.7552083
O.Higgins,2017/11/19,2017,46,32,0,0,8.5625,34.3125,2.2401,19.355,13.3668,25.47553479,9.335644427,16.13989036,20.390625,0,50.13541667,5.083607239,954.2239583
O.Higgins,2017/11/26,2017,47,20,0,0,10.259375,38.40625,4.607925,21.56,12.0508,27.6125,9.3,18.3125,22.12390581,0,42.8107493,5.042309351,954.1170781
O.Higgins,2017/12/3,2017,48,35,0,0,14.825,44.5390625,2.9868,18.62,10.75125,26.0125,10.55,15.4625,20.72470238,0,57.20856227,4.928738246,953.7549222
O.Higgins,2017/12/10,2017,49,21,0,0,13,42.125,2.9344,21.315,13.8086,26.81515973,10.93379639,15.88136334,22.3125,0,51.90104167,5.090510522,953.4427083
O.Higgins,2017/12/17,2017,50,20,0,0,9.2734375,35.15625,3.258625,20.825,10.98360625,28.6125,12.0375,16.575,22.55729167,0,52,5.035254329,953.609375
O.Higgins,2017/12/24,2017,51,31,1,0.032258065,9.125,40.4375,5.633,19.6,11.3975,29.975,12,17.975,24.17708333,0,39.015625,4.943843985,953.0052083
O.Higgins,2017/12/31,2017,52,31,0,0,7.3125,32.75,4.9518,14.455,11.2424,31.3125,13.5,17.8125,24.72395833,0,41.60416667,4.955267987,953.78125
O.Higgins,2018/1/7,2018,1,15,0,0,8.578125,29.875,6.08495,18.375,12.10485,29.7125,12.5625,17.15,23.61458333,0,47.625,4.98379329,955.1614583
O.Higgins,2018/1/14,2018,2,20,0,0,12.8671875,40.265625,4.889575,15.925,10.7066,30.1,13.2375,16.8625,24.03348214,0,55.49702381,5.127161757,953.2775298
O.Higgins,2018/1/21,2018,3,26,0,0,11.875,38.40625,3.7859,19.11,10.716,28.4,13.1375,15.2625,22.56994048,0,57.71735895,5.090174299,953.3087798
O.Higgins,2018/1/28,2018,4,18,0,0,13.234375,41.0625,2.918025,20.825,14.3021,28.1625,12.55,15.6125,23.11458333,0,54.05729167,4.792791081,951.46875
O.Higgins,2018/2/4,2018,5,22,0,0,13.01875,43.90625,2.911475,16.17,11.73825,30.7625,12.1875,18.575,24.34375,0,46.890625,5.559193655,951.640625
O.Higgins,2018/2/11,2018,6,16,0,0,10.5,38.84375,2.82305,16.17,14.34205,29.1375,12.0125,17.125,23.22916667,0,49.23958333,5.102059806,954.7552083
O.Higgins,2018/2/18,2018,7,17,0,0,13.4375,45.9375,4.2575,19.355,15.04,30.65,11.0125,19.6375,24.25520833,0,45.32291667,5.313004658,954.2395833
O.Higgins,2018/2/25,2018,8,15,0,0,7.794642875,30.75,2.610175,15.68,15.24445,30.525,12.625,17.9,23.64583333,0,51.54166667,4.679797784,954.2604167
O.Higgins,2018/3/4,2018,9,23,0,0,10.75892875,40.375,2.53485,17.395,16.6098,29.4375,11.2375,18.2,22.79166667,0,54.75520833,4.861395398,953.6666667
O.Higgins,2018/3/11,2018,10,20,0,0,12.125,45.90625,2.3973,19.11,13.56185,28.1875,10.175,18.0125,20.63020833,0,54.07291667,5.042289673,952.1875
O.Higgins,2018/3/18,2018,11,27,1,0.037037037,7.446428563,36.125,2.197525,20.58,15.36195,27.1625,7.5125,19.65,19.40952322,0,46.21755599,4.941328645,953.6560441
O.Higgins,2018/3/25,2018,12,57,0,0,8.5625,30.5625,2.662575,20.58,15.65805,25.8625,7.725,18.1375,19.61954365,0,53.32167659,5.008744481,953.969246
O.Higgins,2018/4/1,2018,13,45,0,0,13,39.59375,4.60465,19.845,13.19525,28,8.2375,19.7625,21.1577381,0,46.30952381,4.760558614,952.5699405
O.Higgins,2018/4/8,2018,14,33,0,0,16.125,48.09375,2.87545,18.375,14.3115,24.95,8.9375,16.0125,18.81770833,0,58.80017316,4.892708333,953.1080357
O.Higgins,2018/4/15,2018,15,36,0,0,13.5,46.125,3.376525,15.68,14.5794,23.9125,7.1625,16.75,17.70833333,0,53.66427885,3.68125,954.9895833
O.Higgins,2018/4/22,2018,16,19,0,0,18.9375,53.53125,2.773925,22.05,15.9894,24.5,6.4375,18.0625,17.8125,0,64.30192708,4.302083333,954.3508354
O.Higgins,2018/4/29,2018,17,20,0,0,22.875,64.65625,4.0741,17.15,16.76255,23.2125,5.275,17.9375,16.42708333,0,59.37364583,5.072916667,954.9996696
O.Higgins,2018/5/6,2018,18,36,1,0.027777778,26.484375,55.46875,4.057725,17.395,13.7663,22.275,6.3375,15.9375,16.34375,0,54.26135417,5.140625,954.8617847
O.Higgins,2018/5/13,2018,19,28,0,0,26.375,56.90625,3.9955,16.415,15.90245,21.125,5.9125,15.2125,15.52604167,0,58.41697917,5.5,955.0128208
O.Higgins,2018/5/20,2018,20,24,0,0,29.375,67.09375,2.98025,16.66,22.6963,19.0375,5.1125,13.925,14.30729167,0,62.27713542,5.5,955.7682801
O.Higgins,2018/5/27,2018,21,29,0,0,49.75,79.5625,4.784775,15.435,25.1873,20.725,0.7375,19.9875,13.16666667,0.1,62.17890625,5.395833333,955.1400191
O.Higgins,2018/6/3,2018,22,41,1,0.024390244,50,67.03125,3.049025,13.475,19.52145,14.95,2.4375,12.5125,10.49431818,15.5,49.308125,4.354166667,956.5992752
O.Higgins,2018/6/10,2018,23,40,4,0.1,52.4375,70.19140625,3.8907,19.11,24.9711,14.9,1.5125,13.3875,10.203125,18.1,54.783125,5.8125,956.8610839
O.Higgins,2018/6/17,2018,24,47,6,0.127659574,60.1875,73.75223219,7.1657,20.335,21.2346,14.3125,0.7125,13.6,9.895833333,0.5,69.04980587,5.5,956.757747
O.Higgins,2018/6/24,2018,25,56,12,0.214285714,69.5,70.59375,6.075125,8.33,23.43655,16.6125,0.8875,15.725,10.58333333,4.2,66.06848958,5.5,956.6726333
O.Higgins,2018/7/1,2018,26,126,38,0.301587302,56.25,63.40625,2.688775,12.985,17.43935,13.9375,4.5,9.4375,11.31770833,0.4,62.06916667,5.5,956.8002411
O.Higgins,2018/7/8,2018,27,131,59,0.450381679,35.25,36.46875,1.627675,18.865,8.65505,15.03453182,7.215020759,7.819511058,11.71875,0,75.415625,5.5,957.1139796
O.Higgins,2018/7/15,2018,28,134,66,0.492537313,56.1875,80.9375,5.24,11.515,18.8141,14.49824312,4.423792582,10.07445054,11.72395833,0.1,76.56546875,5.837121212,957.4152199
O.Higgins,2018/7/22,2018,29,130,55,0.423076923,43.4375,64.53125,3.12435,20.825,21.27925,12.95,1.775,11.175,8.760416667,0,76.09041667,4.948863636,957.4444468
O.Higgins,2018/7/29,2018,30,95,31,0.326315789,69.25,90.35714281,3.920175,20.09,17.0751,13.9375,-0.1,14.0375,9.15625,1.7,71.15677083,4.948863636,954.5700651
O.Higgins,2018/8/5,2018,31,102,25,0.245098039,64.875,79.0625,5.538025,17.15,20.19825,14.125,-1.175,15.3,9.369791667,0,63.39223958,4.948863636,954.9582049
O.Higgins,2018/8/12,2018,32,120,35,0.291666667,52.3125,76.5625,6.63515,15.435,21.6448442,18.35,4.0125,14.3375,11.76041667,10.8,64.87895833,4.948863636,955.9285429
O.Higgins,2018/8/19,2018,33,144,46,0.319444444,32.125,57.28125,4.529325,19.355,19.1478,18.0375,3.55,14.4875,9.661458333,0.1,59.54265625,4.948666351,958.7994926
O.Higgins,2018/8/26,2018,34,103,19,0.184466019,36.75,53.28125,3.9038,19.6,16.4829,15.94284199,2.558921397,13.38392059,7.901041667,0,56.37619792,5.114448052,958.0969839
O.Higgins,2018/9/2,2018,35,93,20,0.215053763,29.625,49.4375,2.695325,20.09,13.71695,16.49549737,6.070286098,10.42521127,10.51041667,0,58.1309375,4.890625,957.9369949
O.Higgins,2018/9/9,2018,36,66,7,0.106060606,25.3125,49.6875,3.638525,24.99,14.0295,20.11044598,4.624683414,15.48576256,11.91145833,0,69.00791667,4.979166667,957.1555733
O.Higgins,2018/9/16,2018,37,45,8,0.177777778,23.3125,52.34375,4.535875,25.235,14.24805,19.9390004,4.679949251,15.25905115,11.91145833,0.8,62.44515625,5.03125,956.5769448
O.Higgins,2018/9/23,2018,38,33,8,0.242424242,24.625,29,2.40385,23.52,15.65335,17.2625,6.55,10.7125,11.50520833,12.8,54.4234375,4.744791667,957.3843342
O.Higgins,2018/9/30,2018,39,46,6,0.130434783,18,32.15625,2.839425,23.52,12.5349,17.42887315,8.970166206,8.458706945,11.60416667,0,68.52973958,4.692708333,957.5279349
O.Higgins,2018/10/7,2018,40,28,1,0.035714286,17.75,35.53125,2.105825,30.625,11.3928,19.04197042,6.198304427,12.84366599,12.11979167,0,62.90942708,5.25,956.1884377
O.Higgins,2018/10/14,2018,41,17,1,0.058823529,16.3125,35.375,1.5851,30.87,11.00773582,17.79551035,7.35231765,10.4431927,11.46354167,0,63.21041667,4.604166667,956.6432253
O.Higgins,2018/10/21,2018,42,18,2,0.111111111,10.0625,28.25,1.378775,29.4,11.96855,21.18441284,7.327587513,13.85682532,13.38020833,0,64.25447917,5.06155303,955.5773062
O.Higgins,2018/10/28,2018,43,13,0,0,11.4375,33.65625,3.291375,26.95,11.1343,22.8413342,9.646680465,13.19465374,15.76041667,0,63.08661458,5.302083333,955.6522706
O.Higgins,2018/11/4,2018,44,19,0,0,10.3125,23.53125,2.164775,23.765,11.37635,22.33847277,10.53240091,11.80607187,15.75,0,55.5828125,5.15625,955.047808
O.Higgins,2018/11/11,2018,45,25,0,0,7.75,28.4140625,3.717125,25.48,11.21185,27.5375,9.5,18.0375,18.53645833,0,58.28651042,5.15625,953.5328512
O.Higgins,2018/11/18,2018,46,20,1,0.05,5.8125,22.20442719,2.1091,24.01,12.3657,24.75,9.6125,15.1375,16.55729167,0,53.62744792,5.028306159,955.837172
O.Higgins,2018/11/25,2018,47,21,0,0,6.5,27.47321406,4.323,29.645,8.88535,28.57578785,11.28164927,17.29413858,20.421875,0,48.31572917,5.213541667,955.272808
O.Higgins,2018/12/2,2018,48,23,0,0,10.125,35.61160719,3.613689596,30.625,7.71975,28.7375,11.9875,16.75,19.921875,0,42.8246875,4.96875,955.6854451
O.Higgins,2018/12/9,2018,49,15,0,0,11.375,32.77678563,2.374920846,31.115,8.34485,26.0375,11.45,14.5875,17.72916667,0,41.06265625,4.723958333,955.2919147
O.Higgins,2018/12/16,2018,50,11,0,0,7.3125,24.5,2.5332125,31.2375,10.91105,28.4125,9.960628216,18.45187178,18.99479167,0,54.12197917,4.9375,955.115458
O.Higgins,2018/12/23,2018,51,5,0,0,12.13392875,34.53125,5.249825,31.2375,10.02275,30.25,11.6125,18.6375,20.94375,0,51.58508333,4.80625,953.7074593
O.Higgins,2018/12/30,2018,52,4,0,0,10.34821444,32.3828125,5.661383443,31.605,12.6148,30.15,12.025,18.125,21.55643939,0,45.35325568,5.201609848,952.8476192
O.Higgins,2019/1/6,2019,1,11,0,0,11.75,37.125,6.634877193,27.5625,11.1202,30.3875,11.075,19.3125,20.67708333,0,46.35613095,4.817708333,953.2505838
O.Higgins,2019/1/13,2019,2,9,0,0,6.5625,25.4375,4.208375,15.925,9.70785,26.52700109,11.69871234,14.82828875,18.30230978,0,43.20027627,4.75323499,954.376103
O.Higgins,2019/1/20,2019,3,7,0,0,12.125,36.5,4.221475,21.56,10.14965,29.42400899,13.02331847,16.40069053,20.97395833,0,47.38247056,5.145833333,953.8265461
O.Higgins,2019/1/27,2019,4,8,0,0,11.875,42.8125,4.797875,26.95,10.15435,31.47483348,13.29662772,18.17820576,23.46875,0,48.82153306,4.520833333,952.8664787
O.Higgins,2019/2/3,2019,5,11,0,0,14.35,40.03125,5.145025,24.255,8.88535,32.01273499,13.85461863,18.15811636,23.80729167,0,39.12442708,4.807291667,953.4211124
O.Higgins,2019/2/10,2019,6,7,0,0,16.5625,45.1875,3.546825,24.745,9.9264,31.41052108,14.60946773,16.80105335,23.43229167,0,35.97182292,5.171875,953.7310765
O.Higgins,2019/2/17,2019,7,18,0,0,14,46.15625,3.9693,26.215,10.14495,28.52590135,13.49509625,15.0308051,20.10416667,0,42.02359375,4.90625,952.9746551
O.Higgins,2019/2/24,2019,8,31,2,0.064516129,11.75,34.3125,2.62655,25.97,11.4351,28.45695554,14.20550528,14.25145026,20.765625,0,46.06645833,4.942708333,951.8563783
O.Higgins,2019/3/3,2019,9,1,0,0,15.60714313,42.5546875,2.777472711,20.8658317,11.50325,29.36654172,10.93803811,18.42850361,20.42708333,0,51.53833333,5.026041667,951.5798577
O.Higgins,2019/3/10,2019,10,38,2,0.052631579,11.38392875,36.40625,2.7755625,8.754666585,10.59585625,28.4625,10.2875,18.175,18.59375,0,45.77348958,4.927083333,953.51915
O.Higgins,2019/3/17,2019,11,40,0,0,13.375,44.09375,3.09815,18.375,10.19665,28.825,10.2,18.625,19.25,0,39.89572917,4.963541667,953.6469264
O.Higgins,2019/3/24,2019,12,64,1,0.015625,16,52.65625,4.72255,31.115,11.3787,27.1,7.8875,19.2125,17.21354167,0,45.84015625,5.234375,952.5936418
O.Higgins,2019/3/31,2019,13,63,0,0,23.359375,67.625,3.835025,26.95,11.92155,27.0125,8.6875,18.325,16.98958333,0,42.83395833,5.083333333,952.192243
O.Higgins,2019/4/7,2019,14,50,0,0,20.671875,53.0625,5.688675,30.135,10.3212,25.4875,9.0125,16.475,17.40625,0,38.54869792,5.221240942,952.2228266
O.Higgins,2019/4/14,2019,15,58,1,0.017241379,30.3125,61.58333344,5.210525,32.34,13.3292,23.26157793,8.301115173,14.96046276,13.71875,0,60.61104167,5.067708333,952.0282152
O.Higgins,2019/4/21,2019,16,45,1,0.022222222,25.0625,63.1875,6.94955,25.725,13.2822,22.7666123,7.020233245,15.74637905,13.97916667,0,55.6709375,5.145833333,952.8858154
O.Higgins,2019/4/28,2019,17,71,2,0.028169014,33.125,69.75,5.08935,20.58,15.70035,20.46884242,5.479202912,14.98963951,12.84895833,0,56.1875,4.921875,953.0776017
O.Higgins,2019/5/5,2019,18,61,3,0.049180328,39.875,65.4375,5.3186,23.19333415,14.98595,19.62884228,8.632134097,10.99670818,12.82291667,0,62.35026042,5.145833333,952.7597991
O.Higgins,2019/5/12,2019,19,79,5,0.063291139,34.6875,64.71875,4.2051,20.58,13.6535,16.63935952,6.214406614,10.4249529,10.234375,0.5,59.13145833,4.661458333,953.5873633
O.Higgins,2019/5/19,2019,20,111,3,0.027027027,36.8125,76.3125,4.398325,16.415,15.60635,20.775,3.75,17.025,10.890625,1.8,67.05526042,4.786458333,953.7324789
O.Higgins,2019/5/26,2019,21,126,4,0.031746032,48.9375,85.875,4.0872,10.78,17.7049,15.8875,1.6125,14.275,8.328125,0,53.18796875,4.895833333,954.8796679
O.Higgins,2019/6/2,2019,22,147,13,0.088435374,43.125,51.5,4.3623,10.61666659,12.9532,16.1875,5.375,10.8125,10.30729167,5.9,66.90479167,5.416666667,955.1389832
O.Higgins,2019/6/9,2019,23,181,11,0.060773481,55.125,69.5,4.60465,11.025,21.98895,18.075,2.025,16.05,9.5,0.3,51.70182292,5.286458333,954.7907348
O.Higgins,2019/6/16,2019,24,192,14,0.072916667,39.75,53.9375,4.4147,12.74,12.00145,14.925,3.075,11.85,7.90625,30.8,61.79609375,4.848958333,955.7795412
O.Higgins,2019/6/23,2019,25,126,19,0.150793651,61,92.875,4.706175,12.005,18.8423,15.5,2.3625,13.1375,8.046875,1.7,59.54848958,5.041666667,954.43211
O.Higgins,2019/6/30,2019,26,123,28,0.227642276,49.625,65.25,3.1702,11.025,16.40535,11.6625,3.2,8.4625,5.848958333,7.1,69.59755208,5.416666667,954.392523
O.Higgins,2019/7/7,2019,27,114,43,0.377192982,57.84375,73.53125,4.55225,11.76,20.44735,13.51959399,1.270134523,12.24945947,6.015625,0,65.26567708,5.171875,956.5518693
O.Higgins,2019/7/14,2019,28,124,55,0.443548387,65.83333313,71.375,3.396175,15.925,21.7375,14.86033162,2.952043934,11.90828769,7.541666667,0,70.35838542,5.192708333,957.0199495
O.Higgins,2019/7/21,2019,29,141,53,0.375886525,63.375,75.15625,3.24225,16.905,19.8763,16.18808575,2.075,14.11308575,7.515625,0,72.71296875,4.875,955.7288911
O.Higgins,2019/7/28,2019,30,127,57,0.448818898,57.625,64.65625,3.245525,16.905,15.36195,13.3125,0.275,13.0375,6.161458333,0,61.91848958,5.114583333,956.8580474
O.Higgins,2019/8/4,2019,31,125,58,0.464,41.25,48.6015625,3.91035,18.62,19.3217,16.125,3.193239884,12.93176012,9.598958333,0,68.90302083,5.276041667,957.0784134
O.Higgins,2019/8/11,2019,32,104,50,0.480769231,41.1875,55.66145844,3.704025,22.295,16.356,15.26934516,0.386876488,14.88246867,7.572916667,0,68.08442708,5.020833333,956.0296351
O.Higgins,2019/8/18,2019,33,136,62,0.455882353,40.125,59.484375,3.140725,17.64,15.2092,17.25,2.4875,14.7625,9.182291667,0,64.36364583,4.833333333,957.5438811
O.Higgins,2019/8/25,2019,34,128,52,0.40625,30.125,75.15625,4.581725,16.905,18.7953,20.925,7.1625,13.7625,12.89583333,0,58.73796875,4.614583333,955.8896322
O.Higgins,2019/9/1,2019,35,116,36,0.310344828,23.75,48.71875,3.671275,21.805,18.2266,20.6125,5.9125,14.7,12.359375,0,63.02119792,4.421875,955.90303
O.Higgins,2019/9/8,2019,36,91,15,0.164835165,21.1875,52.09375,3.389625,24.255,11.35755,18.2875,4.3625,13.925,10.30729167,0,53.32229167,5.119791667,957.1420046
O.Higgins,2019/9/15,2019,37,97,20,0.206185567,17.5,37.21875,2.957325,29.645,10.293,16.925,4.7,12.225,10.45833333,0,50.28609375,5.088541667,955.7944065
O.Higgins,2019/9/22,2019,38,70,11,0.157142857,15.75,31.03125,3.29465,25.725,12.72055,17.95,3.3,14.65,10.64583333,0,63.41864583,5.223958333,957.6225094
O.Higgins,2019/9/29,2019,39,94,8,0.085106383,19.5,42.59375,3.9038,26.705,11.46418125,23.3875,5.8,17.5875,13.75520833,0,60.71114583,5.270833333,956.3540527
O.Higgins,2019/10/6,2019,40,49,3,0.06122449,10.8125,27.625,2.8296,27.93,11.67568125,19.075,3.95,15.125,10.74479167,2.2,51.97958333,4.864583333,958.1375646
O.Higgins,2019/10/13,2019,41,84,1,0.011904762,17.375,44.5,6.2094,28.665,12.4174,24.25,9.2125,15.0375,16.171875,0,64.43708333,5.411458333,958.1923592
O.Higgins,2019/10/20,2019,42,63,1,0.015873016,13.5,38.09375,3.252075,26.215,9.1039,20.9875,8.3125,12.675,13.984375,0.3,47.42557292,5.260416667,958.1853453
O.Higgins,2019/10/27,2019,43,56,0,0,12.0625,32.5,3.05885,31.85,9.60445,25.2375,8.475,16.7625,15.80729167,0,54.13567708,4.963541667,957.6878614
O.Higgins,2019/11/3,2019,44,35,0,0,9.328125,27.8046875,2.852525,35.525,10.95805,23.775,6.8875,16.8875,12.99166667,0,57.27972743,5.496354167,957.4098407
O.Higgins,2019/11/10,2019,45,47,0,0,12.484375,39.703125,4.516225,37.24,9.14385,27.7375,9.627428813,18.11007119,19.30119048,0,48.2088316,5.065277778,953.7531985
O.Higgins,2019/11/17,2019,46,38,0,0,11.1875,40.0625,4.00205,41.16,10.86405,31.2125,12.1125,19.1,20.80729167,0,47.16792708,5.489583333,955.7569279
O.Higgins,2019/11/24,2019,47,34,0,0,11.1875,40.96875,4.241125,32.83,10.4622,30.6,11.7875,18.8125,20.06770833,0,40.11516406,5.020833333,955.7879137
O.Higgins,2019/12/1,2019,48,1,0,0,10.0625,33.53125,3.38635,35.525,10.9886,26.225,9.475,16.75,17.71354167,0,40.2665625,5.015625,955.5409703
O.Higgins,2019/12/8,2019,49,42,0,0,14.875,44.1875,4.585,34.3,9.4658,30.0125,10.8625,19.15,20.20833333,0,37.28661458,5.104166667,953.4872259
O.Higgins,2019/12/15,2019,50,37,0,0,11.1875,38.625,2.74445,34.545,12.0414,29.65,11.5375,18.1125,19.86979167,0,48.03567708,4.932291667,956.3446702
O.Higgins,2019/12/22,2019,51,1,0,0,10.625,35.78125,5.0697,34.79,10.0204,29.4125,12.675,16.7375,21.39583333,0,36.16791667,5.078125,954.4096379
O.Higgins,2019/12/29,2019,52,45,0,0,10.5625,34.65625,5.891725,32.095,8.61745,32.8375,13.7625,19.075,23.078125,0,43.08052083,4.9375,954.3707785
Tarapaca,2015/1/4,2015,1,13,0,0,14.7291825,63.787975,3.15029717,49.420273,14.0799686,23.7,17,6.7,21.05,0,65.41666667,8.822916667,1007.294792
Tarapaca,2015/1/11,2015,2,8,0,0,12.35937875,54.3540875,4.4143201,51.5230345,13.0845885,24.2,18.3,5.9,20.9375,0,66.35416667,8.96875,1007.269792
Tarapaca,2015/1/18,2015,3,9,0,0,11.59897125,49.93285625,4.288373425,50.5583715,13.9917825,23.8,17.5,6.3,20.875,0,65.32552083,7.463541667,1008.995833
Tarapaca,2015/1/25,2015,4,10,0,0,11.26968875,33.7724375,3.649434025,41.677195,10.7032865,24.4,18.5,5.9,21.3125,0,65.628125,8.604166667,1009.450521
Tarapaca,2015/2/1,2015,5,10,0,0,12.0679375,57.2752375,3.02966713,43.8789365,14.7884278,25.4,19,6.4,22.325,0,64.53645833,8.911458333,1007.080208
Tarapaca,2015/2/8,2015,6,7,0,0,11.31250375,52.86559875,2.54392175,45.700977,15.11891206,27.1,19.8,7.3,23.125,0,64.86979167,9.682291667,1007.066146
Tarapaca,2015/2/15,2015,7,18,0,0,9.83402625,58.6864475,2.274945018,46.295445,20.85101561,27.7,19.4,8.3,23.25,0,64.70833333,10.53125,1007.849479
Tarapaca,2015/2/22,2015,8,12,0,0,14.3698,46.82657375,2.646538635,46.135901,17.26274985,28.6,19.5,9.1,23.2625,0,61.24479167,9.255208333,1007.667188
Tarapaca,2015/3/1,2015,9,5,0,0,13.2010125,36.2243125,1.805533373,35.9333415,8.4937272,27.3,18,9.3,21.9125,0,63.4375,11.04166667,1007.672917
Tarapaca,2015/3/8,2015,10,8,0,0,11.8013375,42.5990875,1.820208975,38.0638615,13.8907889,24.8,17.6,7.2,20.95,0,64.984375,9.067708333,1007.044792
Tarapaca,2015/3/15,2015,11,7,0,0,13.010425,66.7063375,1.906089628,48.429983,32.7220627,27.2,18,9.2,22.15,0,63.96875,8.71875,1004.775521
Tarapaca,2015/3/22,2015,12,6,0,0,10.7117875,46.8171,1.535376658,46.672255,32.37121005,28.4,19.7,8.7,23.675,0,62.28125,10.36979167,1007.684375
Tarapaca,2015/3/29,2015,13,13,0,0,9.74850125,36.8649375,1.496517145,29.6638748,18.9869801,27.6,18.3,9.3,23.35,0.3,68.13541667,8.609375,1009.179167
Tarapaca,2015/4/5,2015,14,14,1,0.071428571,11.9786875,51.1456125,2.528610143,36.030435,21.25069045,26,18,8,21.65,0,64.0625,8.598958333,1008.714583
Tarapaca,2015/4/12,2015,15,12,0,0,14.354175,49.9650125,2.113449889,32.592791,28.2190585,24,17.4,6.6,20.7875,0,68.046875,6.838541667,1006.716146
Tarapaca,2015/4/19,2015,16,14,0,0,14.4585625,59.17075,2.147095602,30.4601052,24.5529786,24.8,17.6,7.2,21.2,0,66.40625,6.9375,1008.859375
Tarapaca,2015/4/26,2015,17,13,0,0,12.5446125,44.9047875,3.533242593,27.82132535,48.9269013,23.8,15.8,8,19.95,0,66.64583333,7.151041667,1008.667708
Tarapaca,2015/5/3,2015,18,23,0,0,14.4637,80.08343125,3.318692758,32.1562255,49.49594675,23.7,16.5,7.2,19.5875,0,68.34895833,6.40625,1007.950521
Tarapaca,2015/5/10,2015,19,17,3,0.176470588,15.406225,51.101325,3.003631208,18.3040382,43.22648985,23,15.9,7.1,19.575,0,68.61979167,6.526041667,1008.468229
Tarapaca,2015/5/17,2015,20,8,2,0.25,15.3662,49.8967375,2.305849555,19.2015418,57.3905955,22,16.5,5.5,19.45,0,65.28854167,6.130208333,1008.616667
Tarapaca,2015/5/24,2015,21,24,8,0.333333333,17.5830325,39.1800375,2.477677998,19.008962,51.8712915,22.1,16.2,5.9,19.3125,0,68.09895833,7.421875,1010.869271
Tarapaca,2015/5/31,2015,22,15,3,0.2,15.16715,50.4753875,1.420245015,14.28825545,66.75457,22,15.6,6.4,18.8,0,68.0625,6.71875,1010.706771
Tarapaca,2015/6/7,2015,23,34,10,0.294117647,14.5394125,66.7434625,2.35355779,9.0576451,74.9975005,21.3,15.3,6,18.075,0,63.734375,4.8125,1010.3
Tarapaca,2015/6/14,2015,24,25,12,0.48,18.88168375,49.4315375,2.600840268,14.1257004,46.7508295,21.7,14.6,7.1,17.725,0,67.4890625,6.34375,1010.991146
Tarapaca,2015/6/21,2015,25,28,10,0.357142857,15.81808,75.74527375,1.446806248,10.87099545,82.8662405,20,15.9,4.1,17.7375,0,67.33697917,5.875,1008.872917
Tarapaca,2015/6/28,2015,26,15,3,0.2,17.0166375,59.4718375,1.84135041,11.17278645,81.5429555,19.9,15.2,4.7,17.7125,0,69.71354167,6.317708333,1009.070833
Tarapaca,2015/7/5,2015,27,19,6,0.315789474,16.4649375,60.283675,1.690648993,12.4358668,77.587083,19.9,15.4,4.5,17.3125,0,68.36979167,6.458333333,1009.521354
Tarapaca,2015/7/12,2015,28,21,5,0.238095238,17.4327375,37.87985,1.489444783,7.00326718,59.27143915,19,13.1,5.9,16.4125,0,66.703125,5.557291667,1011.402083
Tarapaca,2015/7/19,2015,29,26,5,0.192307692,13.1984125,40.579575,124.9067171,15.62732059,44.47548665,19.1,12.9,6.2,16.1125,0,65.68229167,6.130208333,1012.998438
Tarapaca,2015/7/26,2015,30,28,4,0.142857143,15.2439,47.60645,2.668219463,16.57279225,75.6457245,18.8,13.7,5.1,16.0375,0,68.93229167,6.666666667,1011.627083
Tarapaca,2015/8/2,2015,31,20,2,0.1,16.8139,34.0763,3.97577926,15.3787578,46.0196035,19.8,13.7,6.1,16.2875,0,66.63020833,5.484375,1009.980208
Tarapaca,2015/8/9,2015,32,20,5,0.25,15.57023375,35.40779,2.435159362,22.84103395,34.80698035,18.2,13.2,5,16.1375,4.1,70.82291667,6.244318182,1009.006534
Tarapaca,2015/8/16,2015,33,34,6,0.176470588,9.6180025,34.94461375,0.817289384,25.00272285,30.90186785,18.7,13.2,5.5,15.9875,3.5,69.44635417,7.619318182,1012.442992
Tarapaca,2015/8/23,2015,34,33,0,0,11.30452775,40.868975,1.396742305,29.31589885,39.9818425,18.3,13.6,4.7,16.2,0,70.14583333,6.6875,1010.546354
Tarapaca,2015/8/30,2015,35,27,3,0.111111111,14.6598625,43.9986,2.200785918,23.6408389,50.3569045,19.1,13.5,5.6,16.4875,0,69.56770833,6.380208333,1009.553125
Tarapaca,2015/9/6,2015,36,32,0,0,14.500875,44.48655,2.955059028,37.1566265,47.83240055,20.1,15.4,4.7,17.65,0,70.59375,7.125,1009.701563
Tarapaca,2015/9/13,2015,37,20,2,0.1,14.30135,35.920275,3.069978123,28.89396475,34.53057805,20.5,14.4,6.1,17.2125,0,68.51145833,7.401041667,1010.204167
Tarapaca,2015/9/20,2015,38,32,1,0.03125,13.7967125,41.51855,2.825128315,34.4585885,37.034355,21.3,16,5.3,17.925,0,68.44791667,6.973958333,1008.995833
Tarapaca,2015/9/27,2015,39,19,0,0,12.1477175,30.8117,3.371415345,35.550823,31.7492003,20.5,15.2,5.3,17.9,0,65.56770833,7.239583333,1009.689583
Tarapaca,2015/10/4,2015,40,19,1,0.052631579,13.7074125,20.20855875,3.368823183,32.9894215,30.0654488,20.7,15.2,5.5,18.025,0,67.43229167,7.260416667,1008.610938
Tarapaca,2015/10/11,2015,41,16,0,0,12.3485375,36.044325,2.18246524,36.650922,25.2107248,20.9,16.5,4.4,18.1375,0,71.140625,8.270833333,1010.577083
Tarapaca,2015/10/18,2015,42,12,0,0,13.0064,31.74185,2.034451615,42.66090185,30.343106,20.9,13.9,7,17.575,0,66.109375,7.71875,1010.400521
Tarapaca,2015/10/25,2015,43,21,0,0,11.52904125,26.55545,2.549160113,41.35012,27.3749291,21.1,15.1,6,18.175,0,73.421875,7.442708333,1009.875
Tarapaca,2015/11/1,2015,44,20,0,0,11.38836625,42.67446875,3.321462753,43.8654125,20.9288368,21.6,15.6,6,18.425,0,68.6875,7.708333333,1010.716146
Tarapaca,2015/11/8,2015,45,26,0,0,11.20795625,36.677425,3.070376035,45.216661,19.7845701,22,15.3,6.7,18.7625,0,63.40625,8.552083333,1010.795313
Tarapaca,2015/11/15,2015,46,30,0,0,12.283525,35.6142,3.993655193,47.889954,18.5197954,22,15.4,6.6,18.7375,0,65.29166667,7.703125,1008.913021
Tarapaca,2015/11/22,2015,47,16,1,0.0625,11.73561,40.1984625,3.09646403,45.1209395,14.67498155,22,15.3,6.7,19.475,0,64.53645833,7.953125,1007.897917
Tarapaca,2015/11/29,2015,48,15,0,0,13.748325,43.479525,3.832071605,45.274726,16.0054646,22.7,15.3,7.4,19.625,0,66.625,7.796875,1007.602083
Tarapaca,2015/12/6,2015,49,11,0,0,11.2415575,50.813925,2.998715433,53.41441,19.294957,23.2,17.8,5.4,20.475,0,62.86979167,7.75,1008.069271
Tarapaca,2015/12/13,2015,50,11,0,0,10.87744625,52.335125,2.761718093,51.860669,18.2364888,24.4,17.6,6.8,21.175,0,64.609375,7.875,1008.061458
Tarapaca,2015/12/20,2015,51,14,0,0,10.70816125,46.449575,2.245067848,47.894021,19.7069214,25,17.5,7.5,21.2125,0,62.625,7.96875,1007.479688
Tarapaca,2015/12/27,2015,52,8,0,0,13.0466,43.1761625,2.843541348,54.640733,18.9742008,24,17,7,20.7,0,66.52083333,7.661458333,1006.188542
Tarapaca,2016/1/10,2016,1,16,0,0,11.43899727,61.14086364,1.259413994,49.09324255,21.06980604,24.9,18.3,6.6,21.57272727,0,65.84848485,7.545454545,1007.910606
Tarapaca,2016/1/17,2016,2,16,1,0.0625,9.91716375,60.76587625,1.508946425,54.7237145,20.2654224,25.2,18.6,6.6,21.85,0,64.40104167,8.09375,1008.978646
Tarapaca,2016/1/24,2016,3,8,0,0,11.3232925,62.7661875,1.9088665,56.122738,19.0247305,25.9,19.2,6.7,22.6625,0,63.63541667,7.572916667,1008.086979
Tarapaca,2016/1/31,2016,4,8,0,0,11.37411125,57.7904375,1.620098943,44.3318925,24.1605756,27.2,19.2,8,23.4375,0,62.390625,7.848958333,1008.269271
Tarapaca,2016/2/7,2016,5,5,0,0,11.4395225,59.3821375,1.100784813,49.403466,18.6447543,26.8,19.8,7,23.2375,0,62.546875,8.505208333,1007.546875
Tarapaca,2016/2/14,2016,6,12,0,0,12.462965,65.924,2.398122353,52.110128,21.04856225,26.2,19.5,6.7,22.875,0,62.234375,9.3125,1007.158854
Tarapaca,2016/2/21,2016,7,9,0,0,12.788025,74.556425,1.059612823,55.1676545,23.89686565,26.3,19.5,6.8,22.9625,0,62.90104167,8.973958333,1004.645313
Tarapaca,2016/2/28,2016,8,14,0,0,12.0870625,77.98085,0.734885765,57.0356815,24.00144065,28.8,20.6,8.2,24.3625,0,63.1875,9.479166667,1005.771875
Tarapaca,2016/3/6,2016,9,4,0,0,13.1865,63.853125,1.276425355,56.801682,29.5641797,28,20,8,23.5,0,64.1875,7.994791667,1007.656771
Tarapaca,2016/3/13,2016,10,10,0,0,12.5791,45.02155,2.1331123,47.3058495,28.4339707,26.9,19.3,7.6,22.675,0,63.54166667,8.713541667,1008.844792
Tarapaca,2016/3/20,2016,11,25,1,0.04,12.56055,57.78923625,2.726060548,49.8382185,41.6024965,26,18.4,7.6,22.1,0,62.10416667,8.677083333,1007.892708
Tarapaca,2016/3/27,2016,12,7,0,0,11.4130375,83.614875,2.28368108,52.9317845,37.2221905,25.3,16.9,8.4,21.4,0,65.59895833,9.458333333,1007.702083
Tarapaca,2016/4/3,2016,13,10,0,0,8.810853625,63.932575,2.401239825,34.018642,34.3822672,26.1,17.4,8.7,21.3375,0,66.46354167,8.791666667,1009.14375
Tarapaca,2016/4/10,2016,14,22,2,0.090909091,8.317457,70.9804125,2.17944045,29.5218189,38.2470772,24.2,17.4,6.8,20.275,0,74.41666667,8.723958333,1008.467708
Tarapaca,2016/4/17,2016,15,20,0,0,9.78759,58.491825,2.448233128,23.54431968,39.784137,24.1,15.8,8.3,19.5125,0,69.02604167,7.96875,1008.624479
Tarapaca,2016/4/24,2016,16,22,2,0.090909091,8.94921,31.6891875,1.847492018,22.43144981,36.5440745,22.8,14.1,8.7,18.9125,0,69.94791667,7.963541667,1009.450521
Tarapaca,2016/5/1,2016,17,18,0,0,9.547315,60.8768875,2.191150868,25.03010405,66.088486,23,15.1,7.9,18.9625,0,68.09375,6.770833333,1009.152604
Tarapaca,2016/5/8,2016,18,27,8,0.296296296,11.1621825,61.9315375,1.93589966,22.49588285,53.347209,23,15.7,7.3,18.9375,0,69.59895833,6.635416667,1009.904688
Tarapaca,2016/5/15,2016,19,20,7,0.35,12.3236125,35.910775,1.511781265,18.0976502,50.6045475,23.3,14.7,8.6,18.325,0,70.921875,7.203125,1009.733854
Tarapaca,2016/5/22,2016,20,23,5,0.217391304,11.0043975,34.163275,2.71874911,17.25862565,38.272288,20.6,13.2,7.4,17.3125,0,69.18229167,6.927083333,1010.245833
Tarapaca,2016/5/29,2016,21,30,9,0.3,12.6846325,53.52715,3.54208542,17.18291085,53.1093655,20.2,13.4,6.8,17.3,0,69.21875,5.505208333,1010.978646
Tarapaca,2016/6/5,2016,22,43,15,0.348837209,16.2047125,39.08652,2.5683598,22.5246826,40.164555,19.9,13.4,6.5,16.925,0,73.16145833,6.130208333,1010.563021
Tarapaca,2016/6/12,2016,23,44,22,0.5,11.91964,67.820275,3.46490415,16.42051201,73.044486,20.1,14.2,5.9,16.8,0,69.72916667,6.489583333,1012.220313
Tarapaca,2016/6/19,2016,24,34,22,0.647058824,11.73291375,65.48646,2.504564438,14.03622836,77.283322,20.9,13.1,7.8,17.075,0,69.53645833,6.057291667,1011.857813
Tarapaca,2016/6/26,2016,25,29,10,0.344827586,9.5886225,75.0411875,1.957161353,16.21920825,71.6877135,19.8,12.5,7.3,16.1625,0,66.54166667,5.73125,1011.897396
Tarapaca,2016/7/3,2016,26,32,9,0.28125,15.38370625,69.578725,1.172300988,15.2799983,67.6577925,19.8,12.2,7.6,16.3625,0,74.09375,5.489583333,1010.441146
Tarapaca,2016/7/10,2016,27,29,13,0.448275862,12.2771525,58.352,1.100518883,15.3881903,72.0813385,33.4,10.6,22.8,17.225,0,71.5,6.895833333,1011.590104
Tarapaca,2016/7/17,2016,28,46,18,0.391304348,9.28626375,53.328775,1.441524655,20.27959325,58.7222935,20,12.4,7.6,16.1875,0,68.76041667,5.604166667,1012.317188
Tarapaca,2016/7/24,2016,29,55,16,0.290909091,12.7986725,55.8923,2.474591638,15.3864851,66.493344,18.5,11.5,7,15.375,0,69.3125,6.0625,1011.71875
Tarapaca,2016/7/31,2016,30,39,13,0.333333333,12.236715,49.17382125,4.59137315,19.1656934,54.0337615,18.8,13.4,5.4,16.325,0,67.23958333,6.208333333,1010.319792
Tarapaca,2016/8/7,2016,31,20,1,0.05,10.89810375,58.6874,3.72804123,20.52220695,56.8872725,18.5,13.7,4.8,16.375,0,66.8125,5.302083333,1011.258333
Tarapaca,2016/8/14,2016,32,30,1,0.033333333,11.95719,61.739525,2.89190622,23.00843265,68.0360955,18.6,13.1,5.5,16.175,0,67.34375,6.348958333,1011.452604
Tarapaca,2016/8/21,2016,33,39,3,0.076923077,9.8979175,72.3482625,4.497776925,26.70945655,46.1831635,19.3,13.8,5.5,16.5625,0,66.6328125,5.692708333,1010.414583
Tarapaca,2016/8/28,2016,34,23,1,0.043478261,12.71475125,63.5300875,4.8554364,27.21061875,45.418356,19.3,13.1,6.2,16.725,0,69.44739583,7.307291667,1010.480208
Tarapaca,2016/9/4,2016,35,20,1,0.05,13.54395,64.132525,4.503521275,33.00397205,47.9666725,19.6,11,8.6,15.925,0,67.21875,7.286458333,1012.939583
Tarapaca,2016/9/11,2016,36,19,0,0,12.39045,72.1423,3.686813893,39.00057,64.2240242,18.6,13.1,5.5,16.125,0,68.72395833,7.244791667,1011.90625
Tarapaca,2016/9/18,2016,37,25,1,0.04,11.691075,64.00943375,4.874394393,34.731788,44.9476322,19.1,14,5.1,16.4,0,68.20833333,7.34375,1011.780208
Tarapaca,2016/9/25,2016,38,19,0,0,11.2805025,58.6862,3.645937308,47.2539095,50.545116,19.7,15.3,4.4,17.2,0,65.72916667,6.145833333,1010.04375
Tarapaca,2016/10/2,2016,39,16,0,0,10.60940875,43.84750625,4.808006868,37.697562,35.691518,20.1,14.7,5.4,17.4125,0,65.61458333,7.182291667,1010.907292
Tarapaca,2016/10/9,2016,40,23,1,0.043478261,7.83195625,60.3046375,2.407585793,33.3545205,38.8583545,21,14.9,6.1,17.825,0,66.06634964,7.417798913,1009.877083
Tarapaca,2016/10/16,2016,41,16,0,0,10.21227375,42.8864875,1.614492143,24.1743999,32.54549075,20.7,14.6,6.1,17.8,0,68.46354167,7.541666667,1010.027604
Tarapaca,2016/10/23,2016,42,15,0,0,9.302285,35.3663,1.263773048,38.29417865,28.44053425,20.7,13.6,7.1,17.5625,0,65.90625,7.942708333,1010.599479
Tarapaca,2016/10/30,2016,43,19,1,0.052631579,9.3282295,48.0659875,1.39335006,42.696444,32.11437385,21.1,14.8,6.3,18.0375,0,66.38020833,6.572916667,1010.378125
Tarapaca,2016/11/6,2016,44,17,1,0.058823529,10.98731075,55.40595,3.145720358,38.524143,25.90209715,21.9,15.2,6.7,18.725,0,65.24479167,7.125,1009.976563
Tarapaca,2016/11/13,2016,45,20,0,0,8.87709375,49.1141625,2.902310895,48.100654,28.1731019,22.8,14.8,8,19.3375,0,65.53125,7.4375,1009.631771
Tarapaca,2016/11/20,2016,46,13,0,0,11.10642125,59.4065125,3.049009935,45.9022935,30.4392304,22.8,14.2,8.6,19.15,0,69.75,9.5,1009.282813
Tarapaca,2016/11/27,2016,47,11,0,0,10.5866075,46.092575,2.985392405,39.7548025,22.692446,22.6,15.7,6.9,19.3375,0,64.85416667,8.286458333,1009.631771
Tarapaca,2016/12/4,2016,48,14,0,0,11.6376875,50.7169875,3.975178625,54.38414205,31.4813238,22.6,15.3,7.3,19.3125,0,67.94791667,8.526041667,1008.965625
Tarapaca,2016/12/11,2016,49,14,0,0,10.5440475,48.604975,2.56727119,47.708409,26.3162118,23.9,16.2,7.7,19.9,0,64.58333333,9.703125,1009.805208
Tarapaca,2016/12/18,2016,50,12,1,0.083333333,10.8351475,61.53225,1.696961883,55.6355065,31.3856365,24.1,16.2,7.9,20.475,0,66.07922149,8.403782895,1008.7625
Tarapaca,2016/12/25,2016,51,11,0,0,10.7641425,56.2325,1.399239165,56.6679855,24.56302955,25.9,16.9,9,21.45,0,62.97395833,8.442708333,1008.035938
Tarapaca,2016/12/31,2016,52,15,0,0,8.244428571,31.90702857,1.073655415,46.54552001,22.81414109,24.9,17.8,7.1,21.47142857,0,63.23214286,9.392857143,1007.880952
Tarapaca,2017/1/8,2017,1,10,0,0,9.471223333,64.72886667,0.980103282,56.43678445,24.80661045,27,18.3,8.7,22.48888889,0,63.33796296,9.111111111,1007.502315
Tarapaca,2017/1/15,2017,2,14,1,0.071428571,7.9606625,57.8632875,0.69088483,50.4164185,28.37205055,26.9,20.4,6.5,23.6375,0,65.41666667,9.432291667,1007.108854
Tarapaca,2017/1/22,2017,3,9,1,0.111111111,8.2140475,76.1993125,0.485509122,83.828612,43.5560421,28.9,21.4,7.5,24.875,0,65.22395833,7.65625,1007.441146
Tarapaca,2017/1/29,2017,4,11,0,0,8.28849875,85.2421125,0.359065991,76.0305315,32.402317,29,21.4,7.6,25.425,0,66.953125,8.796875,1007.431771
Tarapaca,2017/2/5,2017,5,9,0,0,14.07565,69.0945125,1.40912377,90.57716885,29.49696265,29.1,20.8,8.3,24.975,0,62.74479167,8.104166667,1006.327604
Tarapaca,2017/2/12,2017,6,1,0,0,12.934375,69.1017125,0.908634636,90.97144,27.4531465,27.7,19.7,8,23.275,0,59.60416667,9.901041667,1006.634375
Tarapaca,2017/2/19,2017,7,15,0,0,10.523475,67.32125,0.689895322,45.2145785,24.01162085,28.3,19.9,8.4,23.6125,0,57.39427083,11.640625,1008.202083
Tarapaca,2017/2/26,2017,8,16,1,0.0625,10.84257125,58.1469125,0.147067085,18.223982,26.992899,30,19.8,10.2,24.1875,0,60.703125,9.708333333,1007.322917
Tarapaca,2017/3/5,2017,9,16,1,0.0625,10.79719375,56.4210125,0.229174086,23.51805715,21.67973935,30,19.7,10.3,24.3125,0,64.078125,9.755208333,1006.359375
Tarapaca,2017/3/12,2017,10,11,0,0,11.53301375,69.14675625,0.97948438,30.5989075,43.5203785,26.2,19.6,6.6,22.575,0,66.8125,9.661458333,1006.478125
Tarapaca,2017/3/19,2017,11,9,1,0.111111111,10.864565,41.8860875,1.66506633,33.908539,25.26925155,26.5,18.8,7.7,22.325,0,66.30729167,8.0625,1008.214583
Tarapaca,2017/3/26,2017,12,22,4,0.181818182,12.77818625,37.28075,1.465010335,30.779301,47.0561932,26.5,17.1,9.4,21.0625,0,66.21875,9.5,1008.892188
Tarapaca,2017/4/2,2017,13,22,6,0.272727273,12.6374625,41.5594625,1.587662688,24.5977305,45.0477845,25.8,16.6,9.2,20.4625,0,68.33854167,9.286458333,1009.10625
Tarapaca,2017/4/9,2017,14,27,10,0.37037037,12.757125,44.78225,2.311279178,23.9174096,44.687271,24.3,15.2,9.1,19.225,0,65.484375,8.791666667,1008.611979
Tarapaca,2017/4/16,2017,15,18,3,0.166666667,11.55392875,54.06545,3.69567899,22.67861194,51.7315135,24.2,14.2,10,18.85,0,69.3125,8.8125,1007.782292
Tarapaca,2017/4/23,2017,16,41,13,0.317073171,11.51980875,57.651,1.506758725,21.18608835,47.459566,23.4,14.2,9.2,19.6125,0,67.76041667,7.557291667,1009.069792
Tarapaca,2017/4/30,2017,17,25,11,0.44,13.256075,59.273725,2.725549648,24.52438975,75.5889955,22.6,15,7.6,18.9125,0,70.046875,6.911458333,1009.126042
Tarapaca,2017/5/7,2017,18,21,11,0.523809524,14.0179875,44.6893125,3.02949945,30.7188105,71.0237445,23.4,14.5,8.9,18.3375,0,66.47916667,7.130208333,1009.984896
Tarapaca,2017/5/14,2017,19,27,13,0.481481481,10.75,18.125,1.699725,18.62,51.25115,28,14.3,13.7,20.4625,0,65.06770833,6.744791667,1009.976042
Tarapaca,2017/5/21,2017,20,39,8,0.205128205,10.625,29.25,2.059975,17.15,57.92515,22.4,13.7,8.7,17.6375,0,68.953125,7.8125,1010.675
Tarapaca,2017/5/28,2017,21,29,13,0.448275862,12.75,39,1.981375,18.80375,66.9938,23.9,13.2,10.7,16.9625,0,72.23958333,8.53125,1010.505729
Tarapaca,2017/6/4,2017,22,33,13,0.393939394,11.375,41.875,2.5152,21.805,76.845,19,13.2,5.8,16.35,0,70.75520833,6.536458333,1011.484896
Tarapaca,2017/6/11,2017,23,22,3,0.136363636,11.25,41.3928575,2.282675,16.415,79.79895,20.7,13.5,7.2,16.825,0,71.71354167,5.739583333,1011.669792
Tarapaca,2017/6/18,2017,24,36,7,0.194444444,14.125,27.98214375,3.009725,18.865,67.1724,19.9,12.5,7.4,16.6375,0,72.72395833,7.208333333,1011.346875
Tarapaca,2017/6/25,2017,25,29,3,0.103448276,15.625,24.375,3.5108,12.25,75.0684,19,13.6,5.4,16.7375,0,71.83854167,6.270833333,1010.247396
Tarapaca,2017/7/2,2017,26,7,0,0,14.25,25.625,2.223725,16.17,75.7499,20.8,14.1,6.7,16.675,0,71.93229167,6.229166667,1011.3625
Tarapaca,2017/7/9,2017,27,27,3,0.111111111,11.921875,36.625,3.8645,14.21,81.5826,18.7,13.4,5.3,15.9875,0,68.859375,5.927083333,1011.75625
Tarapaca,2017/7/16,2017,28,17,1,0.058823529,14.25,32,4.535875,18.221875,60.94813125,19.2,15,4.2,16.5625,0,68.27083333,6.697916667,1012.551042
Tarapaca,2017/7/23,2017,29,26,0,0,11.75,46.5,2.957325,16.905,83.2276,18.9,11.8,7.1,15.2875,0,69.40104167,6.963541667,1012.3375
Tarapaca,2017/7/30,2017,30,20,1,0.05,14.25,50.375,4.195275,17.885,66.8246,18,11.8,6.2,15.5625,0,70.05729167,5.692708333,1011.027083
Tarapaca,2017/8/6,2017,31,11,0,0,14.625,40.125,4.476925,19.6,68.103,17.8,12.1,5.7,15.5375,0,66.77083333,6.697916667,1012.121875
Tarapaca,2017/8/13,2017,32,14,1,0.071428571,14.875,32.75,3.1833,20.58,62.29615,19.7,11.5,8.2,16.075,0,64.83854167,6.828125,1012.08125
Tarapaca,2017/8/20,2017,33,13,0,0,12.125,35.75,2.65275,23.03,51.99375,18.2,11.5,6.7,15.5625,0,65.66666667,6.734375,1011.375521
Tarapaca,2017/8/27,2017,34,14,1,0.071428571,13,27.375,3.219325,23.52,48.2032,19.2,13.3,5.9,16.2,0,66.97916667,7.369791667,1010.441667
Tarapaca,2017/9/3,2017,35,13,0,0,10.5,26.15625,3.92345,31.115,39.75965,18.7,14.6,4.1,16.375,0,67.36979167,6.880208333,1011.545313
Tarapaca,2017/9/10,2017,36,10,0,0,9.5,37.125,3.1047,30.135,37.50365,19.2,14.2,5,16.275,0,70.359375,8,1011.539063
Tarapaca,2017/9/17,2017,37,13,0,0,12.25,37.75,2.806675,35.77,40.3636,19.1,11.7,7.4,15.4125,0,68.625,9.140625,1012.232813
Tarapaca,2017/9/24,2017,38,17,2,0.117647059,12.125,34.625,3.1571,43.855,32.70025,18.9,13.5,5.4,15.9125,0,70.92708333,7.927083333,1010.6625
Tarapaca,2017/10/1,2017,39,15,0,0,11.625,41.875,3.658175,34.545,45.49835,19.9,13.2,6.7,16.0875,0,69.828125,7.114583333,1009.461979
Tarapaca,2017/10/8,2017,40,22,0,0,11.25,28.25,5.858975,34.21016585,29.6711,19.9,12.9,7,16.525,0,67.73618659,7.583423913,1010.743161
Tarapaca,2017/10/15,2017,41,19,0,0,10.25,38.5,5.91465,41.405,25.7795,19.4,14.7,4.7,16.4125,0,67.19270833,7.833333333,1009.567188
Tarapaca,2017/10/22,2017,42,21,0,0,10.875,44.5,6.51725,44.345,34.6202,20.3,14.5,5.8,17.05,0,70.22395833,6.744791667,1008.098438
Tarapaca,2017/10/29,2017,43,18,1,0.055555556,9.25,37.375,7.074,49.735,20.14185,20.6,14.8,5.8,17.4875,0,66.78645833,7.416666667,1009.572396
Tarapaca,2017/11/5,2017,44,17,0,0,10.125,34.75,5.12865,34.545,22.5741,20.3,13.1,7.2,16.725,0,69.64583333,8.15625,1010.485417
Tarapaca,2017/11/12,2017,45,16,0,0,7.25,38.75,4.01515,34.23875,25.6009,21,15.4,5.6,17.85,0,71.85416667,5.864583333,1008.219792
Tarapaca,2017/11/19,2017,46,19,0,0,9,42,4.00205,35.22283415,20.38625,22.2,14.9,7.3,18.9375,0,69.30729167,7.859375,1008.622396
Tarapaca,2017/11/26,2017,47,19,0,0,12.5,45.375,4.214925,42.875,46.70625,21.9,14.2,7.7,18.325,0,67.02083333,8.84375,1009.081771
Tarapaca,2017/12/3,2017,48,12,0,0,14.5,30.625,4.247675,38.71,60.24225,23,14.7,8.3,18.5875,0,65.31770833,9,1008.15
Tarapaca,2017/12/10,2017,49,21,0,0,12.125,36,4.4278,42.875,85.0418,22.6,15.4,7.2,19.1125,0,68.02083333,9.640625,1008.096875
Tarapaca,2017/12/17,2017,50,22,0,0,13.5,39.875,3.75315,40.67,43.2353,23.8,15.5,8.3,19.6,0,66.83333333,7.665625,1008.65625
Tarapaca,2017/12/24,2017,51,10,0,0,13,55.375,2.7248,43.61,26.75475,24.9,17.1,7.8,20.925,0,64.4375,8.302083333,1007.033854
Tarapaca,2017/12/31,2017,52,13,0,0,12.125,39.625,2.28595,36.505,17.8365,26.2,17.7,8.5,21.45,0,62.22916667,7.890625,1008.434896
Tarapaca,2018/1/7,2018,1,18,0,0,12.875,52.625,2.826325,37.485,20.0925,27.3,17.1,10.2,21.975,0,60.734375,8.484375,1009.016146
Tarapaca,2018/1/14,2018,2,9,0,0,10.5,35.125,3.514075,38.22,20.35335,25.4,17.8,7.6,21.4875,0,66.05729167,8.822916667,1008.014063
Tarapaca,2018/1/21,2018,3,12,0,0,10.125,38.125,3.278275,37.24,18.2642,24.9,17.7,7.2,20.925,0,63.21354167,9.380208333,1008.005729
Tarapaca,2018/1/28,2018,4,17,0,0,11.625,46,3.12435,37.485,23.6927,25.1,16.9,8.2,21.075,0,66.04166667,9.494791667,1004.802604
Tarapaca,2018/2/4,2018,5,13,0,0,13.75,53.5,2.767375,41.16,26.64195,27.6,17.7,9.9,21.625,0,66.390625,7.453125,1004.945833
Tarapaca,2018/2/11,2018,6,15,0,0,10.625,57.125,2.1615,36.75,19.17835,29.6,18.2,11.4,23.1125,0,63.03645833,11.125,1006.308854
Tarapaca,2018/2/18,2018,7,6,0,0,9.625,56.25,2.5676,42.14,25.31185,28,17.9,10.1,23.0125,0,62.83854167,8.625,1006.977604
Tarapaca,2018/2/25,2018,8,7,0,0,12.125,43,2.963875,34.055,22.60935,27.1,18,9.1,23,0,59.04166667,8.010416667,1007.635417
Tarapaca,2018/3/4,2018,9,13,0,0,11.75,38.5,3.7597,35.035,26.01685,27.1,17.8,9.3,21.9375,0,62.94791667,9.65625,1007.988542
Tarapaca,2018/3/11,2018,10,16,0,0,12.875,46.84375,4.169075,33.565,33.887,26.3,17.4,8.9,21.2375,0,61.75520833,9.416666667,1006.175
Tarapaca,2018/3/18,2018,11,25,0,0,12.875,52.25,3.075225,31.605,47.34075,25.3,16.8,8.5,21.375,0,64.015625,7.395833333,1006.658854
Tarapaca,2018/3/25,2018,12,21,0,0,12.5,46.25,2.983525,41.405,41.42815,25.6,16.8,8.8,20.5375,0,64.07291667,9.005208333,1007.067188
Tarapaca,2018/4/1,2018,13,15,0,0,10.875,58.875,2.354725,49.98,41.68195,24.6,15.8,8.8,19.9,0,67.99479167,7.552083333,1006.927083
Tarapaca,2018/4/8,2018,14,31,0,0,12.75,46.375,2.950775,44.835,33.28305,24.5,15.2,9.3,19.8375,0,66.5,8.8125,1008.104688
Tarapaca,2018/4/15,2018,15,11,0,0,12.5,51.375,3.330675,39.445,33.95515,24.5,15.2,9.3,19.8125,0,66.5625,9.09375,1009.115104
Tarapaca,2018/4/22,2018,16,23,0,0,13.25,42.375,1.817625,50.61000035,57.4293,25.1,15.6,9.5,19.625,0,67.89583333,8.520833333,1008.003646
Tarapaca,2018/4/29,2018,17,27,0,0,14,43.875,2.289225,35.77,73.47275,23.5,15.1,8.4,19.3125,0,71.875,8.28125,1008.541667
Tarapaca,2018/5/6,2018,18,26,0,0,12.125,36,3.258625,33.81,65.847,22.6,15.8,6.8,19.3625,0,68.5,7.135416667,1009.302083
Tarapaca,2018/5/13,2018,19,19,0,0,12.625,39,3.1047,28.91,54.91245,22.3,13.9,8.4,18.3625,0,69.328125,6.614583333,1010.530729
Tarapaca,2018/5/20,2018,20,21,0,0,12.75,60.5,3.9824,21.07,80.887,20.5,13.7,6.8,17.2375,0,67.6875,6.614583333,1009.754688
Tarapaca,2018/5/27,2018,21,34,1,0.029411765,16,53.5,3.93,23.52,99.0995,19.9,12.9,7,16.8125,0,70.83333333,6.765625,1009.770833
Tarapaca,2018/6/3,2018,22,25,2,0.08,14.08333375,38.75,2.485725,18.375,70.08209245,19.8,13.5,6.3,16.65,0,69.25520833,6.182291667,1009.765104
Tarapaca,2018/6/10,2018,23,28,1,0.035714286,16.39583375,49.25,2.1353,13.444375,75.54270755,19.5,13.1,6.4,16.0125,0,74.578125,6.869791667,1009.483854
Tarapaca,2018/6/17,2018,24,26,5,0.192307692,17.875,38.875,1.778325,12.709375,109.3502,19.8,12.3,7.5,15.7875,0,73.640625,7.369791667,1011.579688
Tarapaca,2018/6/24,2018,25,30,8,0.266666667,18.375,38.375,3.144,4.165,96.53565,19.8,14.2,5.6,16,0,71.64583333,6.09375,1011.061979
Tarapaca,2018/7/1,2018,26,24,9,0.375,10.75,34.875,3.1964,5.635,88.40465,18.5,12.1,6.4,15.8625,0,69.68229167,6.463541667,1010.800521
Tarapaca,2018/7/8,2018,27,34,16,0.470588235,14.875,21.25,3.60905,8.960000105,69.10175,18,11.9,6.1,15.3625,0,75.421875,6.65625,1009.246354
Tarapaca,2018/7/15,2018,28,31,16,0.516129032,17.625,34.328125,3.127625,7.84,91.039,18.9,12.2,6.7,15.6625,0,74.015625,6.484375,1009.440625
Tarapaca,2018/7/22,2018,29,22,7,0.318181818,14.5,44.625,2.046875,12.495,81.01014,19.3,12.8,6.5,15.625,0,77.27604167,7.114583333,1010.359896
Tarapaca,2018/7/29,2018,30,28,7,0.25,10.125,44.375,1.965,13.72,86.12985,17.7,13.7,4,15.2125,0,76.203125,6.34375,1011.741146
Tarapaca,2018/8/5,2018,31,18,2,0.111111111,12.125,42.75,2.073075,9.555,144.4028,18.1,11.9,6.2,14.55,0,71.03645833,6.828125,1011.503646
Tarapaca,2018/8/12,2018,32,16,4,0.25,14.625,35.6428575,3.2488,6.615,102.32135,18.1,11.4,6.7,14.95,0,73.84375,6.880208333,1009.765104
Tarapaca,2018/8/19,2018,33,20,4,0.2,14.375,42.875,3.3667,14.945,66.1895125,18.1,12.6,5.5,15.3,0,69.44791667,6.65625,1011.553646
Tarapaca,2018/8/26,2018,34,27,3,0.111111111,12.66071375,39.75,3.56975,9.555,58.659525,20.9,13,7.9,15.6875,0,69.94270833,6.65625,1010.464583
Tarapaca,2018/9/2,2018,35,22,1,0.045454545,10.25,31.625,3.94965,6.37,47.3055,18.4,12.6,5.8,15.5625,0,69.79166667,7.703125,1010.228125
Tarapaca,2018/9/9,2018,36,15,3,0.2,11.375,50.62916625,4.30335,9.065,58.47975,19,12.6,6.4,15.9625,0,69.91666667,7.40625,1009.601042
Tarapaca,2018/9/16,2018,37,25,3,0.12,11.375,48.36875,2.197525,8.82,43.57526745,19.7,12.5,7.2,16.475,0,68.35416667,8.083333333,1010.480729
Tarapaca,2018/9/23,2018,38,20,3,0.15,12.125,19.59672625,2.489,14.945,21.85578255,19.8,14.7,5.1,16.7125,0,69.05208333,7.822916667,1009.015625
Tarapaca,2018/9/30,2018,39,23,1,0.043478261,10.375,36.859375,2.079625,17.395,45.6401349,20.7,14.6,6.1,17.5875,0,66.875,7.770833333,1008.297917
Tarapaca,2018/10/7,2018,40,16,0,0,9.5,50.234375,1.994475,33.81,54.4589,21.3,14.6,6.7,18.15,0,70.72395833,7.645833333,1008.339583
Tarapaca,2018/10/14,2018,41,20,4,0.2,10.5,45.2321425,1.699725,28.91,35.20669185,21.2,14.1,7.1,18.35,0,72.484375,8.375,1010.825
Tarapaca,2018/10/21,2018,42,20,0,0,9.125,44.75,1.653875,31.115,27.35366395,20.4,14.1,6.3,17.4,0,66.19270833,7.739583333,1010.307292
Tarapaca,2018/10/28,2018,43,20,0,0,9.125,43.375,1.863475,39.2,28.85565,21.1,14.3,6.8,17.975,0,67.39583333,7.421875,1009.560938
Tarapaca,2018/11/4,2018,44,27,2,0.074074074,9.489583375,27.171875,2.0305,32.095,23.1890151,22.7,15.5,7.2,18.9375,0,67.33333333,7.286458333,1009.25
Tarapaca,2018/11/11,2018,45,15,0,0,9.5,44.375,1.8471,49.7554183,31.34753125,23,15.6,7.4,19.4875,0,67.61979167,7.348958333,1007.971354
Tarapaca,2018/11/18,2018,46,15,2,0.133333333,9.5,42.125,1.77505,38.19958415,34.21218125,23.2,16.1,7.1,19.525,0,67.03125,7.697916667,1008.595313
Tarapaca,2018/11/25,2018,47,20,0,0,9.5,50.875,1.64405,43.12,63.19247995,23.8,17.1,6.7,20.4125,0,65.91666667,7.536458333,1008.3625
Tarapaca,2018/12/2,2018,48,18,0,0,9.5,43.75,1.23795,46.305,37.3009625,24.1,16.7,7.4,20.75,0,66,8.822916667,1008.978646
Tarapaca,2018/12/9,2018,49,12,0,0,9.5,31,1.7554,40.67,24.15565,24.4,16.2,8.2,20.35,0,63.91666667,9.708333333,1009.218229
Tarapaca,2018/12/16,2018,50,12,1,0.083333333,13,42.75,1.463925,40.67,23.1334,24.5,16.8,7.7,20.675,0,64.625,8.916666667,1008.907292
Tarapaca,2018/12/23,2018,51,17,0,0,14.5,38.5,0.93665,48.0900014,30.43955,25,16.8,8.2,20.6875,0,65.15625,8.989583333,1008.248958
Tarapaca,2018/12/30,2018,52,17,1,0.058823529,14.5,42.75,0.7205,44.835,26.43985,24.1,16.8,7.3,20.6875,0,66.04166667,9.088541667,1006.059896
Tarapaca,2019/1/6,2019,1,14,0,0,14.5,62.25,0.7729,47.04,28.67235,26.2,18.6,7.6,22.0875,0,67.51041667,8.583333333,1005.296354
Tarapaca,2019/1/13,2019,2,13,0,0,14.5,40,0.487975,32.095,27.5091,26.3,18.1,8.2,22.5125,0,66.25520833,9.953125,1009.030208
Tarapaca,2019/1/20,2019,3,14,0,0,14.5,63.375,0.5502,40.18,38.13815,25.5,18.1,7.4,21.65,0,62.08333333,10.29166667,1008.054688
Tarapaca,2019/1/27,2019,4,11,0,0,13.34375,56.25,0.880975,55.125,40.7678,27.2,18.6,8.6,22.4625,0,63.80208333,9.296875,1006.139583
Tarapaca,2019/2/3,2019,5,9,0,0,10.34375,53.875,0.8253,55.37,39.35075,29.8,20.3,9.5,24.0625,0,68.453125,8.703125,1005.990625
Tarapaca,2019/2/10,2019,6,9,1,0.111111111,10,47.765625,0.3406,55.615,36.19235,27.7,20.3,7.4,23.5,0,69.20833333,9.177083333,1004.80625
Tarapaca,2019/2/17,2019,7,17,2,0.117647059,11.25,61.25,0.51745,42.875,32.4723,26.4,18,8.4,22.0625,0,67.921875,10.30729167,1006.392708
Tarapaca,2019/2/24,2019,8,15,0,0,11.5,44.75,0.71395,45.815,29.2105,27.4,17.6,9.8,22.025,0,65.640625,9.635416667,1006.75625
Tarapaca,2019/3/3,2019,9,8,0,0,9.625,45.5,1.031625,46.06,43.1507,26.7,18.3,8.4,22.1125,0,67.07291667,8.932291667,1007.195313
Tarapaca,2019/3/10,2019,10,11,1,0.090909091,11.125,46.40625,1.129875,41.65,31.48295,26.3,17.9,8.4,21.95,0,66.48958333,10.03125,1006.407813
Tarapaca,2019/3/17,2019,11,7,1,0.142857143,11.5,48.375,1.21175,41.405,42.4833,25.7,17.3,8.4,21.225,0,67.78125,8.515625,1006.221875
Tarapaca,2019/3/24,2019,12,22,1,0.045454545,12.375,70.375,1.5458,44.345,59.31635,24.6,16.5,8.1,20.45,0,63.65104167,7.739583333,1007.84375
Tarapaca,2019/3/31,2019,13,18,2,0.111111111,13.25,41.984375,1.72265,40.67,92.3691,25.1,17.1,8,20.825,0,64.98958333,8.270833333,1007.727604
Tarapaca,2019/4/7,2019,14,14,1,0.071428571,11.625,35.625,1.5589,45.08,101.81375,30.4,17.2,13.2,21.15,4.4,63.47395833,8.057291667,1008.734375
Tarapaca,2019/4/14,2019,15,26,6,0.230769231,11.5,38.625,1.830725,32.83,95.7484,23.7,16,7.7,19.5125,0,65.09375,9.145833333,1008.605729
Tarapaca,2019/4/21,2019,16,22,5,0.227272727,13.75,48.875,2.08945,32.585,102.30255,23.5,15.6,7.9,19.2,0,65.02083333,7.609375,1008.484375
Tarapaca,2019/4/28,2019,17,39,6,0.153846154,10.5,35.75,2.086175,32.095,73.2025,25.4,15.5,9.9,19.1375,0,66.671875,10.14583333,1008.723958
Tarapaca,2019/5/5,2019,18,27,11,0.407407407,12.875,40.453125,1.7947,26.95,74.27645,22.5,14.4,8.1,18.4125,0,67.28645833,6.578125,1007.490104
Tarapaca,2019/5/12,2019,19,27,14,0.518518519,16.25,35.625,1.38205,20.825,61.2175,21.8,13.6,8.2,18.275,0,69.953125,8.25,1008.745833
Tarapaca,2019/5/19,2019,20,28,10,0.357142857,13.5,50.25,1.4803,21.805,91.70405,21,12.9,8.1,17.25,0,70.11979167,7.203125,1009.681771
Tarapaca,2019/5/26,2019,21,32,17,0.53125,10.875,53.25,0.917,17.885,102.58925,21,14,7,17.0625,0,66.859375,6.098958333,1010.234896
Tarapaca,2019/6/2,2019,22,42,20,0.476190476,11.13333375,43.5,1.40825,18.375,88.4211,20.7,13.2,7.5,17.125,0,66.02083333,6.645833333,1011.001042
Tarapaca,2019/6/9,2019,23,26,4,0.153846154,12.5178575,50.125,2.2139,14.455,118.57395,19.9,13.6,6.3,17.1125,0,66.890625,5.588541667,1010.156771
Tarapaca,2019/6/16,2019,24,23,6,0.260869565,13.75,24.125,1.686625,19.11,95.3677,19.9,13.1,6.8,16.4375,0,70.97916667,7.21875,1010.933854
Tarapaca,2019/6/23,2019,25,21,0,0,12.375,38.25,1.273975,12.985,99.1042,19.4,12.6,6.8,15.9,0,73.265625,7.005208333,1009.360938
Tarapaca,2019/6/30,2019,26,29,8,0.275862069,13.75,33.5,1.1135,11.025,77.52415,19.8,12.7,7.1,16.275,0,68.98958333,7,1009.646354
Tarapaca,2019/7/7,2019,27,32,5,0.15625,13.25,40.75,1.562175,12.74,85.03005,18.7,11.7,7,15.8125,0,72.91100543,6.303668478,1010.020856
Tarapaca,2019/7/14,2019,28,26,0,0,11.125,34.375,1.896225,13.72,86.4147875,19.1,14.3,4.8,16.1625,0,70.4375,6.442708333,1010.726042
Tarapaca,2019/7/21,2019,29,19,1,0.052631579,8.25,49.875,2.177875,18.375,95.585075,18,13.4,4.6,15.675,0,68.640625,5.96875,1010.003646
Tarapaca,2019/7/28,2019,30,21,1,0.047619048,7.75,36.875,1.99775,17.64,100.4442875,18.2,10.2,8,15.0875,0,67.53645833,7.8125,1012.508333
Tarapaca,2019/8/4,2019,31,26,2,0.076923077,9,54.125,1.6244,20.58,75.2658,18.2,12.2,6,15.15,0,67.83537138,6.897192029,1010.482631
Tarapaca,2019/8/11,2019,32,24,2,0.083333333,8.875,43.875,1.162625,26.215,60.23755,18.1,11.8,6.3,15.0125,0,67.203125,7.5625,1012.3125
Tarapaca,2019/8/18,2019,33,24,1,0.041666667,9,41,0.985775,22.05,63.5064,17.8,12.1,5.7,15.0875,0,69.94791667,6.864583333,1010.454167
Tarapaca,2019/8/25,2019,34,17,2,0.117647059,7.25,48.5,0.959575,20.335,82.05025,17.9,12.2,5.7,15.25,0,67.84895833,6.380208333,1010.653646
Tarapaca,2019/9/1,2019,35,28,1,0.035714286,8.25,49,1.077475,29.155,60.16235,19.5,12.9,6.6,16.175,0,69.44270833,7.239583333,1009.050521
Tarapaca,2019/9/8,2019,36,34,0,0,5.625,42.5,0.847815625,35.34125,46.5911,18.9,12.7,6.2,16.1625,0,70.0625,7.90625,1010.283333
Tarapaca,2019/9/15,2019,37,44,3,0.068181818,8.859375,37.75,0.874425,34.3,33.73425,18.6,11.2,7.4,15.4375,0,69.0625,7.765625,1011.457813
Tarapaca,2019/9/22,2019,38,26,1,0.038461538,11,57.25,1.097125,34.3,27.965,18.8,11.6,7.2,15.2875,0,67.73958333,8.338541667,1011.623438
Tarapaca,2019/9/29,2019,39,38,1,0.026315789,12,35.03125,1.909325,37.1175,37.0877,19.1,11.8,7.3,15.9125,0,69.40104167,7.354166667,1010.995313
Tarapaca,2019/10/6,2019,40,32,0,0,11.375,41.15625,0.867875,40.18,26.4751,20,13.5,6.5,16.275,0,68.52604167,8.661458333,1011.673958
Tarapaca,2019/10/13,2019,41,24,0,0,12,54.5,1.424625,40.18,52.2593,20.9,11.6,9.3,16.3625,0,67.88541667,5.869791667,1008.311979
Tarapaca,2019/10/20,2019,42,31,1,0.032258065,11,45,1.666975,43.365,23.782,22.8,14.6,8.2,17.7125,0,68.30729167,8.895833333,1010.784896
Tarapaca,2019/10/27,2019,43,18,0,0,12,48.375,2.29905,48.51,19.11460625,19.7,13.1,6.6,16.575,0,67.796875,8.494791667,1010.129167
Tarapaca,2019/11/3,2019,44,11,2,0.181818182,11.125,48.96875,1.70955,40.915,16.03140625,21,15.6,5.4,18.0375,0,67.47916667,7.526041667,1008.84375
Tarapaca,2019/11/10,2019,45,17,0,0,9.250000125,55,1.077475,49,29.1776,21.5,15.6,5.9,18.425,0,67.21875,7.822916667,1007.277604
Tarapaca,2019/11/17,2019,46,14,0,0,11.25,43.96875,1.14625,50.225,20.5954,22.8,16,6.8,19.1875,0,68.52604167,7.984375,1008.670833
Tarapaca,2019/11/24,2019,47,13,1,0.076923077,10.75,59.125,1.129875,48.02,25.21785,24.4,15.9,8.5,20.4625,0,68.97395833,8.265625,1008.320313
Tarapaca,2019/12/1,2019,48,15,0,0,11.75,64,1.5458,46.305,22.30855,23.8,15.8,8,19.8125,0,65.59895833,9.010416667,1007.766667
Tarapaca,2019/12/8,2019,49,13,0,0,12.375,50.25,1.870025,51.695,29.16663255,23.8,16.3,7.5,20.4625,0,63.921875,8.677083333,1008.880729
Tarapaca,2019/12/15,2019,50,10,0,0,10.375,50.375,1.044725,50.96,32.71513255,23.9,16.2,7.7,20.5625,0,61.07142857,9.320684524,1008.685342
Tarapaca,2019/12/22,2019,51,11,0,0,11.75,59.125,1.05455,51.695,21.85186745,24.5,16.2,8.3,20.625,0,63.65625,9.041666667,1006.732292
Tarapaca,2019/12/29,2019,52,14,0,0,12.125,54.875,1.319825,56.35,24.60195495,25.4,18,7.4,21.3125,0,64.80729167,7.541666667,1006.210417
Valparaiso,2015/1/4,2015,1,31,0,0,12.59696,30.49132028,18.72925231,35.15779226,13.09919093,21.625,12.775,8.85,17.31875,4.525,67.05449432,5.6875,996.9739583
Valparaiso,2015/1/11,2015,2,29,0,0,13.92635817,44.05197375,17.31814026,36.5506022,14.57166696,22.525,13.85,8.675,17.75625,5.775,69.70093563,5.151041667,997.1744792
Valparaiso,2015/1/18,2015,3,36,1,0.027777778,16.09598917,52.74530556,17.46757198,37.61758612,13.98087402,22.25,13.625,8.625,18.10625,11.475,71.00562427,4.78125,998.9713542
Valparaiso,2015/1/25,2015,4,16,0,0,11.89203833,32.78618403,41.49275833,31.74846884,13.80472028,23.25,14.9,8.35,18.7375,7.65,70.76733176,5.5,999.4822917
Valparaiso,2015/2/1,2015,5,39,0,0,11.98082792,42.72657597,15.52921485,28.43923415,18.48583447,23.6,14.4,9.2,18.571875,0.9,68.56907487,5.645833333,997.1614583
Valparaiso,2015/2/8,2015,6,27,0,0,13.59080667,45.11480694,14.61230893,28.14653141,14.67738913,23.3,14.775,8.525,18.596875,3.55,67.85764891,5.619791667,997.4302083
Valparaiso,2015/2/15,2015,7,38,0,0,14.94796417,54.20717083,19.034496,31.62646102,18.7180925,24.1,14.375,9.725,18.6875,0.5,66.44439299,5.53125,998.4130208
Valparaiso,2015/2/22,2015,8,45,0,0,20.12229792,61.32191806,19.88668853,33.87698749,19.31335733,22.75,13.625,9.125,18.053125,5.9,69.50842218,5.244791667,998.7036458
Valparaiso,2015/3/1,2015,9,41,0,0,14.34987042,36.11840694,18.33684663,29.01742235,15.70648928,23.55,14.125,9.425,18.23125,9.2,70.94016895,5.479166667,998.7859375
Valparaiso,2015/3/8,2015,10,48,0,0,12.2800425,39.67723861,13.58487264,28.7295094,16.74429717,23.55,13.05,10.5,18.228125,1.6,67.80715544,5.109375,997.546875
Valparaiso,2015/3/15,2015,11,67,0,0,20.99646167,62.46144181,17.08740944,32.08589613,20.62615469,23.8,13.55,10.25,18.359375,0.75,65.80671258,4.895833333,994.9098958
Valparaiso,2015/3/22,2015,12,46,0,0,16.29061792,58.97044,16.59801851,30.70448821,20.78082861,23.4,13.175,10.225,17.95625,2.55,67.01424191,4.770833333,998.3046875
Valparaiso,2015/3/29,2015,13,48,0,0,15.02021167,45.22761958,15.94596871,21.58323664,26.81396066,24.6,14.925,9.675,18.884375,5.25,70.14997037,5.286458333,999.4682292
Valparaiso,2015/4/5,2015,14,51,1,0.019607843,16.80824583,43.47298611,13.3323068,27.49513358,35.97144146,23.1,13.125,9.975,17.73125,7.35,66.84128674,4.136322464,999.2352355
Valparaiso,2015/4/12,2015,15,56,4,0.071428571,20.37066375,51.65846986,15.64737989,27.01161272,30.30223572,24.225,13.425,10.8,17.71875,23.1,68.46922116,4.541666667,996.9416667
Valparaiso,2015/4/19,2015,16,82,3,0.036585366,26.024965,56.70431431,14.523511,27.50581576,22.37704774,22.75,12.225,10.525,17.1375,6.05,65.04107678,4.588541667,999.4255208
Valparaiso,2015/4/26,2015,17,56,3,0.053571429,39.41386125,77.74387819,14.44188444,28.4784823,28.32556089,21.65,11.7,9.95,16.528125,7.2,66.10837064,4.052083333,999.384375
Valparaiso,2015/5/3,2015,18,74,5,0.067567568,48.00244625,88.42858764,15.97511562,29.05377964,26.59136351,21.525,11.775,9.75,16.059375,5.8,67.2993914,4.083333333,998.5828125
Valparaiso,2015/5/10,2015,19,74,8,0.108108108,50.6389375,72.44179167,13.81824278,23.50642818,29.02177753,22.7,10.6,12.1,15.728125,10.6,64.3313834,5.125,999.0291667
Valparaiso,2015/5/17,2015,20,76,5,0.065789474,43.49395292,73.58591806,18.33713791,21.34453975,33.6916492,22.7,11.425,11.275,15.784375,12.95,68.25908358,4.450520833,998.8791667
Valparaiso,2015/5/24,2015,21,74,18,0.243243243,42.10471125,62.02187153,13.05661359,21.35885204,28.30018526,20.575,11.125,9.45,15.309375,25.95,68.40001329,3.934895833,1001.625521
Valparaiso,2015/5/31,2015,22,94,22,0.234042553,66.82755,89.03109014,14.50809182,18.58493016,35.72827459,20.625,9.05,11.575,14.48125,9.7,68.31733619,4.265625,1001.519792
Valparaiso,2015/6/7,2015,23,83,18,0.21686747,45.28111833,61.54572222,16.82126318,15.89316845,41.81659772,20.675,11.9,8.775,15.925,8.1,67.31839007,5.010416667,999.99375
Valparaiso,2015/6/14,2015,24,95,30,0.315789474,42.11137458,59.877625,12.29030861,21.26593242,30.3995288,19.55,9.525,10.025,14.140625,14.75,62.82116176,4.869791667,1002.017708
Valparaiso,2015/6/21,2015,25,79,29,0.367088608,59.81589875,79.89960556,17.19526929,20.07844445,37.80557411,20.2,9.925,10.275,14.24375,23.95,55.05870117,5.041666667,999.1666667
Valparaiso,2015/6/28,2015,26,85,26,0.305882353,63.53350417,81.72747917,14.68182371,19.33552246,35.14402557,19.4,10.2,9.2,14.12890625,15.55,66.89896928,4.416666667,999.6703125
Valparaiso,2015/7/5,2015,27,109,58,0.532110092,56.8238875,85.42032639,15.21026308,18.98479686,36.36171072,19.3,9.425,9.875,13.678125,14,68.74202935,4.619791667,1000.259896
Valparaiso,2015/7/12,2015,28,94,51,0.542553191,43.89083292,62.01940486,11.98015598,18.37392109,37.96302548,19.525,11.175,8.35,14.740625,46.9,79.6404642,4.416666667,1001.624479
Valparaiso,2015/7/19,2015,29,105,47,0.447619048,47.54040125,59.57545764,13.81285207,21.96972257,28.72484028,18.9,10.575,8.325,13.85625,13.5,72.34809873,4.578125,1003.730729
Valparaiso,2015/7/26,2015,30,92,36,0.391304348,45.6784825,69.64784042,16.18669051,19.0794223,32.26083063,19.7,10,9.7,14.234375,4.35,70.88267987,4.257440476,1002.165909
Valparaiso,2015/8/2,2015,31,123,48,0.390243902,35.56100125,49.79389028,13.37139766,21.32266321,26.2492515,18.725,9.9,8.825,14.496875,28.5,75.61789257,4.757440476,1000.699763
Valparaiso,2015/8/9,2015,32,127,44,0.346456693,37.43874625,43.65786444,11.12669556,22.65921853,22.83760494,19.875,12.275,7.6,15.046875,57.8,81.13959751,5.980208333,997.3932292
Valparaiso,2015/8/16,2015,33,136,48,0.352941176,46.88273625,61.39161639,10.07869445,25.88942614,21.53481273,18.2,9.875,8.325,13.490625,7.2,74.97211593,4.078125,1003.125
Valparaiso,2015/8/23,2015,34,127,35,0.275590551,41.39148333,56.25112,10.44832411,25.91401817,22.98578545,20.025,10.55,9.475,14.43125,10.6,73.311905,4.458333333,1001.046875
Valparaiso,2015/8/30,2015,35,109,28,0.256880734,30.47781667,46.38647639,14.47864389,22.26586613,25.90200973,19.85,11.4,8.45,14.965625,11.75,70.07108104,4.942708333,999.5973958
Valparaiso,2015/9/6,2015,36,111,23,0.207207207,32.55075417,53.85879861,13.43913974,26.40896001,24.36758577,20.825,10.8,10.025,14.815625,8.125,65.80047123,3.354166667,999.7026042
Valparaiso,2015/9/13,2015,37,84,17,0.202380952,38.10031083,44.42895042,10.00810951,25.99906108,19.39722125,19.05,9,10.05,13.940625,13.825,70.87478224,5.067708333,1001.340625
Valparaiso,2015/9/20,2015,38,95,18,0.189473684,38.3128375,50.87262361,11.06616358,28.453516,20.32982417,18.475,9,9.475,13.875,10.4,70.05635697,5.007019928,999.2810462
Valparaiso,2015/9/27,2015,39,74,11,0.148648649,26.12225167,39.14571625,10.40622988,28.25905583,19.19833795,20.05,10.55,9.5,14.54375,11.45,72.53548042,5.283061594,1000.896671
Valparaiso,2015/10/4,2015,40,86,5,0.058139535,22.6225025,31.57874194,8.643188892,27.40858618,17.9438018,20.75,11.575,9.175,15.325,19.5,76.63307847,5.671875,999.1994792
Valparaiso,2015/10/11,2015,41,79,9,0.113924051,17.96757692,33.39308722,8.995692645,30.03425039,18.05764311,19.375,8.825,10.55,14.23125,13.1,65.25492822,5.625,1001.772396
Valparaiso,2015/10/18,2015,42,91,2,0.021978022,20.25878875,34.12270458,9.30634943,30.65945662,18.65773944,19.675,8.825,10.85,14.5125,18.25,70.05533882,5.895833333,1000.578125
Valparaiso,2015/10/25,2015,43,70,3,0.042857143,15.73626292,34.33539861,8.981620383,27.615574,18.2759459,20.05,10.9,9.15,15.190625,6.25,70.83147989,5.854166667,1000.054438
Valparaiso,2015/11/1,2015,44,78,1,0.012820513,17.75488792,36.85761389,11.10698606,30.22227774,16.13668645,20.175,12.125,8.05,15.634375,10.45,69.07386501,5.458333333,1000.973438
Valparaiso,2015/11/8,2015,45,76,1,0.013157895,16.28502375,37.52969319,11.81489143,32.35439077,14.62690749,20.325,12.375,7.95,15.984375,4.65,72.33953696,4.890625,1001.576563
Valparaiso,2015/11/15,2015,46,41,1,0.024390244,13.147955,27.997565,11.44101401,32.02035183,13.41620255,21.2,11.925,9.275,16.053125,4.4,68.97629697,5.463541667,999.3270833
Valparaiso,2015/11/22,2015,47,57,1,0.01754386,14.38676542,25.78993528,12.23909206,28.60427504,11.61095041,20.575,10.825,9.75,15.75625,9.75,65.08737612,5.703125,998.4760417
Valparaiso,2015/11/29,2015,48,47,1,0.021276596,12.28885625,27.12270236,13.79875031,26.24109799,11.58035966,20.95,11.75,9.2,16.35625,6.75,63.61595696,6.239583333,997.8822917
Valparaiso,2015/12/6,2015,49,46,0,0,13.76269917,37.54566889,14.50758511,30.23463799,12.7311838,21.775,12.95,8.825,17.115625,2.65,69.04838054,5.590806159,998.1500453
Valparaiso,2015/12/13,2015,50,54,0,0,13.65780708,34.669075,15.30515012,31.16962818,11.7317433,21.5,13.695,7.805,17.24947917,3.93,69.47938977,5.221014493,998.4516078
Valparaiso,2015/12/20,2015,51,35,1,0.028571429,13.598225,33.93600583,10.95868985,30.39452272,11.96250408,21.425,12.4,9.025,16.98802083,0.425,62.67763366,5.601222826,997.9949728
Valparaiso,2015/12/27,2015,52,32,2,0.0625,13.32775958,30.31744264,12.28511817,30.99085938,13.1401814,22.325,13.35,8.975,17.57421875,2.347916667,60.97442664,5.843976449,996.4912138
Valparaiso,2016/1/10,2016,1,48,1,0.020833333,11.95662455,40.49312444,12.77570671,25.01588392,12.12374862,24.05,14.875,9.175,19.14659091,3.6,69.84235417,5.760704875,997.9382082
Valparaiso,2016/1/17,2016,2,51,1,0.019607843,11.09320392,33.52849958,10.71245723,26.33129642,12.14900502,25.65,14.125,11.525,19.365625,3.75,63.59894245,6.039402174,998.6389719
Valparaiso,2016/1/24,2016,3,32,0,0,12.92178542,43.31433653,11.57610783,26.28550398,13.92032509,25.1,15.1,10,19.77734375,2.775,65.26919615,5.53125,998.1072917
Valparaiso,2016/1/31,2016,4,37,0,0,8.686905833,32.23507764,11.87532606,20.27147642,14.46742154,26.275,14.2,12.075,20.040625,2.65,67.98632755,6.315705128,998.4604968
Valparaiso,2016/2/7,2016,5,34,1,0.029411765,12.05307917,39.83506375,9.847195723,25.76991883,13.35961733,23.65,14.425,9.225,19.515625,5.925,69.60691117,5.692516722,998.1294053
Valparaiso,2016/2/14,2016,6,36,0,0,10.75403275,40.31765764,13.07421974,25.30819077,15.66439966,24.85,14.55,10.3,19.2625,3.8,64.9185405,5.262228261,997.7137002
Valparaiso,2016/2/21,2016,7,36,0,0,9.855055125,39.17394722,13.77910223,24.56327521,17.0524593,24.925,13.15,11.775,18.725,2.5,62.73467664,5.885416667,994.99375
Valparaiso,2016/2/28,2016,8,37,0,0,11.80386167,44.11142597,13.20549143,23.88509486,16.62030217,24.425,12.725,11.7,18.590625,3.525,65.67345679,5.727083333,996.704375
Valparaiso,2016/3/6,2016,9,50,0,0,14.8793105,51.79928389,11.69994452,26.84025531,18.25596835,24.075,14.65,9.425,18.325,3.325,68.09873464,4.8625,998.6632292
Valparaiso,2016/3/13,2016,10,48,1,0.020833333,15.61281375,48.92775333,11.80216523,24.85306958,17.90565938,24.525,14.525,10,18.39114583,4.6,70.74160088,4.8125,999.8359375
Valparaiso,2016/3/20,2016,11,49,0,0,17.14655167,55.52468333,13.79507665,27.62850755,21.14037115,22.95,13.825,9.125,17.815625,2.125,68.39914159,3.963541667,998.84375
Valparaiso,2016/3/27,2016,12,59,0,0,20.99318708,62.97959306,14.01136842,33.47766503,23.99553262,21.775,13.05,8.725,17.51875,5.125,70.18064938,4.432291667,998.6921875
Valparaiso,2016/4/3,2016,13,50,1,0.02,22.32424167,48.03853347,12.37933029,22.60001728,23.35799384,22.9375,13.05,9.8875,17.29192708,9.85,71.86339395,4.546875,1000.083333
Valparaiso,2016/4/10,2016,14,66,2,0.03030303,25.87894333,47.40105597,10.69352065,20.17145521,22.7035652,23.3625,11.55,11.8125,16.659375,4.7,69.10431442,4.796875,999.4276042
Valparaiso,2016/4/17,2016,15,45,1,0.022222222,29.78923208,37.95241194,10.02406808,18.9175046,22.16284921,23.3625,12.45,10.9125,17.378125,59.8,74.38241341,4.765625,998.8458333
Valparaiso,2016/4/24,2016,16,61,3,0.049180328,27.97027708,35.46344028,9.919084339,18.34739267,24.18110548,22.7125,12.125,10.5875,16.63125,30.725,76.54989977,4.296875,1000.05
Valparaiso,2016/5/1,2016,17,67,2,0.029850746,50.18676167,73.93579097,11.33079133,19.10613406,34.28112555,24.5875,11.125,13.4625,15.99375,2.2,67.93684432,4.989583333,999.2833333
Valparaiso,2016/5/8,2016,18,70,9,0.128571429,51.10411625,63.20849306,11.79394118,17.86195271,30.20291453,23.2375,11.3,11.9375,15.6390625,9.75,77.23400652,3.703125,1000.056771
Valparaiso,2016/5/15,2016,19,61,8,0.131147541,50.86277542,61.31429306,9.216206524,14.33736927,29.60458889,19.2875,11.05,8.2375,14.7125,36.625,78.11830807,4.270833333,1000.354167
Valparaiso,2016/5/22,2016,20,67,4,0.059701493,56.57548958,61.99622639,9.317555932,15.17748556,25.43973348,19.7375,11.575,8.1625,14.70625,39.725,79.39508654,4.817708333,1000.866667
Valparaiso,2016/5/29,2016,21,57,6,0.105263158,62.38045,77.38878472,13.30721395,14.7164857,32.6666441,19.7375,10.575,9.1625,14.10625,21.25,77.25774945,4.59375,1001.114583
Valparaiso,2016/6/5,2016,22,76,15,0.197368421,34.83110583,53.360825,9.130327195,16.23813095,26.42957958,18.8625,9.125,9.7375,13.16875,29.05,81.00959462,4.182291667,1001.064063
Valparaiso,2016/6/12,2016,23,100,18,0.18,46.62283167,77.18060278,11.03183743,15.77331205,33.73349093,19.225,8.45,10.775,12.58072917,4.15,70.60389347,4.864583333,1002.836979
Valparaiso,2016/6/19,2016,24,122,40,0.327868852,53.68157083,78.26713056,11.59403816,15.46557903,35.88347004,19.7,8.35,11.35,12.715625,1.9,76.47973953,4.796875,1001.995833
Valparaiso,2016/6/26,2016,25,121,36,0.297520661,62.79072083,81.39402361,11.67863633,17.4479605,35.57667038,17.025,8.525,8.5,12.4125,10.05,74.11627844,3.760416667,1002.536458
Valparaiso,2016/7/3,2016,26,111,36,0.324324324,54.06327792,82.88443333,12.13667969,16.51775165,34.62254961,17.025,8.875,8.15,12.35,21.925,77.04733015,4.229166667,1000.971875
Valparaiso,2016/7/10,2016,27,133,49,0.368421053,47.01248125,77.87689542,9.131422853,17.04777559,33.27723817,17.85,7.9,9.95,12.39375,25.85,76.41395866,4.728487319,1002.582292
Valparaiso,2016/7/17,2016,28,110,41,0.372727273,42.53479208,58.73918583,9.146818654,21.6247105,29.07795007,17.55,8.6,8.95,12.453125,52.925,76.89712479,4.370833333,1002.536979
Valparaiso,2016/7/24,2016,29,146,57,0.390410959,46.0685875,62.64338611,12.49518879,17.59532506,32.35251965,19.7,8.7,11,13.24375,31.15,77.22246353,4.60009058,1001.893773
Valparaiso,2016/7/31,2016,30,103,21,0.203883495,41.37480333,63.50548889,11.98347416,19.17173793,29.22572958,18.275,8.05,10.225,12.75625,23.875,75.76035474,4.538352273,1000.956723
Valparaiso,2016/8/7,2016,31,114,35,0.307017544,40.53830417,63.33598458,11.13075384,20.27316731,32.63788226,19.7,8.2,11.5,12.521875,2,69.92705548,4.710227273,1001.519744
Valparaiso,2016/8/14,2016,32,132,27,0.204545455,42.69981667,61.23585264,14.26072047,21.29038779,35.80414429,20.325,8.55,11.775,14.053125,5.2,73.74425748,4.197916667,1001.559896
Valparaiso,2016/8/21,2016,33,118,26,0.220338983,29.9929875,42.26149611,13.48187621,24.72973329,25.97517418,22.65,9.075,13.575,14.00273438,12.475,68.45305635,5.59375,1001.267708
Valparaiso,2016/8/28,2016,34,110,15,0.136363636,36.86404167,50.29203333,11.03437272,24.67002931,25.08712001,22.65,8.525,14.125,12.978125,8.45,68.23232707,4.671875,1000.572396
Valparaiso,2016/9/4,2016,35,109,19,0.174311927,33.55313333,56.71403056,12.46177997,28.15402822,23.20875706,19.65,7.925,11.725,12.203125,7.95,70.36882795,5.276041667,1003.998958
Valparaiso,2016/9/11,2016,36,79,12,0.151898734,35.90991833,64.03786806,14.53499024,29.4309806,27.33233277,21.7,7.275,14.425,13.4125,7.425,68.4080123,4.854166667,1002.134375
Valparaiso,2016/9/18,2016,37,63,9,0.142857143,32.05921458,43.60849444,10.55644699,37.9875951,21.97436013,21.6,9.7,11.9,13.81875,10.95,68.5769984,4.973958333,1002.068229
Valparaiso,2016/9/25,2016,38,73,5,0.068493151,26.78220833,44.77868375,15.09944901,43.31014766,22.19551814,21.6,8.45,13.15,13.215625,1.475,69.91882505,4.332532051,999.9140625
Valparaiso,2016/10/2,2016,39,61,1,0.016393443,22.00223917,40.18182778,12.94024092,31.52377182,18.8572269,20.175,9.75,10.425,13.6875,2.125,71.51429538,4.426282051,1001.219792
Valparaiso,2016/10/9,2016,40,62,2,0.032258065,20.64956292,38.36933833,8.972267804,30.1421715,19.37776782,21.675,9.75,11.925,15.146875,4.4,67.26376456,5.334692029,999.6244565
Valparaiso,2016/10/16,2016,41,56,3,0.053571429,15.20965583,33.19338167,8.938167335,26.07765749,17.8878947,21.225,10.6,10.625,15.43125,24.7,76.77092545,5.527400362,1000.23947
Valparaiso,2016/10/23,2016,42,38,3,0.078947368,15.81097167,29.45869819,7.219252845,31.73001282,16.67059882,20.625,9.6,11.025,14.53125,11.4,71.09922514,5.947916667,1001.275
Valparaiso,2016/10/30,2016,43,40,1,0.025,13.94961792,30.88952361,9.433813774,34.13786723,17.155364,22.9,11.3,11.6,16.0375,8.375,72.57738958,6.380952381,1000.449479
Valparaiso,2016/11/6,2016,44,36,0,0,12.7455725,27.06470111,10.50892008,31.09345768,16.34266615,26.475,9.8,16.675,16.640625,29.275,68.58546627,5.849702381,999.6348958
Valparaiso,2016/11/13,2016,45,29,0,0,14.04084,38.65692639,15.26727812,33.52980418,17.89615482,22,11.675,10.325,16.05625,4.425,69.31882776,5.265625,999.4145833
Valparaiso,2016/11/20,2016,46,28,1,0.035714286,13.38828542,38.29849208,11.33994561,32.60044725,16.82122878,27.35,9.975,17.375,16.775,11.8,68.1331987,5.546875,999.3333333
Valparaiso,2016/11/27,2016,47,56,1,0.017857143,10.74444625,30.4819525,7.809168049,30.27080403,13.6380114,22.275,11.125,11.15,16.80625,1.825,69.95849816,6.114583333,999.9268342
Valparaiso,2016/12/4,2016,48,36,0,0,12.94086625,35.02072194,8.570019484,35.91775468,15.29620551,23.575,13.325,10.25,17.3875,7.375,70.54450758,5.880208333,999.1002717
Valparaiso,2016/12/11,2016,49,34,0,0,10.07232708,25.57172389,9.741523308,28.2208367,14.13135126,24.75,12.875,11.875,18.196875,3.475,69.67871315,6.484375,999.6838542
Valparaiso,2016/12/18,2016,50,23,0,0,15.49082333,33.37342583,12.5813953,32.98889159,18.09767558,25.575,13.5,12.075,18.496875,12.6,68.97970135,5.598958333,998.5864583
Valparaiso,2016/12/25,2016,51,27,0,0,14.49879029,30.34924806,11.64716446,31.21940728,16.80825271,23.325,12.525,10.8,17.921875,10.775,66.69566663,5.864583333,998.2640625
Valparaiso,2016/12/31,2016,52,36,0,0,9.438439429,24.2372554,10.56405749,28.45881,14.29859033,23.95,13.225,10.725,18.18214286,15.2,73.45163589,6.172619048,998.5333333
Valparaiso,2017/1/8,2017,1,28,0,0,13.85421741,28.18177802,15.26007514,29.80975417,14.93150917,24.85,13.95,10.9,18.86111111,1.525,65.14361978,6.62037037,997.5282407
Valparaiso,2017/1/15,2017,2,49,0,0,11.91405342,28.71287167,14.94762686,27.32155357,16.61295582,25.35,13.675,11.675,19.19375,29.675,67.21362016,6.270833333,997.4
Valparaiso,2017/1/22,2017,3,24,0,0,15.01091458,49.6547875,15.7546599,34.82624032,19.549342,27,13.675,13.325,19.74375,12.75,68.62610852,6.213541667,997.7208333
Valparaiso,2017/1/29,2017,4,22,0,0,19.15322096,79.97454139,15.65707804,36.54516275,16.75487658,27.45,16.175,11.275,20.753125,13.175,70.87182346,5.907382246,997.71875
Valparaiso,2017/2/5,2017,5,35,0,0,17.43447292,47.07646528,15.64499359,34.68732432,15.58185102,25.75,14.5,11.25,19.553125,13.55,68.69027069,5.44384058,997.1375
Valparaiso,2017/2/12,2017,6,29,0,0,13.0104125,39.66989028,16.48560832,28.47642726,15.17470321,25.7,13.575,12.125,19.046875,1.925,66.74732143,5.916666667,997.121875
Valparaiso,2017/2/19,2017,7,35,1,0.028571429,13.48327583,31.53755181,17.19473746,23.35059983,14.64456935,26.475,14.1,12.375,19.390625,2.425,70.23303185,5.489583333,999.1833333
Valparaiso,2017/2/26,2017,8,24,0,0,11.84469125,32.74297431,14.08122334,23.17832343,14.94414352,26.475,15.325,11.15,20.48125,0.975,74.75755822,5.526041667,997.4369792
Valparaiso,2017/3/5,2017,9,23,0,0,12.63269917,30.53620819,11.20033905,21.04180381,14.41871718,26.1,14.9,11.2,20.35,5.275,70.03704376,5.692708333,997.1140625
Valparaiso,2017/3/12,2017,10,25,0,0,15.46465208,34.08893931,10.91125021,24.86405695,19.02403014,26.775,13.9,12.875,19.20625,2.425,59.09889456,5.572916667,996.6708333
Valparaiso,2017/3/19,2017,11,47,0,0,16.06602667,43.57218056,12.27159884,28.03847493,20.20538257,26.775,13.975,12.8,18.025,10.45,69.62538008,5.109375,998.828125
Valparaiso,2017/3/26,2017,12,65,0,0,16.87388667,38.74241528,11.61083947,26.70909011,19.66103643,24.025,14.2,9.825,17.921875,7.575,72.53685596,4.588541667,999.9588542
Valparaiso,2017/4/2,2017,13,61,0,0,24.73372333,35.30653194,12.10595157,19.53043881,18.35415502,24.025,12.9,11.125,17.525,4.4,67.19037826,5.265625,999.6682292
Valparaiso,2017/4/9,2017,14,51,0,0,30.71322083,33.26168347,11.28991403,21.27412222,18.70349987,25.075,12.675,12.4,17.203125,7.75,67.68758111,5.333333333,999.0130208
Valparaiso,2017/4/16,2017,15,37,0,0,29.7360825,38.68456597,12.02721629,24.05914618,20.27597016,23.75,12.75,11,16.88125,8.875,69.70466502,5.400588768,998.291327
Valparaiso,2017/4/23,2017,16,51,2,0.039215686,31.65889,33.72622708,10.67371603,22.50449556,40.4881905,23.775,13.575,10.2,17.653125,14.875,77.36316136,5.067708333,999.2838542
Valparaiso,2017/4/30,2017,17,60,2,0.033333333,35.4031125,41.29025597,11.98711014,21.66696584,60.81123159,25.325,11.55,13.775,16.575,7.225,63.7497958,5.125,999.2421875
Valparaiso,2017/5/7,2017,18,55,1,0.018181818,31.08795,41.49798472,8.212584732,24.34665083,22.70836605,22.775,11.55,11.225,15.6625,26.075,70.9637503,4.09375,1000.055729
Valparaiso,2017/5/14,2017,19,56,2,0.035714286,37.20833333,35.22453708,6.653813787,18.84127408,20.08435524,21,12.625,8.375,15.825,49.5,80.3154737,5.96875,999.6973958
Valparaiso,2017/5/21,2017,20,47,1,0.021276596,36.92708333,48.29537042,7.813319415,18.57734856,22.12265908,20.45,9.55,10.9,14.453125,18.775,71.99082281,4.510416667,1001.823958
Valparaiso,2017/5/28,2017,21,77,4,0.051948052,38.09895833,69.25405097,9.936297907,14.94244766,27.1243345,20.125,9.275,10.85,13.646875,17.275,73.16914951,4.320522774,1001.244119
Valparaiso,2017/6/4,2017,22,82,14,0.170731707,42.70833333,65.06250014,8.72941414,17.38200209,28.5119267,20.075,9.275,10.8,13.33125,11.425,70.26351031,4.170386905,1002.100074
Valparaiso,2017/6/11,2017,23,101,12,0.118811881,45.75,57.16666667,12.84111464,16.93288096,44.88565855,20.525,8.15,12.375,13.0625,17.85,69.15747861,4.369791667,1002.334896
Valparaiso,2017/6/18,2017,24,123,35,0.284552846,45.34722208,48.68576389,10.40955197,21.39453633,33.54399951,18.275,8.575,9.7,12.95625,49.325,71.28287965,4.026041667,1001.879688
Valparaiso,2017/6/25,2017,25,118,35,0.296610169,38.54166667,44.94039361,9.086443429,19.32845278,28.86321112,17,8.7,8.3,13.5875,81.75,73.74869958,4.152626812,999.6200181
Valparaiso,2017/7/2,2017,26,110,37,0.336363636,36.41666667,46.23611111,9.365661579,18.53484343,29.01692715,20.65,10.075,10.575,14.075,59.375,76.16692402,4.520833333,1000.980208
Valparaiso,2017/7/9,2017,27,115,41,0.356521739,46.29166667,59.68055556,9.439978183,18.74131894,32.08257982,18.825,9.85,8.975,13.153125,19.825,73.9259062,4.203125,1002.533854
Valparaiso,2017/7/16,2017,28,145,59,0.406896552,45.075,50.81493056,7.942655236,24.38833704,25.8195124,17.525,7.05,10.475,11.978125,27.6,70.81101666,4.015625,1003.622917
Valparaiso,2017/7/23,2017,29,115,50,0.434782609,43.55833333,64.31770833,9.993398208,21.3774937,30.84805796,22.175,6.45,15.725,12.34375,4.4,67.61411188,4.322916667,1002.772917
Valparaiso,2017/7/30,2017,30,91,33,0.362637363,43,57.79166667,11.42521314,20.56840819,31.59142329,17.125,6.225,10.9,11.303125,3,68.33533031,4.048958333,1001.403646
Valparaiso,2017/8/6,2017,31,100,34,0.34,52.25,71.07638889,11.27236948,23.59810767,30.06072601,17.725,6.925,10.8,11.90625,6.225,69.4105177,4.075,1003.069792
Valparaiso,2017/8/13,2017,32,86,19,0.220930233,27.625,37.65277778,8.497513072,24.50867047,24.87275038,19.15,7.25,11.9,12.346875,45.225,76.24962992,5.145833333,1003.676042
Valparaiso,2017/8/20,2017,33,100,30,0.3,34,43.41666681,9.728373111,23.04982654,25.37096912,19.425,8.625,10.8,13.096875,15.1,73.56081047,4.916666667,1003.308854
Valparaiso,2017/8/27,2017,34,90,21,0.233333333,32.5,39.97222222,8.602653318,26.75098824,22.95629494,19.425,8.1,11.325,12.184375,16.25,69.80166985,4.75,1001.844271
Valparaiso,2017/9/3,2017,35,92,15,0.163043478,33.66666667,39.76388889,9.341191565,30.11996978,21.62419922,18,7.3,10.7,11.721875,13.475,72.15314381,4.5625,1003.292188
Valparaiso,2017/9/10,2017,36,59,8,0.13559322,36.22569458,46.625,9.450033112,27.93005933,21.41531545,18.2,7.325,10.875,11.85234375,12.725,70.40985354,4.630208333,1003.128125
Valparaiso,2017/9/17,2017,37,47,5,0.106382979,35.90625,44.82118056,12.05026884,32.73604089,22.03657783,20.425,8.225,12.2,12.6375,9.6,71.21646859,5.3125,1003.646875
Valparaiso,2017/9/24,2017,38,46,2,0.043478261,26.17857125,35.11904764,11.5413775,35.6509083,17.83373882,20.725,8.85,11.875,13.384375,3.85,69.60363876,4.725996377,1001.600725
Valparaiso,2017/10/1,2017,39,64,0,0,23.33333333,42.41666667,12.95401216,30.11035982,20.50909136,20.8,10.7,10.1,14.228125,21.35,74.40353858,5.255208333,1000.234896
Valparaiso,2017/10/8,2017,40,50,5,0.1,16.375,24.97222222,10.3095657,30.44370651,17.06875216,19.975,9.5,10.475,13.83125,32.25,73.96581639,6,1001.807813
Valparaiso,2017/10/15,2017,41,46,2,0.043478261,15.45833333,28.34722222,11.34583391,33.63088522,16.23634773,18.925,8.275,10.65,13.41875,3.075,70.58102165,5.828125,1001.119271
Valparaiso,2017/10/22,2017,42,53,0,0,16.97916667,30.78645833,12.43330899,35.00626814,18.98221738,21.45,9.825,11.625,14.671875,8.15,67.74448605,5.65625,998.81875
Valparaiso,2017/10/29,2017,43,57,1,0.01754386,13.16666667,26.5,12.53972023,36.27069092,15.0466655,20.7,9.825,10.875,14.45625,10.6,69.18329661,5.71875,1000.381771
Valparaiso,2017/11/5,2017,44,55,1,0.018181818,13.5,21.63888889,12.1760784,26.94067742,17.07773603,21.125,9,12.125,14.84375,19.775,71.87652701,5.6875,1001.415104
Valparaiso,2017/11/12,2017,45,54,0,0,13.70833333,26.56944444,14.00968631,30.68110567,15.7735465,24.3,11.05,13.25,16.428125,8.1,75.37987263,6.03125,998.2078125
Valparaiso,2017/11/19,2017,46,55,0,0,12.33333333,28.7007275,12.65156687,31.75842057,15.67314335,21,10.825,10.175,15.396875,14.9,68.24845736,5.338541667,999.2395833
Valparaiso,2017/11/26,2017,47,36,1,0.027777778,10.58184521,34.31944444,14.73845562,35.26974324,17.4966473,22,11.5,10.5,15.6125,2.9,67.90910805,5.572916667,999.7958333
Valparaiso,2017/12/3,2017,48,55,1,0.018181818,11.49305542,31.20634917,11.88614621,33.27731347,16.02947686,20.075,11.65,8.425,15.45625,2.075,71.69368275,5.395833333,999.1677083
Valparaiso,2017/12/10,2017,49,38,0,0,12.45833333,30.31423611,11.99158099,36.07080208,15.89292646,21.9,11.45,10.45,15.896875,3.175,72.16981231,5.776041667,999.1630208
Valparaiso,2017/12/17,2017,50,51,0,0,10.10833333,27.92881944,11.07748572,31.88518367,15.46545483,24.6,12.675,11.925,17.6375,2.125,70.54246463,5.453125,999.0213542
Valparaiso,2017/12/24,2017,51,43,2,0.046511628,11.890625,28.91319444,14.44886287,32.39521128,17.66052497,23.425,11.85,11.575,17.25,1.55,65.18655539,5.65625,997.8645833
Valparaiso,2017/12/31,2017,52,34,0,0,9.375,22.24652778,15.65933523,27.92812436,14.43227462,24.925,11.85,13.075,18.14375,3.275,71.39984939,5.427083333,999.1677083
Valparaiso,2018/1/7,2018,1,42,2,0.047619048,11.16666667,22.14260903,14.26976297,28.59809385,14.26040118,25.55,12.975,12.575,18.646875,1.725,69.08220378,5.630208333,999.7385417
Valparaiso,2018/1/14,2018,2,53,1,0.018867925,10.48958333,32.31944444,11.44663105,29.07191315,14.24396158,23.05,15.1,7.95,18.325,5.675,74.46944783,4.979166667,999.0729167
Valparaiso,2018/1/21,2018,3,28,0,0,9.4375,32.55208333,10.2094247,30.0763442,14.41975138,24.6,14.15,10.45,18.384375,4.55,73.16924103,5.5,998.9192708
Valparaiso,2018/1/28,2018,4,38,1,0.026315789,11.33333333,34.44270833,12.36278368,29.11751692,14.56952367,24.975,13.15,11.825,18.71875,3.275,67.0672747,5.291666667,995.8921875
Valparaiso,2018/2/4,2018,5,28,1,0.035714286,12.04166667,40.33333333,13.99796679,29.56186913,15.75774175,24.975,14.225,10.75,18.584375,5.475,70.2026197,5.322916667,995.6848958
Valparaiso,2018/2/11,2018,6,37,0,0,10.79166667,31.5,12.67039059,26.88256873,15.03892591,26.45,13.65,12.8,19.003125,3.9,68.37188134,5.713541667,997.8432292
Valparaiso,2018/2/18,2018,7,26,1,0.038461538,12.66666667,37.375,15.31659578,28.81390312,17.48264814,25.1,13.65,11.45,18.659375,6.675,71.82817331,5.526041667,998.3651042
Valparaiso,2018/2/25,2018,8,13,0,0,10.22222221,25.77604167,15.15553779,23.55613489,15.92265447,25.1,14.3,10.8,19.18125,5.825,74.74610261,4.969791667,999.0635417
Valparaiso,2018/3/4,2018,9,18,0,0,11.875,30.95833333,13.99796197,23.9313597,17.7125634,25.325,13.5,11.825,18.61875,5.525,73.12613029,4.56875,999.6255208
Valparaiso,2018/3/11,2018,10,30,0,0,12.35416667,36.79166667,12.12710848,25.84084913,21.21392711,25.775,13.5,12.275,18.61875,8.875,68.7266302,4.875,997.3963542
Valparaiso,2018/3/18,2018,11,57,0,0,13.2152775,30.87222222,9.494240589,26.1340884,20.32387117,25.775,11.65,14.125,17.66875,17.325,62.31167273,5.510416667,997.4052083
Valparaiso,2018/3/25,2018,12,72,1,0.013888889,16.10714292,27.01388889,10.68349695,25.90931577,23.69322982,25.175,12.05,13.125,17.50625,3.075,64.14324068,5.307291667,998.2119792
Valparaiso,2018/4/1,2018,13,49,2,0.040816327,17.875,36.01388889,11.96096679,29.21025432,24.37322875,24.875,12.95,11.925,17.478125,2.55,67.82242651,4.65625,997.7984375
Valparaiso,2018/4/8,2018,14,43,2,0.046511628,22.04166667,40.60763889,11.39569552,25.89733365,24.68919526,21.15,12.8,8.35,16.2375,14.25,74.27523015,4.645833333,999.6796875
Valparaiso,2018/4/15,2018,15,64,3,0.046875,27.5,38.59375,10.91236961,21.71101722,29.81403764,22,11.225,10.775,15.959375,10.45,67.96473599,3.989583333,1000.694792
Valparaiso,2018/4/22,2018,16,47,1,0.021276596,32.25,48.98263889,13.43544388,25.58586905,38.14125834,22.3,11.125,11.175,15.775,9.225,69.38020371,3.765625,999.6114583
Valparaiso,2018/4/29,2018,17,52,4,0.076923077,30.54166667,53.65740736,12.98198177,23.39844301,40.4896831,22.3,10.1,12.2,15.03125,17.625,68.44406533,4.180932971,999.7912817
Valparaiso,2018/5/6,2018,18,59,4,0.06779661,33.95833333,49.43344903,11.97367597,25.6460063,37.51086764,22.725,10,12.725,15.45,17.1,73.91975237,4.25317029,1000.335983
Valparaiso,2018/5/13,2018,19,66,6,0.090909091,33.41666667,50.65277778,13.38319801,20.48891802,35.05595082,22.9,10.025,12.875,15.1125,18.525,76.21707794,5.151041667,1000.564583
Valparaiso,2018/5/20,2018,20,67,4,0.059701493,41.015625,55.30555556,14.26769789,20.29471532,37.15492391,22.35,11.225,11.125,15.35,30.275,65.75255333,5.421875,999.2524909
Valparaiso,2018/5/27,2018,21,72,12,0.166666667,59.45833333,79.45486111,17.58965671,22.21680251,39.4135805,21.75,8.35,13.4,13.640625,23.15,65.8418796,4.880208333,999.7552083
Valparaiso,2018/6/3,2018,22,92,25,0.27173913,50.11458333,68.28571431,11.15972994,22.4418649,33.27754829,19.75,7.325,12.425,12.996875,77.55,72.32588124,4.979166667,1000.060938
Valparaiso,2018/6/10,2018,23,82,17,0.207317073,60.625,68.01793986,11.53802626,22.12600172,42.75524074,21.125,8.525,12.6,13.671875,45.075,66.39802502,5.385416667,999.6203125
Valparaiso,2018/6/17,2018,24,75,17,0.226666667,42.31944417,64.95833333,10.77190872,20.70135234,35.20259181,20.5,7.225,13.275,12.65,30.325,73.03510358,5.697916667,1002.480729
Valparaiso,2018/6/24,2018,25,56,15,0.267857143,47.5902775,62.08333333,14.0032924,17.53202404,34.20448947,18.425,8.825,9.6,12.578125,6.85,74.0163143,3.817708333,1000.835417
Valparaiso,2018/7/1,2018,26,98,28,0.285714286,35.625,55.69270833,10.23717504,18.37310451,29.49382335,20.175,9.225,10.95,13.059375,15.8,78.62526607,4.851222826,999.7596485
Valparaiso,2018/7/8,2018,27,74,20,0.27027027,32.70833333,34.93055556,7.714636591,23.14028851,21.87942082,18,9.5,8.5,13.659375,44.525,79.44317914,5.692708333,998.4393939
Valparaiso,2018/7/15,2018,28,97,33,0.340206186,40.69166667,62.44444444,9.401976569,20.51291006,29.86842672,20.9,9.5,11.4,13.2125,4.025,74.01101665,4.09375,999.66875
Valparaiso,2018/7/22,2018,29,78,21,0.269230769,50.19166667,62.58333333,7.598703077,21.71657248,25.83243608,17.4,6.35,11.05,11.128125,13.05,69.62487289,4.96875,1001.364583
Valparaiso,2018/7/29,2018,30,86,26,0.302325581,47.91666667,80.390625,8.790466297,22.34810099,29.52372806,16.55,6.275,10.275,10.85625,14.5,71.94731119,5.239583333,1001.967708
Valparaiso,2018/8/5,2018,31,72,14,0.194444444,59.04166667,74.19652778,9.872964254,22.0047781,29.58773394,18.2,5.675,12.525,11.2,2.125,68.99667451,5.307291667,1001.414063
Valparaiso,2018/8/12,2018,32,77,16,0.207792208,43.66666667,69.06349208,12.2677796,24.33573608,29.0956355,21.275,7.825,13.45,12.8125,12.4,71.5778497,5.119791667,999.3677083
Valparaiso,2018/8/19,2018,33,104,26,0.25,36.375,51.22222222,11.85093072,27.53583228,24.79136858,19.75,7.825,11.925,12.59375,23.925,70.36275657,5.098958333,1001.307292
Valparaiso,2018/8/26,2018,34,94,18,0.191489362,39.66666667,46.64409722,9.893309164,29.04995852,22.467296,19.575,7.15,12.425,12.015625,12.675,69.31963501,5.640625,1000.45
Valparaiso,2018/9/2,2018,35,95,20,0.210526316,27.79166667,43.68055556,9.11407752,29.37683962,19.215249,19.725,8.55,11.175,12.8,15.725,75.63172695,4.71875,1000.400521
Valparaiso,2018/9/9,2018,36,71,10,0.14084507,33.29166667,43.25,10.71443539,31.55458057,20.82420322,23.45,7.3,16.15,13.153125,4.5,64.58792217,4.697916667,999.2864583
Valparaiso,2018/9/16,2018,37,64,10,0.15625,30.91666667,41.26587292,11.62022533,33.24663755,21.42925058,20.025,8.05,11.975,12.55,14.85,71.95917089,4.854166667,1000.542188
Valparaiso,2018/9/23,2018,38,45,5,0.111111111,16.6,21.86111111,11.36775456,32.88192783,16.69327816,21.625,9.05,12.575,14.309375,24.55,72.88404106,6.354166667,999.4890625
Valparaiso,2018/9/30,2018,39,50,7,0.14,20.93125,26.20370375,9.676833739,29.19738531,18.61998031,20.425,11.1,9.325,14.021875,34.175,74.16784896,6.335824275,998.0215127
Valparaiso,2018/10/7,2018,40,61,8,0.131147541,24.14583333,28.60276121,10.09689264,36.24951751,19.36219219,21.475,8.05,13.425,13.340625,3.2,66.96486955,6.230163043,998.544067
Valparaiso,2018/10/14,2018,41,53,1,0.018867925,19.25,26.11342593,7.471148725,35.14073046,16.9880891,18.275,9.175,9.1,13.234375,4.425,72.17133707,6.135643116,1001.413836
Valparaiso,2018/10/21,2018,42,48,2,0.041666667,14.125,20.61415339,6.793476948,34.5085608,14.78559245,20.425,8.325,12.1,13.765625,6.1,70.60849809,6.555932971,999.9916667
Valparaiso,2018/10/28,2018,43,44,0,0,13.484375,25.17847222,9.522436591,35.23533632,16.46026415,21.475,10.35,11.125,15.434375,7.975,70.31854421,6.65013587,998.6047101
Valparaiso,2018/11/4,2018,44,53,0,0,11.375,17.38703694,8.45212251,31.87128962,14.50021747,21.25,10.575,10.675,15.496875,13.325,74.94570717,6.114583333,998.7463542
Valparaiso,2018/11/11,2018,45,44,0,0,11.91666667,25.74652778,10.00050821,33.13281194,13.87883649,23.125,10.75,12.375,16.415625,7.425,66.34444799,5.848958333,997.384375
Valparaiso,2018/11/18,2018,46,30,2,0.066666667,9.916666667,19.35912708,9.486213347,29.58240356,13.80434589,23.575,11.925,11.65,16.846875,6.5,68.17304976,6.932291667,998.2729167
Valparaiso,2018/11/25,2018,47,52,0,0,10.10119042,25.90128972,13.18340879,33.78041117,13.64615963,23.575,11.875,11.7,17.375,6.35,63.26152904,6.113451087,997.341644
Valparaiso,2018/12/2,2018,48,39,0,0,10.08333333,34.328125,11.86640494,36.29692203,14.08015279,22.6,11.7,10.9,16.659375,4.35,69.41247551,5.41553442,998.9186368
Valparaiso,2018/12/9,2018,49,41,1,0.024390244,9.491666667,33.31944444,9.894273238,36.12114362,13.71185677,23.425,13.15,10.275,17.459375,11,71.26372262,6.328125,999.3640625
Valparaiso,2018/12/16,2018,50,41,0,0,8.085416667,23.65277778,9.87306248,32.05737343,13.21663862,24.125,12.55,11.575,17.83125,2.4,62.68357508,6.973958333,998.2593297
Valparaiso,2018/12/23,2018,51,34,0,0,9.427083333,32.26388889,11.95455652,33.77868339,14.53349382,23.275,13.075,10.2,17.2375,5.15,69.2380827,5.442708333,998.0942708
Valparaiso,2018/12/30,2018,52,26,1,0.038461538,8.958333333,28.47222222,11.42967839,32.28427124,13.69125597,22.95,12.4,10.55,17.609375,11.125,67.22165713,4.636458333,995.9354167
Valparaiso,2019/1/6,2019,1,27,2,0.074074074,11.05357167,32.30555556,11.37738489,33.80597255,13.2246464,24.3,12.4,11.9,17.9375,3.7,62.51886899,7.041802536,994.5599638
Valparaiso,2019/1/13,2019,2,24,2,0.083333333,7.214285833,24.09722222,8.614333153,24.78403236,11.16169867,22.725,12.225,10.5,17.53125,7.35,70.29401691,6.453125,999.31875
Valparaiso,2019/1/20,2019,3,32,1,0.03125,8.875,32.41666667,11.19555488,28.94934892,13.78873836,24.375,13.85,10.525,18.109375,3.775,68.81005859,6.666666667,998.0953125
Valparaiso,2019/1/27,2019,4,32,1,0.03125,12.20833333,38.54166667,11.72196343,33.58028626,15.29665505,23.4,13.425,9.975,18.115625,0.275,67.57915058,5.989583333,995.9125
Valparaiso,2019/2/3,2019,5,26,0,0,12.16666667,41.26388889,11.84749736,32.80871954,14.15573359,22.45,13.5,8.95,18.153125,1.275,72.43918981,6.203125,996.4765625
Valparaiso,2019/2/10,2019,6,33,0,0,13.08333333,44.40798611,10.31684847,33.76969417,15.70802255,23.375,15.1,8.275,18.6,5,73.15311294,6.179347826,995.1269928
Valparaiso,2019/2/17,2019,7,27,0,0,11.29166667,45.23842597,7.835530479,31.37507779,14.48327687,24.825,14.2,10.625,18.65,13.5,72.60785855,6.057291667,996.5932292
Valparaiso,2019/2/24,2019,8,14,0,0,10.625,28.19907403,7.812425233,29.80981622,12.56854611,25.175,14.35,10.825,18.84375,4.225,73.88998241,5.895833333,997.0911458
Valparaiso,2019/3/3,2019,9,12,0,0,11.33333333,35.59722222,11.57817274,31.60149021,15.53425659,23.225,12.925,10.3,17.525,2.45,69.88951616,5.604166667,997.3270833
Valparaiso,2019/3/10,2019,10,22,0,0,9.791666667,31.95659722,11.65638935,27.67955628,14.45735727,26.175,12.5,13.675,17.95625,2.825,66.50497899,5.734375,996.7723958
Valparaiso,2019/3/17,2019,11,36,0,0,11.91666667,36.49206347,10.43214963,28.23582789,15.29438258,24.5,13.825,10.675,17.75,3.65,70.99134352,4.9375,996.7072917
Valparaiso,2019/3/24,2019,12,40,1,0.025,14.95833333,43.91666667,13.00134517,30.08038495,19.23160581,24.9,11.05,13.85,17.33867188,10.4,63.84648872,5.578125,997.7041667
Valparaiso,2019/3/31,2019,13,41,0,0,17.71111125,50.72222222,10.79587897,29.6490845,31.79875101,23.3,12.725,10.575,16.52617188,3.275,73.74441909,4.584918478,998.2816803
Valparaiso,2019/4/7,2019,14,40,0,0,24.04166667,44.43452375,10.26070024,29.31130475,34.41191444,25.025,12.55,12.475,17.321875,4.175,71.6785169,5.395833333,998.9682292
Valparaiso,2019/4/14,2019,15,59,2,0.033898305,29.078125,46.35515861,9.58216661,26.51975229,32.53185496,23.425,12.375,11.05,16.34375,4.9,69.68825844,4.666666667,998.7505208
Valparaiso,2019/4/21,2019,16,35,0,0,29.75,50.00595236,12.08313536,26.12243304,25.98093901,23.875,10.625,13.25,15.70859375,23.325,69.5891165,5.182291667,998.0064312
Valparaiso,2019/4/28,2019,17,45,1,0.022222222,31.70833333,53.01984125,11.00087663,23.58136829,24.62449602,22.05,10.625,11.425,15.14804688,7.5,74.11104251,5.661458333,999.1182292
Valparaiso,2019/5/5,2019,18,52,2,0.038461538,25.66666667,51.66666667,14.15184629,22.28294618,24.65032288,24.775,12.025,12.75,16.690625,17.65,67.654149,5.203125,997.1817708
Valparaiso,2019/5/12,2019,19,57,3,0.052631579,29.33333333,44.60370361,17.61015398,19.81062871,25.370617,21.85,9.375,12.475,14.54335938,7.375,71.61614459,5.265625,999.509375
Valparaiso,2019/5/19,2019,20,54,6,0.111111111,42.54166667,56.86458333,17.5060078,23.5261046,31.19480404,21.85,10.2,11.65,14.253125,11,70.69552038,5.244791667,999.7119792
Valparaiso,2019/5/26,2019,21,77,6,0.077922078,32.03645833,69.61111111,35.35613677,20.31404625,23.74824129,20.225,8.475,11.75,13.365625,19.25,69.73517628,5.806770833,1000.147396
Valparaiso,2019/6/2,2019,22,82,4,0.048780488,27.16666667,49.58333333,18.51115196,19.0535859,23.6344071,21.3,10.65,10.65,14.48203125,22.9,76.17725895,5.322848732,1000.91053
Valparaiso,2019/6/9,2019,23,85,8,0.094117647,26.515625,52.68055556,10.23480263,16.04673716,25.95085296,21.3,8.7,12.6,14.17265625,10.325,68.52914686,5.815340909,1000.105114
Valparaiso,2019/6/16,2019,24,107,11,0.102803738,38.16666667,48.02777778,6.834708043,20.59763367,23.74939539,18.475,8.7,9.775,12.478125,73.6,77.26298357,5.364583333,1001.357292
Valparaiso,2019/6/23,2019,25,113,21,0.185840708,42.70833333,66.23611111,8.314937934,18.50969517,28.1069425,20.175,7.9,12.275,12.5921875,6.1,66.8883805,6.0625,1000.051042
Valparaiso,2019/6/30,2019,26,129,21,0.162790698,28.75,50.95659722,7.586789458,20.23422874,32.75843542,18.7125,6.725,11.9875,11.9484375,38.075,72.7012648,5.34375,999.7802083
Valparaiso,2019/7/7,2019,27,106,33,0.311320755,42.83333333,59.52083333,9.117023948,15.79949651,86.8163781,17.725,8.05,9.675,12.45703125,8.5,70.23092721,5.369791667,999.5307292
Valparaiso,2019/7/14,2019,28,105,38,0.361904762,40.58333333,68.52777778,10.46785331,18.26147654,93.216666,18.4,7.4,11,12.209375,4.375,74.07194706,5.020833333,1001.232813
Valparaiso,2019/7/21,2019,29,118,32,0.271186441,40.54166667,58.56076389,9.297165847,20.16706806,91.00087452,19.1375,8.475,10.6625,12.39856771,7.7,69.98988452,5.458333333,999.8375
Valparaiso,2019/7/28,2019,30,126,40,0.317460317,50.83333333,64.47222222,7.177749708,20.45997242,31.11902084,16.425,7.425,9,11.659375,12.15,73.06544149,5.895833333,1003.139063
Valparaiso,2019/8/4,2019,31,101,41,0.405940594,32.25,47.609375,9.553548633,21.44181651,23.82462571,19.125,8.325,10.8,12.64270833,7.925,67.47872415,5.880208333,1000.432292
Valparaiso,2019/8/11,2019,32,129,44,0.341085271,36.58333333,58.56944444,7.438858253,26.8814882,22.26785509,18.075,6.8,11.275,11.325,4.75,66.18634543,5.682291667,1002.564583
Valparaiso,2019/8/18,2019,33,106,37,0.349056604,41.70833333,52.90046292,7.566271624,25.51536657,21.95524921,22.5,7.25,15.25,12.346875,3.225,67.84550137,5.697916667,1000.70625
Valparaiso,2019/8/25,2019,34,125,36,0.288,39.125,57.53587958,8.177508478,20.69791538,26.59137392,23.15,9.225,13.925,13.859375,17.425,72.5003984,6.5625,1000.025521
Valparaiso,2019/9/1,2019,35,93,20,0.215053763,33.83333333,44.66666667,7.668693736,23.97196353,21.62682908,23.8,7.825,15.975,13.796875,27.325,68.13857028,6.151041667,999.0265625
Valparaiso,2019/9/8,2019,36,82,17,0.207317073,27.890625,44.22222222,8.22878797,28.99927722,18.2034525,17.825,6.425,11.4,12.378125,7.85,66.73658126,5.536458333,999.8260417
Valparaiso,2019/9/15,2019,37,88,12,0.136363636,21.66666667,31.28819444,6.773774855,31.06554728,14.56267988,20.9,8.5,12.4,12.703125,12.225,70.64389764,6.213541667,1001.764063
Valparaiso,2019/9/22,2019,38,43,2,0.046511628,26.58333333,28.08333333,8.13448358,32.14370039,12.37830139,20.925,7.6,13.325,12.596875,2.85,65.79999836,6.520833333,1001.600521
Valparaiso,2019/9/29,2019,39,72,12,0.166666667,16.79166667,33.15873028,10.05039648,34.93012495,16.09707234,19.6,8.625,10.975,13.00442708,5.075,72.14779541,5.53125,1000.719792
Valparaiso,2019/10/6,2019,40,68,6,0.088235294,16.625,25.41666667,8.757578006,32.38833378,12.67974158,20.125,7.7,12.425,13.05,26.575,68.30483119,6.901041667,1002.167188
Valparaiso,2019/10/13,2019,41,82,1,0.012195122,18.15277792,39.81944444,10.2607517,31.92785855,18.24567692,24.825,9.3,15.525,14.675,0.625,63.45525479,6.208333333,997.1713542
Valparaiso,2019/10/20,2019,42,66,1,0.015151515,16.03125,31.50868056,7.19274484,33.10029503,12.15630027,19.375,9.5,9.875,13.7375,6.85,67.38041852,6.4375,1000.778125
Valparaiso,2019/10/27,2019,43,33,2,0.060606061,16.16666667,27.68923611,8.33166489,37.89051367,10.43353239,21.55,9.975,11.575,14.234375,3.575,64.60171582,6.796875,999.9442708
Valparaiso,2019/11/3,2019,44,37,3,0.081081081,12.95833333,22.68402778,8.683842408,33.89261627,10.77628497,21.35,8.9,12.45,14.44375,3.025,63.46224377,7.145833333,998.56875
Valparaiso,2019/11/10,2019,45,32,1,0.03125,16.33333333,33,9.99677495,37.58068336,13.41483438,22.4,9.925,12.475,15.31132813,4.3,66.55647481,6.495833333,996.81875
Valparaiso,2019/11/17,2019,46,25,0,0,12.9940475,30.25,11.49119745,35.55581539,11.65647973,25.825,11.65,14.175,16.596875,1.9,70.42591935,6.151041667,998.3411458
Valparaiso,2019/11/24,2019,47,30,0,0,12.49107125,31.44444444,8.438296749,34.17565341,12.08297864,25,11.075,13.925,16.0609375,2.65,64.21085597,6.578125,998.0130208
Valparaiso,2019/12/1,2019,48,29,0,0,11.04166667,25.00868056,8.363696376,33.19338033,11.2234958,24.1,11.175,12.925,15.903125,4.475,60.25300099,7.739583333,997.4015625
Valparaiso,2019/12/8,2019,49,43,0,0,11.30952383,35.44444444,11.1965672,35.31356692,12.04613529,22.1,12.225,9.875,15.7875,9.7,71.19785643,6.338541667,999.190625
Valparaiso,2019/12/15,2019,50,24,0,0,9.458333333,30.04761917,10.42747313,31.24017611,12.26227402,25.875,12.475,13.4,16.578125,5.85,68.06047976,6.739583333,998.7130208
Valparaiso,2019/12/22,2019,51,42,0,0,10.83333333,30.38888889,11.44889061,30.59160789,12.94841001,25.55,12.5,13.05,17.65,1.3,64.49139273,7.463541667,996.4307292
Valparaiso,2019/12/29,2019,52,24,0,0,10.27291667,27.44444444,10.95602356,32.42889388,11.79630711,25.35,12.9,12.45,17.61875,4.675,64.3347766,6.984375,995.4317708